/*
Navicat MySQL Data Transfer

Source Server         : 172.30.20.100-53306
Source Server Version : 50714
Source Host           : 172.30.20.100:53306
Source Database       : ronde_activiti

Target Server Type    : MYSQL
Target Server Version : 50714
File Encoding         : 65001

Date: 2020-08-20 17:32:31
*/

SET FOREIGN_KEY_CHECKS=0;

-- ----------------------------
-- Table structure for act_evt_log
-- ----------------------------
DROP TABLE IF EXISTS `act_evt_log`;
CREATE TABLE `act_evt_log` (
  `LOG_NR_` bigint(20) NOT NULL AUTO_INCREMENT,
  `TYPE_` varchar(64) COLLATE utf8_bin DEFAULT NULL,
  `PROC_DEF_ID_` varchar(64) COLLATE utf8_bin DEFAULT NULL,
  `PROC_INST_ID_` varchar(64) COLLATE utf8_bin DEFAULT NULL,
  `EXECUTION_ID_` varchar(64) COLLATE utf8_bin DEFAULT NULL,
  `TASK_ID_` varchar(64) COLLATE utf8_bin DEFAULT NULL,
  `TIME_STAMP_` timestamp(3) NOT NULL,
  `USER_ID_` varchar(255) COLLATE utf8_bin DEFAULT NULL,
  `DATA_` longblob,
  `LOCK_OWNER_` varchar(255) COLLATE utf8_bin DEFAULT NULL,
  `LOCK_TIME_` timestamp(3) NULL DEFAULT NULL,
  `IS_PROCESSED_` tinyint(4) DEFAULT '0',
  PRIMARY KEY (`LOG_NR_`)
) ENGINE=InnoDB DEFAULT CHARSET=utf8 COLLATE=utf8_bin;

-- ----------------------------
-- Records of act_evt_log
-- ----------------------------

-- ----------------------------
-- Table structure for act_ge_bytearray
-- ----------------------------
DROP TABLE IF EXISTS `act_ge_bytearray`;
CREATE TABLE `act_ge_bytearray` (
  `ID_` varchar(64) COLLATE utf8_bin NOT NULL,
  `REV_` int(11) DEFAULT NULL,
  `NAME_` varchar(255) COLLATE utf8_bin DEFAULT NULL,
  `DEPLOYMENT_ID_` varchar(64) COLLATE utf8_bin DEFAULT NULL,
  `BYTES_` longblob,
  `GENERATED_` tinyint(4) DEFAULT NULL,
  PRIMARY KEY (`ID_`),
  KEY `ACT_FK_BYTEARR_DEPL` (`DEPLOYMENT_ID_`),
  CONSTRAINT `ACT_FK_BYTEARR_DEPL` FOREIGN KEY (`DEPLOYMENT_ID_`) REFERENCES `act_re_deployment` (`ID_`)
) ENGINE=InnoDB DEFAULT CHARSET=utf8 COLLATE=utf8_bin;

-- ----------------------------
-- Records of act_ge_bytearray
-- ----------------------------
INSERT INTO `act_ge_bytearray` VALUES ('2', '1', 'D:/ronde/uploadPath/processDefiniton/2020/08/19/a499453db2d06a63f3a1128967ab1725.bpmn', '1', 0x3C3F786D6C2076657273696F6E3D22312E302220656E636F64696E673D225554462D38223F3E0D0A3C646566696E6974696F6E7320786D6C6E733D22687474703A2F2F7777772E6F6D672E6F72672F737065632F42504D4E2F32303130303532342F4D4F44454C2220786D6C6E733A7873693D22687474703A2F2F7777772E77332E6F72672F323030312F584D4C536368656D612D696E7374616E63652220786D6C6E733A7873643D22687474703A2F2F7777772E77332E6F72672F323030312F584D4C536368656D612220786D6C6E733A61637469766974693D22687474703A2F2F61637469766974692E6F72672F62706D6E2220786D6C6E733A62706D6E64693D22687474703A2F2F7777772E6F6D672E6F72672F737065632F42504D4E2F32303130303532342F44492220786D6C6E733A6F6D6764633D22687474703A2F2F7777772E6F6D672E6F72672F737065632F44442F32303130303532342F44432220786D6C6E733A6F6D6764693D22687474703A2F2F7777772E6F6D672E6F72672F737065632F44442F32303130303532342F44492220747970654C616E67756167653D22687474703A2F2F7777772E77332E6F72672F323030312F584D4C536368656D61222065787072657373696F6E4C616E67756167653D22687474703A2F2F7777772E77332E6F72672F313939392F585061746822207461726765744E616D6573706163653D22687474703A2F2F7777772E6B6166656974752E6D652F61637469766974692F6C65617665223E0D0A20203C70726F636573732069643D226C6561766522206E616D653D22E8AFB7E58187E6B581E7A88B2DE699AEE9809AE8A1A8E58D952220697345786563757461626C653D2274727565223E0D0A202020203C646F63756D656E746174696F6E3EE8AFB7E58187E6B581E7A88BE6BC94E7A4BA3C2F646F63756D656E746174696F6E3E0D0A202020203C73746172744576656E742069643D2273746172746576656E743122206E616D653D225374617274222061637469766974693A696E69746961746F723D226170706C79557365724964223E3C2F73746172744576656E743E0D0A202020203C757365725461736B2069643D22646570744C656164657256657269667922206E616D653D22E983A8E997A8E9A286E5AFBCE5AEA1E689B9222061637469766974693A63616E64696461746547726F7570733D22646570744C6561646572223E3C2F757365725461736B3E0D0A202020203C6578636C7573697665476174657761792069643D226578636C7573697665676174657761793522206E616D653D224578636C75736976652047617465776179223E3C2F6578636C7573697665476174657761793E0D0A202020203C757365725461736B2069643D226D6F646966794170706C7922206E616D653D22E8B083E695B4E794B3E8AFB7222061637469766974693A61737369676E65653D22247B6170706C795573657249647D223E3C2F757365725461736B3E0D0A202020203C757365725461736B2069643D22687256657269667922206E616D653D22E4BABAE4BA8BE5AEA1E689B9222061637469766974693A63616E64696461746547726F7570733D226872223E3C2F757365725461736B3E0D0A202020203C6578636C7573697665476174657761792069643D226578636C7573697665676174657761793622206E616D653D224578636C75736976652047617465776179223E3C2F6578636C7573697665476174657761793E0D0A202020203C757365725461736B2069643D227265706F72744261636B22206E616D653D22E99480E58187222061637469766974693A61737369676E65653D22247B6170706C795573657249647D223E0D0A2020202020203C657874656E73696F6E456C656D656E74733E0D0A20202020202020203C61637469766974693A7461736B4C697374656E6572206576656E743D22636F6D706C657465222064656C656761746545787072657373696F6E3D22247B7265706F72744261636B456E6450726F636573736F727D223E3C2F61637469766974693A7461736B4C697374656E65723E0D0A2020202020203C2F657874656E73696F6E456C656D656E74733E0D0A202020203C2F757365725461736B3E0D0A202020203C656E644576656E742069643D22656E646576656E743122206E616D653D22456E64223E3C2F656E644576656E743E0D0A202020203C6578636C7573697665476174657761792069643D226578636C7573697665676174657761793722206E616D653D224578636C75736976652047617465776179223E3C2F6578636C7573697665476174657761793E0D0A202020203C73657175656E6365466C6F772069643D22666C6F77322220736F757263655265663D2273746172746576656E743122207461726765745265663D22646570744C6561646572566572696679223E3C2F73657175656E6365466C6F773E0D0A202020203C73657175656E6365466C6F772069643D22666C6F77332220736F757263655265663D22646570744C656164657256657269667922207461726765745265663D226578636C75736976656761746577617935223E3C2F73657175656E6365466C6F773E0D0A202020203C73657175656E6365466C6F772069643D22666C6F773422206E616D653D22E4B88DE5908CE6848F2220736F757263655265663D226578636C7573697665676174657761793522207461726765745265663D226D6F646966794170706C79223E0D0A2020202020203C636F6E646974696F6E45787072657373696F6E207873693A747970653D2274466F726D616C45787072657373696F6E223E3C215B43444154415B247B21646570744C6561646572417070726F7665647D5D5D3E3C2F636F6E646974696F6E45787072657373696F6E3E0D0A202020203C2F73657175656E6365466C6F773E0D0A202020203C73657175656E6365466C6F772069643D22666C6F773522206E616D653D22E5908CE6848F2220736F757263655265663D226578636C7573697665676174657761793522207461726765745265663D226872566572696679223E0D0A2020202020203C636F6E646974696F6E45787072657373696F6E207873693A747970653D2274466F726D616C45787072657373696F6E223E3C215B43444154415B247B646570744C6561646572417070726F7665647D5D5D3E3C2F636F6E646974696F6E45787072657373696F6E3E0D0A202020203C2F73657175656E6365466C6F773E0D0A202020203C73657175656E6365466C6F772069643D22666C6F77362220736F757263655265663D22687256657269667922207461726765745265663D226578636C75736976656761746577617936223E3C2F73657175656E6365466C6F773E0D0A202020203C73657175656E6365466C6F772069643D22666C6F773722206E616D653D22E5908CE6848F2220736F757263655265663D226578636C7573697665676174657761793622207461726765745265663D227265706F72744261636B223E0D0A2020202020203C636F6E646974696F6E45787072657373696F6E207873693A747970653D2274466F726D616C45787072657373696F6E223E3C215B43444154415B247B6872417070726F7665647D5D5D3E3C2F636F6E646974696F6E45787072657373696F6E3E0D0A202020203C2F73657175656E6365466C6F773E0D0A202020203C73657175656E6365466C6F772069643D22666C6F77382220736F757263655265663D227265706F72744261636B22207461726765745265663D22656E646576656E7431223E3C2F73657175656E6365466C6F773E0D0A202020203C73657175656E6365466C6F772069643D22666C6F773922206E616D653D22E4B88DE5908CE6848F2220736F757263655265663D226578636C7573697665676174657761793622207461726765745265663D226D6F646966794170706C79223E0D0A2020202020203C636F6E646974696F6E45787072657373696F6E207873693A747970653D2274466F726D616C45787072657373696F6E223E3C215B43444154415B247B216872417070726F7665647D5D5D3E3C2F636F6E646974696F6E45787072657373696F6E3E0D0A202020203C2F73657175656E6365466C6F773E0D0A202020203C73657175656E6365466C6F772069643D22666C6F77313022206E616D653D22E9878DE696B0E794B3E8AFB72220736F757263655265663D226578636C7573697665676174657761793722207461726765745265663D22646570744C6561646572566572696679223E0D0A2020202020203C636F6E646974696F6E45787072657373696F6E207873693A747970653D2274466F726D616C45787072657373696F6E223E3C215B43444154415B247B72654170706C797D5D5D3E3C2F636F6E646974696F6E45787072657373696F6E3E0D0A202020203C2F73657175656E6365466C6F773E0D0A202020203C73657175656E6365466C6F772069643D22666C6F7731312220736F757263655265663D226D6F646966794170706C7922207461726765745265663D226578636C75736976656761746577617937223E3C2F73657175656E6365466C6F773E0D0A202020203C73657175656E6365466C6F772069643D22666C6F77313222206E616D653D22E7BB93E69D9FE6B581E7A88B2220736F757263655265663D226578636C7573697665676174657761793722207461726765745265663D22656E646576656E7431223E0D0A2020202020203C636F6E646974696F6E45787072657373696F6E207873693A747970653D2274466F726D616C45787072657373696F6E223E3C215B43444154415B247B2172654170706C797D5D5D3E3C2F636F6E646974696F6E45787072657373696F6E3E0D0A202020203C2F73657175656E6365466C6F773E0D0A20203C2F70726F636573733E0D0A20203C62706D6E64693A42504D4E4469616772616D2069643D2242504D4E4469616772616D5F6C65617665223E0D0A202020203C62706D6E64693A42504D4E506C616E652062706D6E456C656D656E743D226C65617665222069643D2242504D4E506C616E655F6C65617665223E0D0A2020202020203C62706D6E64693A42504D4E53686170652062706D6E456C656D656E743D2273746172746576656E7431222069643D2242504D4E53686170655F73746172746576656E7431223E0D0A20202020202020203C6F6D6764633A426F756E6473206865696768743D2233352E30222077696474683D2233352E302220783D22302E302220793D2234362E30223E3C2F6F6D6764633A426F756E64733E0D0A2020202020203C2F62706D6E64693A42504D4E53686170653E0D0A2020202020203C62706D6E64693A42504D4E53686170652062706D6E456C656D656E743D22646570744C6561646572566572696679222069643D2242504D4E53686170655F646570744C6561646572566572696679223E0D0A20202020202020203C6F6D6764633A426F756E6473206865696768743D2235352E30222077696474683D223130352E302220783D2238302E302220793D2233362E30223E3C2F6F6D6764633A426F756E64733E0D0A2020202020203C2F62706D6E64693A42504D4E53686170653E0D0A2020202020203C62706D6E64693A42504D4E53686170652062706D6E456C656D656E743D226578636C75736976656761746577617935222069643D2242504D4E53686170655F6578636C75736976656761746577617935223E0D0A20202020202020203C6F6D6764633A426F756E6473206865696768743D2234302E30222077696474683D2234302E302220783D223234302E302220793D2234332E30223E3C2F6F6D6764633A426F756E64733E0D0A2020202020203C2F62706D6E64693A42504D4E53686170653E0D0A2020202020203C62706D6E64693A42504D4E53686170652062706D6E456C656D656E743D226D6F646966794170706C79222069643D2242504D4E53686170655F6D6F646966794170706C79223E0D0A20202020202020203C6F6D6764633A426F756E6473206865696768743D2235352E30222077696474683D223130352E302220783D223230382E302220793D223131342E30223E3C2F6F6D6764633A426F756E64733E0D0A2020202020203C2F62706D6E64693A42504D4E53686170653E0D0A2020202020203C62706D6E64693A42504D4E53686170652062706D6E456C656D656E743D226872566572696679222069643D2242504D4E53686170655F6872566572696679223E0D0A20202020202020203C6F6D6764633A426F756E6473206865696768743D2235352E30222077696474683D223130352E302220783D223334382E302220793D2233362E30223E3C2F6F6D6764633A426F756E64733E0D0A2020202020203C2F62706D6E64693A42504D4E53686170653E0D0A2020202020203C62706D6E64693A42504D4E53686170652062706D6E456C656D656E743D226578636C75736976656761746577617936222069643D2242504D4E53686170655F6578636C75736976656761746577617936223E0D0A20202020202020203C6F6D6764633A426F756E6473206865696768743D2234302E30222077696474683D2234302E302220783D223438352E302220793D2234332E30223E3C2F6F6D6764633A426F756E64733E0D0A2020202020203C2F62706D6E64693A42504D4E53686170653E0D0A2020202020203C62706D6E64693A42504D4E53686170652062706D6E456C656D656E743D227265706F72744261636B222069643D2242504D4E53686170655F7265706F72744261636B223E0D0A20202020202020203C6F6D6764633A426F756E6473206865696768743D2235352E30222077696474683D223130352E302220783D223538302E302220793D2233362E30223E3C2F6F6D6764633A426F756E64733E0D0A2020202020203C2F62706D6E64693A42504D4E53686170653E0D0A2020202020203C62706D6E64693A42504D4E53686170652062706D6E456C656D656E743D22656E646576656E7431222069643D2242504D4E53686170655F656E646576656E7431223E0D0A20202020202020203C6F6D6764633A426F756E6473206865696768743D2233352E30222077696474683D2233352E302220783D223631352E302220793D223139352E30223E3C2F6F6D6764633A426F756E64733E0D0A2020202020203C2F62706D6E64693A42504D4E53686170653E0D0A2020202020203C62706D6E64693A42504D4E53686170652062706D6E456C656D656E743D226578636C75736976656761746577617937222069643D2242504D4E53686170655F6578636C75736976656761746577617937223E0D0A20202020202020203C6F6D6764633A426F756E6473206865696768743D2234302E30222077696474683D2234302E302220783D223234302E302220793D223139322E30223E3C2F6F6D6764633A426F756E64733E0D0A2020202020203C2F62706D6E64693A42504D4E53686170653E0D0A2020202020203C62706D6E64693A42504D4E456467652062706D6E456C656D656E743D22666C6F7732222069643D2242504D4E456467655F666C6F7732223E0D0A20202020202020203C6F6D6764693A776179706F696E7420783D2233352E302220793D2236332E30223E3C2F6F6D6764693A776179706F696E743E0D0A20202020202020203C6F6D6764693A776179706F696E7420783D2238302E302220793D2236332E30223E3C2F6F6D6764693A776179706F696E743E0D0A2020202020203C2F62706D6E64693A42504D4E456467653E0D0A2020202020203C62706D6E64693A42504D4E456467652062706D6E456C656D656E743D22666C6F7733222069643D2242504D4E456467655F666C6F7733223E0D0A20202020202020203C6F6D6764693A776179706F696E7420783D223138352E302220793D2236332E30223E3C2F6F6D6764693A776179706F696E743E0D0A20202020202020203C6F6D6764693A776179706F696E7420783D223234302E302220793D2236332E30223E3C2F6F6D6764693A776179706F696E743E0D0A2020202020203C2F62706D6E64693A42504D4E456467653E0D0A2020202020203C62706D6E64693A42504D4E456467652062706D6E456C656D656E743D22666C6F7734222069643D2242504D4E456467655F666C6F7734223E0D0A20202020202020203C6F6D6764693A776179706F696E7420783D223236302E302220793D2238332E30223E3C2F6F6D6764693A776179706F696E743E0D0A20202020202020203C6F6D6764693A776179706F696E7420783D223236302E302220793D223131342E30223E3C2F6F6D6764693A776179706F696E743E0D0A20202020202020203C62706D6E64693A42504D4E4C6162656C3E0D0A202020202020202020203C6F6D6764633A426F756E6473206865696768743D2231312E30222077696474683D2233332E302220783D223237302E302220793D2238332E30223E3C2F6F6D6764633A426F756E64733E0D0A20202020202020203C2F62706D6E64693A42504D4E4C6162656C3E0D0A2020202020203C2F62706D6E64693A42504D4E456467653E0D0A2020202020203C62706D6E64693A42504D4E456467652062706D6E456C656D656E743D22666C6F7735222069643D2242504D4E456467655F666C6F7735223E0D0A20202020202020203C6F6D6764693A776179706F696E7420783D223238302E302220793D2236332E30223E3C2F6F6D6764693A776179706F696E743E0D0A20202020202020203C6F6D6764693A776179706F696E7420783D223334382E302220793D2236332E30223E3C2F6F6D6764693A776179706F696E743E0D0A20202020202020203C62706D6E64693A42504D4E4C6162656C3E0D0A202020202020202020203C6F6D6764633A426F756E6473206865696768743D2231312E30222077696474683D2232322E302220783D223330302E302220793D2234362E30223E3C2F6F6D6764633A426F756E64733E0D0A20202020202020203C2F62706D6E64693A42504D4E4C6162656C3E0D0A2020202020203C2F62706D6E64693A42504D4E456467653E0D0A2020202020203C62706D6E64693A42504D4E456467652062706D6E456C656D656E743D22666C6F7736222069643D2242504D4E456467655F666C6F7736223E0D0A20202020202020203C6F6D6764693A776179706F696E7420783D223435332E302220793D2236332E30223E3C2F6F6D6764693A776179706F696E743E0D0A20202020202020203C6F6D6764693A776179706F696E7420783D223438352E302220793D2236332E30223E3C2F6F6D6764693A776179706F696E743E0D0A2020202020203C2F62706D6E64693A42504D4E456467653E0D0A2020202020203C62706D6E64693A42504D4E456467652062706D6E456C656D656E743D22666C6F7737222069643D2242504D4E456467655F666C6F7737223E0D0A20202020202020203C6F6D6764693A776179706F696E7420783D223532352E302220793D2236332E30223E3C2F6F6D6764693A776179706F696E743E0D0A20202020202020203C6F6D6764693A776179706F696E7420783D223538302E302220793D2236332E30223E3C2F6F6D6764693A776179706F696E743E0D0A20202020202020203C62706D6E64693A42504D4E4C6162656C3E0D0A202020202020202020203C6F6D6764633A426F756E6473206865696768743D2231312E30222077696474683D2232322E302220783D223533392E302220793D2234362E30223E3C2F6F6D6764633A426F756E64733E0D0A20202020202020203C2F62706D6E64693A42504D4E4C6162656C3E0D0A2020202020203C2F62706D6E64693A42504D4E456467653E0D0A2020202020203C62706D6E64693A42504D4E456467652062706D6E456C656D656E743D22666C6F7738222069643D2242504D4E456467655F666C6F7738223E0D0A20202020202020203C6F6D6764693A776179706F696E7420783D223633322E302220793D2239312E30223E3C2F6F6D6764693A776179706F696E743E0D0A20202020202020203C6F6D6764693A776179706F696E7420783D223633322E302220793D223139352E30223E3C2F6F6D6764693A776179706F696E743E0D0A2020202020203C2F62706D6E64693A42504D4E456467653E0D0A2020202020203C62706D6E64693A42504D4E456467652062706D6E456C656D656E743D22666C6F7739222069643D2242504D4E456467655F666C6F7739223E0D0A20202020202020203C6F6D6764693A776179706F696E7420783D223530352E302220793D2238332E30223E3C2F6F6D6764693A776179706F696E743E0D0A20202020202020203C6F6D6764693A776179706F696E7420783D223530342E302220793D223134312E30223E3C2F6F6D6764693A776179706F696E743E0D0A20202020202020203C6F6D6764693A776179706F696E7420783D223331332E302220793D223134312E30223E3C2F6F6D6764693A776179706F696E743E0D0A20202020202020203C62706D6E64693A42504D4E4C6162656C3E0D0A202020202020202020203C6F6D6764633A426F756E6473206865696768743D2231312E30222077696474683D2233332E302220783D223531352E302220793D2238332E30223E3C2F6F6D6764633A426F756E64733E0D0A20202020202020203C2F62706D6E64693A42504D4E4C6162656C3E0D0A2020202020203C2F62706D6E64693A42504D4E456467653E0D0A2020202020203C62706D6E64693A42504D4E456467652062706D6E456C656D656E743D22666C6F773130222069643D2242504D4E456467655F666C6F773130223E0D0A20202020202020203C6F6D6764693A776179706F696E7420783D223234302E302220793D223231322E30223E3C2F6F6D6764693A776179706F696E743E0D0A20202020202020203C6F6D6764693A776179706F696E7420783D223133322E302220793D223231322E30223E3C2F6F6D6764693A776179706F696E743E0D0A20202020202020203C6F6D6764693A776179706F696E7420783D223133322E302220793D2239312E30223E3C2F6F6D6764693A776179706F696E743E0D0A20202020202020203C62706D6E64693A42504D4E4C6162656C3E0D0A202020202020202020203C6F6D6764633A426F756E6473206865696768743D2231312E30222077696474683D2234342E302220783D223134322E302220793D223139322E30223E3C2F6F6D6764633A426F756E64733E0D0A20202020202020203C2F62706D6E64693A42504D4E4C6162656C3E0D0A2020202020203C2F62706D6E64693A42504D4E456467653E0D0A2020202020203C62706D6E64693A42504D4E456467652062706D6E456C656D656E743D22666C6F773131222069643D2242504D4E456467655F666C6F773131223E0D0A20202020202020203C6F6D6764693A776179706F696E7420783D223236302E302220793D223136392E30223E3C2F6F6D6764693A776179706F696E743E0D0A20202020202020203C6F6D6764693A776179706F696E7420783D223236302E302220793D223139322E30223E3C2F6F6D6764693A776179706F696E743E0D0A2020202020203C2F62706D6E64693A42504D4E456467653E0D0A2020202020203C62706D6E64693A42504D4E456467652062706D6E456C656D656E743D22666C6F773132222069643D2242504D4E456467655F666C6F773132223E0D0A20202020202020203C6F6D6764693A776179706F696E7420783D223238302E302220793D223231322E30223E3C2F6F6D6764693A776179706F696E743E0D0A20202020202020203C6F6D6764693A776179706F696E7420783D223631352E302220793D223231322E30223E3C2F6F6D6764693A776179706F696E743E0D0A20202020202020203C62706D6E64693A42504D4E4C6162656C3E0D0A202020202020202020203C6F6D6764633A426F756E6473206865696768743D2231312E30222077696474683D2234342E302220783D223432392E302220793D223231392E30223E3C2F6F6D6764633A426F756E64733E0D0A20202020202020203C2F62706D6E64693A42504D4E4C6162656C3E0D0A2020202020203C2F62706D6E64693A42504D4E456467653E0D0A202020203C2F62706D6E64693A42504D4E506C616E653E0D0A20203C2F62706D6E64693A42504D4E4469616772616D3E0D0A3C2F646566696E6974696F6E733E, '0');
INSERT INTO `act_ge_bytearray` VALUES ('3', '1', 'D:/ronde/uploadPath/processDefiniton/2020/08/19/a499453db2d06a63f3a1128967ab1725.leave.png', '1', 0x89504E470D0A1A0A0000000D49484452000002B7000000D308060000009B673B1200002C224944415478DAED9D0B9014E5B9F73B8A06236A28E1231CC2674C283E8A8FB22895428A0367B5565D118128B3C3EC22AC0628B2D910CA4F821EDCF282944439254657D463BC1D233128A04430C28AB0B581234838B8E82A4182B85C768344082017D3DFFB34FDEEBEDB3BD79D5BCFCCEF57F5D4CCCEF45CB6BBFFEFF39FA79F7EDBB20000000000000000000000000000000000000000000000000000002036B66D77F9ECB3CF966CDCB8F19BDADA5A7BF5EAD5840F62CD9A35F6FAF5EBFFA662227B29305E108C17803ED127C48908A1AEAECE6E6E6EB64F9C3841F8285A5A5AEC75EBD67DA584319E3D15182F08C60B409FE813E2407EE121045F0BE284FAE5F7317B2A305E108C17803ED127C4811CBA60A7F37728319C624F05C60B82F102D027FA8438907E107638DF8BC1664F05C60B82F102D027FA84148AE11F7FDF677FB6E9797BFB9A079C90FBF2183B2B6200C60BC60BC60B409F04FACC29311C39D46437FCB1DAFE9FB766B50B794C9E6387450C3EE2BBAC02C60BC60B348D3ED127FA440C5163CFF6373B0841C717DB57B0C32206BF50A2C2766F81F182F1024DA34FF4893E1143F8F878EDAF228A419E6387450C3EA058C521158FBAB7A359258C178C17681A7DA24FF48918C246C3EAFB228A419E6387450C3E4982A38D6A4F0BC990F182F1024DA34FF499F7FABCEFBEFBBE5B5353F3E0DCB97337575757B75456569E2C2F2FB7274C98E0C4B469D34EFFF297BF3CF4C0030F6C7DF2C9279FBEE79E7B7E84181003C92AA79260ACC781F182F1024DA34FF499FBFA9C376FDEF5F7DE7BEF9F274E9CF84F656AEDE5CB97DBDBB66D73AEE271FAF4695B73F0E041BBB1B1D17EFBEDB7ED050B16D8B2BC32BB7BD46BA615151575295431C8D99491C420CFB1C392ACB244498C64A79FA75F8FF182F1024DA34FF4991FFA9C3973E60FEEBEFBEEAD53A64CF9E792254B1CF39A08274F9EB4EBEBEBED7BEEB9E79F959595FBA74E9D3AA610C5B0A3FE89886290E7D8614956594C82B1921CD51EC60BC60B348D3ED1677EE8B3BABABAEA273FF9C9A9175F7CD13E7AF4A89D2C9B366DB295B93D397DFAF4E58140A05B2189E160D336BBE19D7B3B1EC2508FC973ECB024AB2C1DB62C49D3F2C078C17881A6D127E12F7DDE75D75D4FFFEC673F3BFDC1071FD8A9E4F0E1C3764D4DCDC98A8A8ABDCAE07EAF50C420B16BF34B1DC4208FB1B392ACB294044777E2754748868C178C17681A7DA2CF9CD3A718DBAAAAAA6FA49F365DBCF2CA2BDF4C9C38F12B6570FB158418BEFEDADEF1A7451D0F61A8C7E43976589295CF93208733192F182FD034FA449FB9A94F6945908A6D3A8DADE68D37DEF85A19DCA65CAFE0C612835CB1E4D3FAC723F6E8C8735CD5846495014A5294C44A48868C178C17681A7DA2CF9CD0A79C3C263DB65BB76EB533C56F7FFBDBBD6565656FE6F24C0A11C5A07EC1EDDBF1AEFDE1DBFF1E51083A641959965F7D98DB3427C1541D7EA4DAC378C17881A6D127FAF4BF3EEFBAEBAE0FE5E4B14CF38B5FFC626F3018ACCA2731C4FA75C7AF3E9255160E5BEA24F82D1593DDDB44F0BE8E1352182F182FD034FA449FFED5A7CC632BD37DA562568444696A6A3A5D5656F6652814EA912F6288E7D75DB45F7DECC098DB3455632489FDC63A73ADF9DF24900C23BD0E83CB78C17881A6D127FAF4A73EE5020D4B972EB5B3C5FCF9F3B72B73FB50BE88A1B342D0C10E8CB94DD361C6C96E32B31348866612D43129CCE1515A14182F182FD034FA449FFED0A75C5257AE2496E8051A525CBD6D56E6F66FB9D87B1BEFD42104C92A83444A4EE1925AB464186EF967C32C4FBF1EE305E3059A469F847FF4B968D1A287E492BAD9E6A73FFDE927CAE0FE2B622030B796A5B4B0BA937A8875A249BCC930DE2468713833FEEDC57851B8E3059A469F4406F53977EEDCCD2B56ACC8BAB95DB87061BD9F5A131003C92A9B4C9830C19690FD30180C5E95E061CB58C92856324C34099A9FDF528815DC78B717E345E18E17681A7D1219D467757575CBB66DDBB26E6E376EDCB855ED7C6B110381B96DDBFF8C5815E3C756A287112325C3B33A9904631D3E2D08731B6B7B315E606ED134FA2432A0CFCACACA9399B868432CF6EFDFBF4FED70FB100381B90DBBFFB5FED80AB31F76B63F2E5C32FC24892498ECF7C927731B767B315E606ED134FA2432A0CFF2F272FBF4E9D3B61F909D0D311098DBC8FB9FF963CB3DA2906C55255C324C2609E65DBF5E2AB717E305E6164DA34F2203FA940DEB1772C1DC2286DC8B38B6654EC6CD37DFAC13D6A349EEEE6785A9EE7CE23E9E0C8FFA79FD0502818C7F26E305E3059AF6AF76D12795DBB499DB5C0BC440E536C33FAE36A91F55A38D69F392BD0C67B42ACF6F72A4CA239FF5B68A852A9EF644B1FBBF44429EEBA7A2978AFEE9DE5E8C17546ED174E6B58B3EE9B9CD1A2D2D2D7B7DDE739B76311C3F7EDC96F986BD8F455A7EF7EEDD09BDBF5C812EDAF35F7CF145EBFDAFBEFA2AA9FF65CF9E3D3197D9BC79B3F39D24CCCF8EE7B505686EBD09D09B208EA4A93FAF33C930D3FD79C754BC18E6F13E4612F47EBF90FBB84EA06FAAB822DDDBCB2FC9B3B1B1D1961389E35D7ED7AE5DF6DAB56B7352FF3E36B7683A43DACD357DC613FBF7EF0F9BE3EBEAEAC22EBF75EBD6761EC0EB2D8E1C39925FE676CE9C397FDBBE7DBB5F664BA8CB3573916A31885825F1C88E7BE8D021E7EF9B6EBAC97EE38D379CFB2FBFFC72BB1D531EDBB16387B3C1CBCACA9C90655F7FFD75E739F3BD5F7AE925E73131AEEFBCF38E7DCB2DB7D84B962C711E93DB1E3D7AD8B7DF7EBBB3ACBCC779E79D67CF9831C39E346952BBD0DFE5FDF7DF8F288CB3CF3EDBBEE38E3BA21A75790F59465E2BF7E53BEBC79F7DF659CCED99D8100A85C6C571819344AB2A91A6060A77667522C9301B6756EB0429D59BDE46C877BFD04890F2BF6D752B45B2BE4EBAB7C7DCDB31EEB2C3D2B5BDFC923CE5FF9C3B776E44E37BEDB5D73A21FF938C0D77DF7DB7F39A3BEFBCB3F531F9FBFEFBEFF7BDFE7D686ED17486B59B6BFA8C57C30F3FFCB0A32B0931AF5A4BE209E476DDBA75ED965FB06081DDAF5FBFD61C2E3EE0861B6E68D5F333CF3C935FF3DCAE5CB9D217F3DCAA1DEF915C3317A91083FC9AEADBB7AFFDC20B2FD8C3860D6BDDF124F9C8AD98DCBD7BF7B6EEB47A471D3972A4B3F3EEDCB9B3C37BEA9DDC2B86868606E7F6A38F3EB2EBEBEBED0D1B3638EF21CBAF5AB5AAF597DD9021439C88262CF99EFA6F31C622B4F9F3E73BDF51DE5F8CF0534F3DD5FA9837A16A71B6B4B474F8DF962D5B56E8E6365A5527D9EA4AAC392FBFD5C96478A5959D393175821CA8E235F7BEAC8B0311AA3FF2F7EF3D873FB7A8B83FDDDBCB4FE6F6ADB7DE8ABA8C244B3992243174E85027F4DFB5B5B5ED96F5B3FE7D646ED17496B49B6BFA8C15A2BF010306B47A05D18E14A3B66CD9E2684E0CACE473D363E89C3D78F0E0B039DCFB77CE9BDB9A9A9A05F3E6CDCBBAB9ADAAAA6A503B6051AE998B548A41762E39FC27870BC5E8EAC72451C8AD1CC633977DF5D55723BE97D7DCEA2A8BBCB718DCE79E7BCE796CE6CC998E0824CC5F7AB2939F7FFEF9512BB73AC169C32C494A7F9EBCFF25975CD2EE50A33E0C2AFF87FEA578CD35D738EF239F25265D7E81EAFF590C3D97DF4D985855967827734F3419EAC3A8E3B2F03F4B821CA162A97188B35B98EA8F9920677B2A450D6E724D2B7E32B763C78E8D6B19191B44CB12E658213F8C7341FF79305EE4B3A67DA5DD5C31B7B21EA42D513423452A69191A3870A073C4A37FFFFECEAD2C233F50B51EA58026DA1513AC73B8BCF6C61B6F6CFD5B1F3DC90B733B6BD6ACEF4D9E3CF99FE2ECB338C76D732814FA47454545D75C7312A91083D962208704F58EAB9388B42898958D44CDAD18E6418306B5BE4E76E870C6596E75BF4EACCAAD7EBD168FB43AC8DF722853272EDDF6A0FF960A4EB84AB2FEAE52FDD1A294C323729B489F1FE63666B527D1AB14C59B0CF5E78DCBD2FFAB13E438B7E223F7AF53F16594EACF4AF77BEB90659F2C24737BD96597C55C66C488118E7EFBF4E9E384A9676F8FBE5FF59F27E345BE6ADA57DACD05732B3F12A53D51D685149BE4088C7805A9D6463ABA2A3F1EC503C872BA72EB3D1727DAF93D397BC2E7ECD9B3FFF2DE7BEF65CDDC3EF1C4139B83C1E07FE6A28B488518A4AA212D06D2FB12AE422A151131A19DADDCCA7D39A428894ADEF3A28B2E72CCB3AE149BED0ADADC4AE292E5E43062AF5EBDECD2D252E7D79F547F25C9C9E144FD7AF3F3E47DF4F77BE59557A21EF290C7A40D43FE7F6DE8694B4869B5C77B3871B295F89C97E192E1A404AA4A996C4B907EBBC1EE635DDDEF7A6E980479998A3DD699B3AC6DB7FAD3D37DFDB9F96E6EB556F50FDE4827AB1615153911CEDC4AF547FAF5BCEFE947FDE7D178918F9AF6957673C1DC6A33AAF5367CF870C7B44A9FBB3ED2AABD832E5E493ED7475ECCCAADFCBF975F7E79EBDF0B172ECC2F737BD75D7785EEBCF3CE6FB2312598DA50A7CACACABE2C2F2FFF7EA19A5B09A9A6CA896312923CCE39E79CD6415F1B4EBD3376A62DC1FC55268FCBAF3FCB683CF79ADB183B96534D361390FEBCEBAFBFBE55285A64E621107D88444E24D1A2D3AFD5872D31B7293F9C591226A92532997BA4D7F96552F748675CF7340E719A959F81C661CF01C6E3FA4496D17E1F2F92ADDACA89255AFBD2D31FEB35DE233996DBD2A45B07FCACFF3C1B2FF24DD3BED26E2E985B2928E913C6A57D51FC82FC0815BD45AADC4A9F7CEFDEBDC3566EB50EB519CEBBA9FA2A2B2BF78BB1C93473E7CEDD3661C284C773D53DA44A0C96D1C3EA3DF94BEFA0B253CAAFB4CE985B7D36B36C63697DF09A5CE9DDB1DC934CE4BE0846FAE1A64C99E27CBE4E54D29F2D155DB92FC96EC58A15ED0E4B4A354784A40F2DEA1350F473E6543FDEC392E1925BACE9CB30B7091FCEFC965BA549742A20EFEB4A2CFF5CAD481264758404A94F4011BA188931E41E066D52B14BC566EBCC19D917E673E5562731730CA8AEAE6EB78C8C11D2522027D46ADD4BBF9E846956A51F57F7E8FB59FF79385EE493A67DA5DD5C9B2D41EB245AE53692B9D5A6567C84BC365B3DEE69D7E7B469D3AE9B3A75EA49F9159F29B66CD9B223140AFD25100874C3DC4636B7927CF4B460FA6CE344CDADBC979C5D2966553F26FD6C175C7081D3372B49CA6C7BF09E88669EA529BD71E17E4D4A5F8F54736419795D555595735FFF6DF6E8854B6E222E9D7CF5BAB03C333E606E53920CD37178147C9E3CF58C2BDEF96DE53131B25E832BE6552252CFAD395EF959FF793A5EA0E93C3DB29268DFBCFC588CD5736B9A5B694B106DCA5116690592F621ADBFBCBDC8CAF4E9D35F5BB870E1A94CB427A8157954DA114A4B4B8B11C309C764CAA105B332A2CDAD545275EF8CD96F13CEDCCA0E2ABFE624014985355CD5460E47CAFBC84E5E5151D12EF179E7979476869E3D7B3AF35CCA327238E4D24B2F8D4B7835353511279FD6951EF9BF74DF6FF7EEDD5BBFA3CCA1AB4F72C3DCFA2A1966FA020D24CF14846849F415ED87B065CC80608E273206C87892C834417ED27F1E8F1768BAC0CDADFE512A475C6596043D859FE8479E97A9C1B4B9951FA7B29CF4D8EAF790C7E487AC1C81B5B23CBF745AF529D35EDD76DB6DBB5E7AE9A593E934B6CDCDCDA795A9DA1B0A85662286B689D3C39DAD68EEA0D12ABDF126174964F23A3981CD3BF1BA4E2CD1BEA33C2F178388F5FF88019E33674EC4E74564F25E7A026AB3D7572A4B924CC548277A1536CC6DCCEA4C32871DFDD48A40F28C33640683D9B367C76580C39DBC224778AC04A709F293FEF37CBC40D3056A6ECDFC2DDA953642FDB7FC1035FF17F931299A94232B72F45672BD14B7CC2B914AD1CB7B7425AF2E8FAD0C678F5B6FBDF5E0D2A54B4FA4AB62EB1ADB87100341B2CA5A324CB44A534C1264BC60BC40D3E893C8597DCACC0513274E6C7AEEB9E7F6A7BAC7565A11F2A1628B184856394CA28721396CC978C17881A6D12791FBFA940AAE32A26FCA2C0ABB77EFFE3AD9E9BE64560439792CD77B6C1103C9AAC00CAE5C7E335B571E2379128C17681A7D12A9D7673018AC5226F7C0830F3EF8E1CE9D3BF7277AE5B19A9A9A4D52AD9D3061C2A25C9E15013120863CA4C44D7225519E6F2109325E305EA069F449E49D3EC5942A737A9F8A3DD3A64DFBE4E1871FDEB076EDDA2D9F7FFEF96ED3CC1E3C78F0C0C68D1BB72E5CB8B0BEAAAAAA412EA92B571ECBD50B342006C450C0155C0E5B325E305EA069F44914863E9559BDCA35BAAB54EC52714AA6A370639F8A0D2A1E5151545151D115311024AB9C4B862441C60BC60B348D3E09F4891808C49017C9F0519220E305E3059A469F04FA440C0462C8074AE4088CC5D4408C178C17681A7D12E813311088211F701321305E305EE401726126691D4479E8137D0262400C985B60BC60BCC8790281C0794AD3C7501EFA449F80181003E616182F182F729E3163C65C100A850EA33CF4893E01312006CC2D305E305EE43C656565DD95A6BF4479E8137D4242D4D6D6B2C3F93B8E2B31D07386B965BC200A6EBCB8F5D65BFF97D2F40194873ED12724C4FAF5EBF7353737B3D3F9349A9A9A7EA7C4F0317B2AE696F18228B4F142E9F95F5434A13CF4893E2121DE7DF7DDB1EFBDF7DEDF0F1C38708C9DCF5FBFF044086BD6ACD9AD623C7B2AE696F18228B4F1A2ACACEC12A5E9BFA23CF4893E2161D4CA1EAD7E4D6C9272B9F483E46A2C5EBCD8B9D25C2EFF0F46C8B6F81821606E192F88421D2F82C1E08F94A6FF82EA0A579F7992D3C9E79094B159214290B911591B985B00C86D42A1D000158DAC09C674808244FDC2BF4A26FB1621A8C190ABD930100240EE8FEB8394A63F644D30A60314EA20B84C44E0C626D608032100E43665656583D5D8FE67D604633A4021EEFC57EAAAAD0E35208E66CD30100240EEA2C6F1214AD3EFB32618D3010A71E75F611A5B5DBDA5F79681100072975028344C69FA4FAC09C6748042DBF13B546D75A881711C6B888110007293D2D2D2916A1C5FC79A604C0728B41D7F553863EBC606D61003619AF80E6B1B20BD28637B8DD2742D6B82311DA09076FA88555B7A6F0B13B5BD6520DCA762B28A192A7AABB85AC520F77E1F15B2CC70F725C52ADE56B150C5D39E2876978D843CD74F452F15FD59FB0029D7F3756A1CFF236B02730B50483BFD8A68C696991318080D133A2DC24B8EA97831CCE37D8CD79A88E10DB98F6BF3FBA68A2B58FB0029D7F38D2AFEC09A604C074008C0F66F63866B4007C530B75279ED6D84BCE642C3DC9EA562AB75A6CA2BA6F6A47B7BCCBD1DE32E3B8CAD00901A82C1E058A5E9E5AC09C6740084006CFF330C54F16BD774F6B5DADA08C2995B59F635F7BE98D503EEF3DEFD49FEFEBDD5BE75618B8AFB59FB0029D7F378154B58138CE9000801D8FE6DD5577D3B404557F7FEF31E733B42C552ABAD3DA19BD5B1726B9ADBD956FB2A6F836B8C0120850483C109A15068316B82311D002140A16CEBB03DD7A3468D927DC00E0402BAE75AFEBED97D9936B8D33DE656A68D3BE0DEBF4EC5978699F59ADB95D6998AAD0E59F649B608406A51C676A2D2F07FB126C8E90008010A655B77982D63DCB871F68D37DEE89D2DC334B7C2C5C67DDD9620BDB2833D06F8DC30E6F632157BAC333324E8CA704FF7F5E7B255005287D2EF6DCAE03EC79A20A703200428A4ED1D759E63F72A755E736B8531B75EC4B076F3985BB93FD06A6B5918603CAEDB1F987A0E2075FA9EAAE219D604391D002140216DEF2B23995BE30A75B24F8C88626EAB23985B7DF298D0C530B5321598B43034A9D8A562B3756636850BD92200A94369B832180CD6B026C8E90008010A6D9B87EBBDDDE4566D012077B53D43C563AC09723A00428042DBE61D7A6FB9321D40EE130A85FE9FD2F202D604391D002140C1A112E032AAB60079379ECF56319F35414E0740085088E6F62AA3D7B68435029017BA9EA3F4FC206B829C0E8010A050B7BDD37B4BD516206F347D9F8A7B5913E47400840085BAEDAF64FB03E40F52B595EA2D6B829C0E8010206E6CDBEEF2D9679F2DD9B871E337B5B5B5F6EAD5AB091FC49A356BECF5EBD7FF4DC544F652285494B1FD9532B8BF644D90D3011002C48D18DBBABA3ABBB9B9D93E71E204E1A3686969B1D7AD5BF79532BAE3D953A11051C6F63F94C1BD8335414E074008103752B1C5D8FADAE09E58BD7AF5C7ECA950A0E3F96332D72D6B829C0E8010206EA4150113E9EF50E6F6147B2A14E878FE643018FC296B829C0E8010206EA4BF1303E97B73CB3E0D853A9E3FA3622A6B829C0E801020E5E6F61F7FDF677FB6E9797BFB9A079C90FBF218E613730B90C6F1FC791515AC09723A004280949ADB23879AEC863F56DBFFF3D6AC76218FC9731850CC2D409AC6F3FF0A8542CC18424E074008AC85D49ADB3DDBDFEC606C757CB17D050614730B90AEF1FC77C16070026B829C0E801020A5E6F6E3B5BF8A686EE5390C28E616201D2863FB5A2814BA8535414E074008905273DBB0FABE88E6569EC380626E01D2349E2F5706772C6B829C0E801000738BB905C87994B17DABACAC6C146B829C0E801020A5E656664788646EE5390C28E616204DE3F91F95C1BD8E35414E074008905273BBA3FE8988E6569EC380626E01D24128147AB7B4B4F46AD604391D0021404ACDEDC1A66D76C33BF7766C49508FC9731850CC2D409AC6F3F52A46B026C8E9000801526A6E25766D7EA983B995C7309F985B80348EE77F0A8542C35813E474008400A935B75F7F6DEFF8D3A28E2D09EA31790E038AB90548D378BE49C595AC09723A00428094995BB902D9A7F58F47ECB995E7B84A19E616201D0483C13F9795950D664D90D3011002246F6EBFFEDADEB7E35DFBC3B7FF3DA2B1D521CBC8B2547131B700291ECF1B42A1D0FF654D90D301100224656E63556BA9E2626E01328132B68D8140E0FFB026C8E90008019232B7F1546BA3557131A4985B80148DE77F0906833F624D90D301100224656E3B6B6C75604831B700291ACF77070281FFCD9A20A703200448CADC12985B009F8CE74D2AFE8535414E07400880B92D20732B53250583C165ECCD9087E379732010E8C99A20A7032004C0DC1680B91553AB62858A53ECF790A7E3F997656565DD5913E47400840098DB3C36B75E53AB83BD19F2703C3F120804BAB126C8E900080130B779686E83C1E055D27EE035B5985BC8E3F1FC7845454557D604391D002100E6368F62F1E2C576B84A2DE6160A603C3F555454D48535414E07400880B9CDA3886668092299080402BEFF8E8CD2E474D60220048480B9CDD3B684D2D2D262B57F6FC004140452ADDCA762B28A192A7AABB85AC520F77E1F15B2CD87BBCB17AB785BC542154F7BA2D85D3612F25C3F15BD54F467D503391D0021606E3B11478F1E8DB9CC575F7DD5E1B10D1B36D8C78F1F6FFD7BCF9E3D6197F3C6AE5DBBEC86868688CF9BEF69C6FBEFBF6FEFDDBBD75727948542A112B59FD7616E0B0ED9C6D3223C774CC58B611EEF63BCD6440C6FC87D5C9BDF37555CC16A06723A0042C0DC76D2DC4A426D6C6CB45F7FFD75BB77EFDEF69429535A8DDA92254B9CE75F7DF555FBD0A143F6E5975FDEFA584D4D8D732B66556E67CC98E1BC674B4B4BC4CF93F739FFFCF3A37E27FD9E6284BFF8E20BFBE0C183CE63959595F6CE9D3B9DFBBB77EFF6CD54606E25B70E735B10CC700DE8A018E6562AAFBD8D90D75C6898DBB3546CB5CE5479C5D49E746F8FB9B763DC6587B1CA819C0E801030B7098654446B6B6BEDB2B23227B4C19C3D7BB6BD7FFFFE56F32B8FF7EDDBD759561E5BB56A95DDA74F9F5683FCF2CB2FDB0B162C687D4E9617C3ACCC9F7DFBEDB7DB6FBCF186DDB3674FBB7FFFFECE7D8979F3E6D9679F7D76BBEF239F29CBC9F7DAB16387732BEFB979F366C75CCBE7F8F1220E6E2577037B73DE3250C5AF5DD3D9D76A6B2308676E65D9D7DCFB62560FB8CF7BF721F9FBF756FBD6852D2AEE677503391D0021606E9330B7722B66F3DA6BAF75AAAB92746FB8E1066DE85ADB17B4C9945B319E7A396D7EE5EF77DE79A75D15F6ADB7DE6AFDBB5FBF7EF6F5D75FDFFAF79021439C30BF8F546DF5E7AD58B1C2F95EF23E2FBCF0823D72E448FBB1C71EE3F2BB906974F555DF0E50D1D5BDFFBCC7DC8E50B1D46A6B4FE86675ACDC9AE676B6D5BECADBE01A6300723A0042C0DC26121F7DF491BD6DDB36C738AE5DBBD63191528995FE5979ACAEAECE693DE8D1A3473BB3AADB11C4C44A65561E97652FBDF4527BE6CC99ED3E43AAB483070F6EADD47A2BB7D2A2A0DB19A40D61D9B265CE7BD7D7D7DBEBD6ADB3C78E1DDBDA06317DFAF4D6FBD9A8DE626E0B9601AE09FD8E61486F76EF6B833BDD636EC75967AAB572FF3A155F1AAFF59ADB95D6998AAD0E59F649563B90D3011002E6B6932109568CAE184BA98C4A3B82B41E4888C194E78F1C39E22CBB65CB16C7C48A417DF6D9679DD7C87362369F7AEA29A7C5A0AAAAAA5DA537D1CAADBC468CAFDC17337CCD35D7D893264D721E93CF96FB546E2143849BB9C034B7C2C5C67DDD9620BDB2833D06F8DC30E6F632157BDCCFD195E19EEEEBCF65F503391D0021606E9330B772AB2BB96256BB77EFEE544ACF39E71C6739794EAAB0FA35D2CE208F8909D6B31C48AFADF4E5CAE37A39692DE8ACB995FB62A2E5A4327D62997E0E730B59C26B6EAD30E6D68B18D66E1E732BF7075A6D2D0B038CC775FBC368563790D3011002E6360973AB672390BFC5888A5995BFB5799529C0C45C4A85576EABABABED5EBD7AD973E6CC712AAA12D293ABDF5B2AAD721258A4B60431D0BA2DC1FC3E5221D627B34D9C38D19929419FC8262D10985BC8B2B91D11C5DC564730B7FAE431A18B616A652A3069616852B14BC566EBCC6C0A17B2AA819C0E801030B79D34B7DFFEF6B7EDF3CE3BAFF56F6931905BEF0965E66BA42F569FEC2515DEE1C387DB454545513FCB5BB98DF67DF4FDA14387B69B960C730B00404E07400898DBA866520CA3DCCA8518B4919513BCA45F561E97B96BCD0B2CC863F2BC98DB810307B67BBF0B2EB8C031A2E13E4B5A1664768558DF47B732586E1559BE93AEDC4A5517730B00404E07400898DB88B175EBD6B08FEBE9BEC4D88AC914632A8656B6AFDCEAB971E5BE3EE94B2AB3F3E7CF0FFB7ED2B32B73DE2662BCA5422CF775CF2D955B0000723A0042C0DC12985B0000723A0042C0DC12985B0020A7B31600212004CC2DE61600809C0E801030B704E61600809C0E801030B704E61600809C0E801030B704E61600809C0E801030B7985B0000723A004200CC2DE61600809C0E801030B704E61600809C0E801030B704E61600809C0E801030B704E61600C8E9E474008480B9C5DC020090D3011042C1525B5B8B81F4771C57E6F6147B2A0090D3011002C4C1FAF5EBF735373763227D1A4D4D4DBF53E6F663F6540020A7032004888377DF7D77EC7BEFBDF7F703070E1CC34CFAAB622BC676CD9A35BB558C674F0500723A0042803851E669F4EAD5AB37C9E16FE9EFCCE590ED9FEBFF831BB22D3EC6D80200391D00212004B63F000030A603200460FB030000633A004200B63F000030A603200460FB030000633A004200B63F0000633A004200B63F000030A603200460FB030000633A004200B63F000030A603200460FB030030A633A6032004B63F6B010080311D002100DB1F000018D3011002B0FD010080311D002140F2DB7A856CEF18B189350500404E074008900BDBFA4A15A7A299DB6030389A350500404E074008902BDB7B551473BBA1A8A8A80B6B0900809C0E80102057B6F79591CC6D28141AC71A0200C899F19C563300CC2D4419103751B50500C8A9B19C563300CC2D441A101900010072723CA7D50C00730B8232B3CBA8DA0200E47C0EA7D50C00730BAEB9BDCA18004B58230000399BC7693503C0DC82392032000200E4F4584EAB1900E616F48078F3CD37B3FD0100721C5ACD0030B770066947B0DD5B0000C85D734BAB1900E6B6E029567148C5A3EE2D87B00000723B9FD36A0680B92D7863AB0DADFCCA6FC1E00200F89F5028D423180CAAF43DE111156B55ECF19C4CB64FA60153CBFCA75A768ABAFF03D61A606EA1908C6DACC70100C00794969616BBBDB5C7E3B832991972B2D9061515547501730BF946490C03AB9FA75F0B00C03F795A6643D894A0A18D141F4B3597B50A985BC827631BCBB852C10500F009CA883EE49DE6ABBCBCDC7EE8A187EC254B96D8DBB76FB7F7EDDB671F3F7EDC164E9E3C69373737DB9F7EFAA9BD74E95267B95B6FBD359CC95DA5DEE7FBAC61C0DC42AE526C2556914D7479000048218140A09BDB4FDB6A482B2A2AEC975F7ED931AF8970F4E8517BF9F2E5F6CC99336DCF5CB887D46D116B1B30B790ABC67674275E7704830B009015635B671AD1EAEA6AA7429B0CA74F9FB657AE5CE9547E8DF73EA2623C6B1D30B790EFC63655AF070080C4F372BB8AADB41F88314D154D4D4DF6AC59B34C837B9C2B9A01E616728158278F65FA7D000020066E8F6DABF1DCB871A39D0EA44757FA71CD0AAEFAEC016C01C0DC82DF8D6DAA5A0AA8E00200A43F1F5F699E3C2615DB7422279FCD9B37AFDDFCB832872E5B0230B7E037BC27837D4BC564F73611BCAFE32433008034120C06FF6CF6D8A6B2152112870F1FB6A74E9D6A9E64F6285B0230B7E047633BDA30A8BF5161BBB7F11ADC48AFC3E00200A401B94083392B42B2278F25C2071F7CE03DC1EC076C11C857739BE8554CBEC3DAF495B11526BB06D54EC0E09AC656C724E3797A700100529F8B57688329D37D659A050B169806F711B6086483E1AE991183B1564548C531150BC32CDBCB352817BB86B5AF7BFF3679FCC73FFE7124736B47313043DDEFE05DBEDABDDF9F4D94512219CE7046359AC10DB7FCB36196A70717002045489FABBEA4AE4CD395E83CB6A960E7CE9DEDE6BFADA8A8F82E5B063249AD1BBF5631C235204FBAF747A9386C2CBB4BC518D7C89E5651EE2E3FC2F8B5A8CD6D3715BB552C76CD8B3CBEC0BDFFA58A6018333B5045BDB1BC7C5640C5476CA68C1BDB92040C6B38831BAFB1F51A5C5A140000221BD7D52AFE35DA32CA4C4ED0C6526630C816E6451ED4771EC7D6834CD255453F15E7BA212644A6EF90B680C1EE635E133AC0BDEDE3DE964430B772FF87C6EB861AF7BDE6567F4E6FE37DC5ECFE41C53436534688D760C632B8891A5BF3F35B2C2AB800006131CCE26A6562AF8AB0CC23999A21211AAFBEFA2A2796415611F3B1D46AABDCCA2FACEBDCFB5D0CD339DA35A5B66B44EE76EFCBB23B55348E1D3BD66B6ECBDDD76A43DBDB788DE51AD91F5A6D15E0DFBBEFDD609DA926EB2AEE703653468C6DBCC63292C13DAB93C656430F2E00400C736BC42A6F25D7BC6843636363D6CCADCCA96B9A71B61E64C3DCCE368CE715D6993E57B9DF35C2F29758672ABB72BFA77B3B3A89CAADED7EA618DCFFB6CEF4FB161B461AFC636CA319DC4F9230B6C97E1F00804233B7ADE6519B5CF5F71EFD78266749F0F2F9E79FB79BF396AD07D930B72B0D3319708D454B18D331CE5D46CCE7BF596D27974532B7912AB70B2298DBA0FBB9F71BDF8713CAD247B295D27006371963EB35B8F4E00200C430B76625D7FC5BAE1C962DE4A20EE67761EB4126D1ED06C51E73ABDB12FA19CBCA49647292999CE0256D0C57BBCB7433CDADC4F8F1E3ED51A346993BB57DEDB5D73AF76FBAE926FB965B6EF1EEF476D7AE5DED912347DA175D74915D5C5C6CBB2D0E764949891D87A0894E865AC7C9F642492B82B762FB89FB78323CCAF621D21DC160D08958CBC94C30F1BE67201060DD12BE886C83B9856CD2C5534135AB78833C95587DAB4FFA9A17E175E1AAC3FF16E1397D22DB3015EBDC305F37824D94F6CA6D672BA4D12AB7895CE881CA2D640AD937EFF48C7FB6FBC33DD6EBCC935BFB1AF7A5087085F17757ABFDC9B6FD3C63AABC4F8B3BB66D736F67586D47B606B09920C1CAED26F5236D74515151172AB750E848AFACB4074C3706D6ABDD5B73A01553DADD7DCD18773096C1FA32CFC07F758CC410AD7756CF9620D38D3D6F7C96ED491A907A64BB1CB1D2D373DB19834BCF2DA48BB38C1FE76759ED6789E96F3C77AE6B427B1B21CF5579FEF68E8183DDFD56B76FC9182647C11A0C23ADBFC370E375433CEF338A4D05719ADB56536B2C43CF2D00809578A534D2745FE1664B48C4E0325B02A41369B992A34F722EC07FBBFB9B3E1A1574EF7B8F649973753F6FDCBFD85D468CEE85EEFD61565B2578B4F1DE3DDDE7FB19AF5FE89AD87FA898ABE2698BF30C207E73BB41E68E354DADB10CB3250000780C6E2C63196B1EDB44AF64A6B9D2629E5B481FFAEA8A33ACB6690EBB19067488D5F1245A3D3562B8FB37BBF7752576B06B6EE5FEDBEE7E2CD55FB9DAE3C3EEB266E576B6F15E3F343EF36A36154431B71D2AB5619679DC0FF3DCCA671B66FC71B61E00648B5895D3782FD090A8C1D5AD115CC506D289AEAAEA76828186C195F84E18733BD96A3BC1F645ABADBA3AD4584E5E17328CAB6E71E8E7DE763796EDEE3E26876903AE29EEED59FE4236157496502834D10F57289B356B96696EC7B36500209B44AAE0267AE5B1780DAEFE3C8C2DA41BD907A53A2BE711E8F9B9753BC068ABEDA45973F9BEC6FEABF7D1319EF7D5D5DF5E1E733BC8780F8D9C4C26AD08E75AED4F34D3AFEBC5668264282F2FFFBE3293C7C554AAFBF6E1C387B3DD6F7B5C19EE1E6C1900C8362556C71681C956E2F3D88633B8933C9F438F2D640AD34C6A73AB5B022E360CAAD710EB7683E1EE6D6FE3795D755D692C7F89C7DC0E313E53DA0EA455415767375B6D9561A9E46E633341B2987DB74B972ECDB8B95DB46891696E9F678B00809F0CAE799299695413B94043A4D731DD17641231AF875534BA3FA6748BC26B56DB056A9A3CCBEB0BD168D33AC030ACBB0D23AC2F617EB56B562DC3DC8A919DEF1A6B73F9E23026BABFD576F21940A7315B132A2B2B333A25585353935331D69F5F565636982D02007EC2DBA220C6749295F8F45EDED7253BBF2E40671810C6500E74EFEBD682AEAEC11C1A66593D45972C63266CA9B6FEC1EA38359854753F75A38FE739F95BCFEB3DCA35D9A3DCBFC7B0A92019DCF96E3FD40673F9F2E51933B70F3CF080799194656C0D00C805839B2CE15A1E0000208598D55BA9A4FEF5AF7F4DBBB15DB972A5D98E704A99DB416C0900C87783CB051A0000328432982BB4D9BCE38E3BECA3478FA6CDD8D6D7D7B76B4750319D2D00007E27D956025A11000032482010F89E32992DDA70CE9B37CFB92C6E3A8C6D454505279101404E1BDC442BAF9C3C0600900582C1E0552A0E69E3293DB1070F1E4C692B82A762BB4A99EA6EAC7900C825126D2DA0150100208BC8A57AF5DCB712526595CBE3263B2BC2BDF7DE6B9A5A8C2D001484C1954BEA72E53100802C535A5A5AACCCE711D38CCA15CC1A1B1B13BE4083CC63EBA9D63AAD08185B00C8754A5CE35A12E5F9168C2D00803F088542039409DDE331A5F6CF7FFE737BF1E2C5765D5D9D33AB82EECB955B31B352E55DB264893D7BF66CAFA1756645E0E43100C82722557069450000F021525D5526F7216F15B73321F3D832DD17001482C1C5D80200F89CF2F2F2EF2B833AD73CD92CCE90DEDDE7B9F21800148AC17D14630B00903B5454547475FB711F9113C2C2B42DEC0B8542ABD5EDE3CA084F50F77BB0D600A050901E5BDB62BA2F00000000C813BECB2A0000000000000000000000000000000000000000000000000000000000000000000000000000000000000000008042E5FF03F0A26B2306336D070000000049454E44AE426082, '1');
INSERT INTO `act_ge_bytearray` VALUES ('5002', '1', 'D:/ronde/uploadPath/processDefiniton/2020/08/19/151b0977de665889efc7666cc3ddd169.bpmn', '5001', 0x3C3F786D6C2076657273696F6E3D22312E302220656E636F64696E673D225554462D38223F3E0D0A3C646566696E6974696F6E7320786D6C6E733D22687474703A2F2F7777772E6F6D672E6F72672F737065632F42504D4E2F32303130303532342F4D4F44454C2220786D6C6E733A7873693D22687474703A2F2F7777772E77332E6F72672F323030312F584D4C536368656D612D696E7374616E63652220786D6C6E733A7873643D22687474703A2F2F7777772E77332E6F72672F323030312F584D4C536368656D612220786D6C6E733A61637469766974693D22687474703A2F2F61637469766974692E6F72672F62706D6E2220786D6C6E733A62706D6E64693D22687474703A2F2F7777772E6F6D672E6F72672F737065632F42504D4E2F32303130303532342F44492220786D6C6E733A6F6D6764633D22687474703A2F2F7777772E6F6D672E6F72672F737065632F44442F32303130303532342F44432220786D6C6E733A6F6D6764693D22687474703A2F2F7777772E6F6D672E6F72672F737065632F44442F32303130303532342F44492220747970654C616E67756167653D22687474703A2F2F7777772E77332E6F72672F323030312F584D4C536368656D61222065787072657373696F6E4C616E67756167653D22687474703A2F2F7777772E77332E6F72672F313939392F585061746822207461726765744E616D6573706163653D22687474703A2F2F7777772E61637469766974692E6F72672F74657374223E0D0A20203C70726F636573732069643D226C656176652D636F756E7465727369676E22206E616D653D22E8AFB7E58187E6B581E7A88B2DE4BC9AE7ADBE2220697345786563757461626C653D2274727565223E0D0A202020203C646F63756D656E746174696F6E3EE8AFB7E58187E6B581E7A88BE6BC94E7A4BA2DE4BC9AE7ADBE3C2F646F63756D656E746174696F6E3E0D0A202020203C73746172744576656E742069643D2273746172746576656E743122206E616D653D225374617274222061637469766974693A696E69746961746F723D226170706C79557365724964223E0D0A2020202020203C657874656E73696F6E456C656D656E74733E0D0A20202020202020203C61637469766974693A666F726D50726F70657274792069643D2273746172744461746522206E616D653D22E8AFB7E58187E5BC80E5A78BE697A5E69C9F2220747970653D22646174652220646174655061747465726E3D22797979792D4D4D2D6464222072657175697265643D2274727565223E3C2F61637469766974693A666F726D50726F70657274793E0D0A20202020202020203C61637469766974693A666F726D50726F70657274792069643D22656E644461746522206E616D653D22E8AFB7E58187E7BB93E69D9FE697A5E69C9F2220747970653D22646174652220646174655061747465726E3D22797979792D4D4D2D6464222072657175697265643D2274727565223E3C2F61637469766974693A666F726D50726F70657274793E0D0A20202020202020203C61637469766974693A666F726D50726F70657274792069643D22726561736F6E22206E616D653D22E8AFB7E58187E58E9FE59BA02220747970653D22737472696E67222072657175697265643D2274727565223E3C2F61637469766974693A666F726D50726F70657274793E0D0A20202020202020203C61637469766974693A666F726D50726F70657274792069643D22757365727322206E616D653D22E5AEA1E689B9E58F82E4B88EE4BABA2220747970653D227573657273222072657175697265643D2274727565223E3C2F61637469766974693A666F726D50726F70657274793E0D0A20202020202020203C61637469766974693A666F726D50726F70657274792069643D2276616C69645363726970742220747970653D226A617661736372697074222064656661756C743D22616C6572742827E8A1A8E58D95E5B7B2E7BB8FE58AA0E8BDBDE5AE8CE6AF9527293B223E3C2F61637469766974693A666F726D50726F70657274793E0D0A2020202020203C2F657874656E73696F6E456C656D656E74733E0D0A202020203C2F73746172744576656E743E0D0A202020203C757365725461736B2069643D22636F756E7465727369676E22206E616D653D225BE983A8E997A82FE4BABAE4BA8B5DE88194E59088E4BC9AE7ADBE222061637469766974693A61737369676E65653D22247B757365727D223E0D0A2020202020203C657874656E73696F6E456C656D656E74733E0D0A20202020202020203C61637469766974693A666F726D50726F70657274792069643D2273746172744461746522206E616D653D22E8AFB7E58187E5BC80E5A78BE697A5E69C9F2220747970653D22646174652220646174655061747465726E3D22797979792D4D4D2D646422207772697461626C653D2266616C7365223E3C2F61637469766974693A666F726D50726F70657274793E0D0A20202020202020203C61637469766974693A666F726D50726F70657274792069643D22656E644461746522206E616D653D22E8AFB7E58187E7BB93E69D9FE697A5E69C9F2220747970653D22646174652220646174655061747465726E3D22797979792D4D4D2D646422207772697461626C653D2266616C7365223E3C2F61637469766974693A666F726D50726F70657274793E0D0A20202020202020203C61637469766974693A666F726D50726F70657274792069643D22726561736F6E22206E616D653D22E8AFB7E58187E58E9FE59BA02220747970653D22737472696E6722207772697461626C653D2266616C7365223E3C2F61637469766974693A666F726D50726F70657274793E0D0A20202020202020203C61637469766974693A666F726D50726F70657274792069643D22617070726F76656422206E616D653D22E5AEA1E689B9E6848FE8A7812220747970653D22656E756D222072657175697265643D2274727565223E0D0A202020202020202020203C61637469766974693A76616C75652069643D227472756522206E616D653D22E5908CE6848F223E3C2F61637469766974693A76616C75653E0D0A202020202020202020203C61637469766974693A76616C75652069643D2266616C736522206E616D653D22E68B92E7BB9D223E3C2F61637469766974693A76616C75653E0D0A20202020202020203C2F61637469766974693A666F726D50726F70657274793E0D0A20202020202020203C61637469766974693A7461736B4C697374656E6572206576656E743D22636F6D706C657465222064656C656761746545787072657373696F6E3D22247B6C65617665436F756E7465725369676E436F6D706C6574654C697374656E65727D223E3C2F61637469766974693A7461736B4C697374656E65723E0D0A2020202020203C2F657874656E73696F6E456C656D656E74733E0D0A2020202020203C6D756C7469496E7374616E63654C6F6F7043686172616374657269737469637320697353657175656E7469616C3D2266616C7365222061637469766974693A636F6C6C656374696F6E3D227573657273222061637469766974693A656C656D656E745661726961626C653D2275736572223E3C2F6D756C7469496E7374616E63654C6F6F704368617261637465726973746963733E0D0A202020203C2F757365725461736B3E0D0A202020203C757365725461736B2069643D227265706F72744261636B22206E616D653D22E99480E58187222061637469766974693A61737369676E65653D22247B6170706C795573657249647D223E0D0A2020202020203C657874656E73696F6E456C656D656E74733E0D0A20202020202020203C61637469766974693A666F726D50726F70657274792069643D2273746172744461746522206E616D653D22E8AFB7E58187E5BC80E5A78BE697A5E69C9F2220747970653D22646174652220646174655061747465726E3D22797979792D4D4D2D646422207772697461626C653D2266616C7365223E3C2F61637469766974693A666F726D50726F70657274793E0D0A20202020202020203C61637469766974693A666F726D50726F70657274792069643D22656E644461746522206E616D653D22E8AFB7E58187E7BB93E69D9FE697A5E69C9F2220747970653D22646174652220646174655061747465726E3D22797979792D4D4D2D646422207772697461626C653D2266616C7365223E3C2F61637469766974693A666F726D50726F70657274793E0D0A20202020202020203C61637469766974693A666F726D50726F70657274792069643D22726561736F6E22206E616D653D22E8AFB7E58187E58E9FE59BA02220747970653D22737472696E6722207772697461626C653D2266616C7365223E3C2F61637469766974693A666F726D50726F70657274793E0D0A20202020202020203C61637469766974693A666F726D50726F70657274792069643D227265706F72744261636B4461746522206E616D653D22E99480E58187E697A5E69C9F2220747970653D2264617465222064656661756C743D22247B656E64446174657D2220646174655061747465726E3D22797979792D4D4D2D6464222072657175697265643D2274727565223E3C2F61637469766974693A666F726D50726F70657274793E0D0A2020202020203C2F657874656E73696F6E456C656D656E74733E0D0A202020203C2F757365725461736B3E0D0A202020203C656E644576656E742069643D22656E646576656E743122206E616D653D22456E64223E3C2F656E644576656E743E0D0A202020203C73657175656E6365466C6F772069643D22666C6F77322220736F757263655265663D2273746172746576656E743122207461726765745265663D22636F756E7465727369676E223E0D0A2020202020203C657874656E73696F6E456C656D656E74733E0D0A20202020202020203C61637469766974693A657865637574696F6E4C697374656E6572206576656E743D2274616B65222065787072657373696F6E3D22247B657865637574696F6E2E7365745661726961626C652827617070726F766564436F756E746572272C2030297D223E3C2F61637469766974693A657865637574696F6E4C697374656E65723E0D0A2020202020203C2F657874656E73696F6E456C656D656E74733E0D0A202020203C2F73657175656E6365466C6F773E0D0A202020203C73657175656E6365466C6F772069643D22666C6F773822206E616D653D22E99480E581872220736F757263655265663D227265706F72744261636B22207461726765745265663D22656E646576656E7431223E0D0A2020202020203C657874656E73696F6E456C656D656E74733E0D0A20202020202020203C61637469766974693A657865637574696F6E4C697374656E6572206576656E743D2274616B65222065787072657373696F6E3D22247B657865637574696F6E2E7365745661726961626C652827726573756C74272C20276F6B27297D223E3C2F61637469766974693A657865637574696F6E4C697374656E65723E0D0A2020202020203C2F657874656E73696F6E456C656D656E74733E0D0A202020203C2F73657175656E6365466C6F773E0D0A202020203C73657175656E6365466C6F772069643D22666C6F77313322206E616D653D22E585A8E983A8E9809AE8BF872220736F757263655265663D226578636C7573697665676174657761793122207461726765745265663D227265706F72744261636B223E0D0A2020202020203C636F6E646974696F6E45787072657373696F6E207873693A747970653D2274466F726D616C45787072657373696F6E223E3C215B43444154415B247B617070726F766564436F756E746572203D3D2075736572732E73697A6528297D5D5D3E3C2F636F6E646974696F6E45787072657373696F6E3E0D0A202020203C2F73657175656E6365466C6F773E0D0A202020203C6578636C7573697665476174657761792069643D226578636C7573697665676174657761793122206E616D653D224578636C75736976652047617465776179223E3C2F6578636C7573697665476174657761793E0D0A202020203C73657175656E6365466C6F772069643D22666C6F7731342220736F757263655265663D22636F756E7465727369676E22207461726765745265663D226578636C75736976656761746577617931223E3C2F73657175656E6365466C6F773E0D0A202020203C757365725461736B2069643D226D6F646966794170706C7922206E616D653D22E8B083E695B4E794B3E8AFB7222061637469766974693A61737369676E65653D22247B6170706C795573657249647D223E0D0A2020202020203C657874656E73696F6E456C656D656E74733E0D0A20202020202020203C61637469766974693A666F726D50726F70657274792069643D2273746172744461746522206E616D653D22E8AFB7E58187E5BC80E5A78BE697A5E69C9F2220747970653D22646174652220646174655061747465726E3D22797979792D4D4D2D6464222072657175697265643D2274727565223E3C2F61637469766974693A666F726D50726F70657274793E0D0A20202020202020203C61637469766974693A666F726D50726F70657274792069643D22656E644461746522206E616D653D22E8AFB7E58187E7BB93E69D9FE697A5E69C9F2220747970653D22646174652220646174655061747465726E3D22797979792D4D4D2D6464222072657175697265643D2274727565223E3C2F61637469766974693A666F726D50726F70657274793E0D0A20202020202020203C61637469766974693A666F726D50726F70657274792069643D22726561736F6E22206E616D653D22E8AFB7E58187E58E9FE59BA02220747970653D22737472696E67222072657175697265643D2274727565223E3C2F61637469766974693A666F726D50726F70657274793E0D0A20202020202020203C61637469766974693A666F726D50726F70657274792069643D2272654170706C7922206E616D653D22E9878DE696B0E794B3E8AFB72220747970653D22656E756D222072657175697265643D2274727565223E0D0A202020202020202020203C61637469766974693A76616C75652069643D227472756522206E616D653D22E9878DE696B0E794B3E8AFB7223E3C2F61637469766974693A76616C75653E0D0A202020202020202020203C61637469766974693A76616C75652069643D2266616C736522206E616D653D22E58F96E6B688E794B3E8AFB7223E3C2F61637469766974693A76616C75653E0D0A20202020202020203C2F61637469766974693A666F726D50726F70657274793E0D0A2020202020203C2F657874656E73696F6E456C656D656E74733E0D0A202020203C2F757365725461736B3E0D0A202020203C73657175656E6365466C6F772069643D22666C6F77313522206E616D653D22E983A8E58886E9809AE8BF872220736F757263655265663D226578636C7573697665676174657761793122207461726765745265663D226D6F646966794170706C79223E0D0A2020202020203C636F6E646974696F6E45787072657373696F6E207873693A747970653D2274466F726D616C45787072657373696F6E223E3C215B43444154415B247B617070726F766564436F756E746572203C2075736572732E73697A6528297D5D5D3E3C2F636F6E646974696F6E45787072657373696F6E3E0D0A202020203C2F73657175656E6365466C6F773E0D0A202020203C6578636C7573697665476174657761792069643D226578636C7573697665676174657761793222206E616D653D224578636C75736976652047617465776179223E3C2F6578636C7573697665476174657761793E0D0A202020203C73657175656E6365466C6F772069643D22666C6F7731362220736F757263655265663D226D6F646966794170706C7922207461726765745265663D226578636C75736976656761746577617932223E3C2F73657175656E6365466C6F773E0D0A202020203C73657175656E6365466C6F772069643D22666C6F7731372220736F757263655265663D226578636C7573697665676174657761793222207461726765745265663D22656E646576656E7431223E0D0A2020202020203C636F6E646974696F6E45787072657373696F6E207873693A747970653D2274466F726D616C45787072657373696F6E223E3C215B43444154415B247B72654170706C79203D3D202766616C7365277D5D5D3E3C2F636F6E646974696F6E45787072657373696F6E3E0D0A202020203C2F73657175656E6365466C6F773E0D0A202020203C73657175656E6365466C6F772069643D22666C6F77313822206E616D653D22E9878DE696B0E794B3E8AFB72220736F757263655265663D226578636C7573697665676174657761793222207461726765745265663D22636F756E7465727369676E223E0D0A2020202020203C657874656E73696F6E456C656D656E74733E0D0A20202020202020203C61637469766974693A657865637574696F6E4C697374656E6572206576656E743D2274616B65222065787072657373696F6E3D22247B657865637574696F6E2E7365745661726961626C652827617070726F766564436F756E746572272C2030297D223E3C2F61637469766974693A657865637574696F6E4C697374656E65723E0D0A2020202020203C2F657874656E73696F6E456C656D656E74733E0D0A2020202020203C636F6E646974696F6E45787072657373696F6E207873693A747970653D2274466F726D616C45787072657373696F6E223E3C215B43444154415B247B72654170706C79203D3D202774727565277D5D5D3E3C2F636F6E646974696F6E45787072657373696F6E3E0D0A202020203C2F73657175656E6365466C6F773E0D0A20203C2F70726F636573733E0D0A20203C62706D6E64693A42504D4E4469616772616D2069643D2242504D4E4469616772616D5F6C656176652D636F756E7465727369676E223E0D0A202020203C62706D6E64693A42504D4E506C616E652062706D6E456C656D656E743D226C656176652D636F756E7465727369676E222069643D2242504D4E506C616E655F6C656176652D636F756E7465727369676E223E0D0A2020202020203C62706D6E64693A42504D4E53686170652062706D6E456C656D656E743D2273746172746576656E7431222069643D2242504D4E53686170655F73746172746576656E7431223E0D0A20202020202020203C6F6D6764633A426F756E6473206865696768743D2233352E30222077696474683D2233352E302220783D2231302E302220793D2233302E30223E3C2F6F6D6764633A426F756E64733E0D0A2020202020203C2F62706D6E64693A42504D4E53686170653E0D0A2020202020203C62706D6E64693A42504D4E53686170652062706D6E456C656D656E743D22636F756E7465727369676E222069643D2242504D4E53686170655F636F756E7465727369676E223E0D0A20202020202020203C6F6D6764633A426F756E6473206865696768743D2235352E30222077696474683D223130352E302220783D2239302E302220793D2232302E30223E3C2F6F6D6764633A426F756E64733E0D0A2020202020203C2F62706D6E64693A42504D4E53686170653E0D0A2020202020203C62706D6E64693A42504D4E53686170652062706D6E456C656D656E743D227265706F72744261636B222069643D2242504D4E53686170655F7265706F72744261636B223E0D0A20202020202020203C6F6D6764633A426F756E6473206865696768743D2235352E30222077696474683D223130352E302220783D223334302E302220793D2232302E30223E3C2F6F6D6764633A426F756E64733E0D0A2020202020203C2F62706D6E64693A42504D4E53686170653E0D0A2020202020203C62706D6E64693A42504D4E53686170652062706D6E456C656D656E743D22656E646576656E7431222069643D2242504D4E53686170655F656E646576656E7431223E0D0A20202020202020203C6F6D6764633A426F756E6473206865696768743D2233352E30222077696474683D2233352E302220783D223337352E302220793D223230332E30223E3C2F6F6D6764633A426F756E64733E0D0A2020202020203C2F62706D6E64693A42504D4E53686170653E0D0A2020202020203C62706D6E64693A42504D4E53686170652062706D6E456C656D656E743D226578636C75736976656761746577617931222069643D2242504D4E53686170655F6578636C75736976656761746577617931223E0D0A20202020202020203C6F6D6764633A426F756E6473206865696768743D2234302E30222077696474683D2234302E302220783D223232302E302220793D2232372E30223E3C2F6F6D6764633A426F756E64733E0D0A2020202020203C2F62706D6E64693A42504D4E53686170653E0D0A2020202020203C62706D6E64693A42504D4E53686170652062706D6E456C656D656E743D226D6F646966794170706C79222069643D2242504D4E53686170655F6D6F646966794170706C79223E0D0A20202020202020203C6F6D6764633A426F756E6473206865696768743D2235352E30222077696474683D223130352E302220783D223138382E302220793D223131302E30223E3C2F6F6D6764633A426F756E64733E0D0A2020202020203C2F62706D6E64693A42504D4E53686170653E0D0A2020202020203C62706D6E64693A42504D4E53686170652062706D6E456C656D656E743D226578636C75736976656761746577617932222069643D2242504D4E53686170655F6578636C75736976656761746577617932223E0D0A20202020202020203C6F6D6764633A426F756E6473206865696768743D2234302E30222077696474683D2234302E302220783D223232302E302220793D223230302E30223E3C2F6F6D6764633A426F756E64733E0D0A2020202020203C2F62706D6E64693A42504D4E53686170653E0D0A2020202020203C62706D6E64693A42504D4E456467652062706D6E456C656D656E743D22666C6F7732222069643D2242504D4E456467655F666C6F7732223E0D0A20202020202020203C6F6D6764693A776179706F696E7420783D2234352E302220793D2234372E30223E3C2F6F6D6764693A776179706F696E743E0D0A20202020202020203C6F6D6764693A776179706F696E7420783D2239302E302220793D2234372E30223E3C2F6F6D6764693A776179706F696E743E0D0A2020202020203C2F62706D6E64693A42504D4E456467653E0D0A2020202020203C62706D6E64693A42504D4E456467652062706D6E456C656D656E743D22666C6F7738222069643D2242504D4E456467655F666C6F7738223E0D0A20202020202020203C6F6D6764693A776179706F696E7420783D223339322E302220793D2237352E30223E3C2F6F6D6764693A776179706F696E743E0D0A20202020202020203C6F6D6764693A776179706F696E7420783D223339322E302220793D223230332E30223E3C2F6F6D6764693A776179706F696E743E0D0A20202020202020203C62706D6E64693A42504D4E4C6162656C3E0D0A202020202020202020203C6F6D6764633A426F756E6473206865696768743D2231312E30222077696474683D2232322E302220783D223430302E302220793D223133312E30223E3C2F6F6D6764633A426F756E64733E0D0A20202020202020203C2F62706D6E64693A42504D4E4C6162656C3E0D0A2020202020203C2F62706D6E64693A42504D4E456467653E0D0A2020202020203C62706D6E64693A42504D4E456467652062706D6E456C656D656E743D22666C6F773133222069643D2242504D4E456467655F666C6F773133223E0D0A20202020202020203C6F6D6764693A776179706F696E7420783D223236302E302220793D2234372E30223E3C2F6F6D6764693A776179706F696E743E0D0A20202020202020203C6F6D6764693A776179706F696E7420783D223334302E302220793D2234372E30223E3C2F6F6D6764693A776179706F696E743E0D0A20202020202020203C62706D6E64693A42504D4E4C6162656C3E0D0A202020202020202020203C6F6D6764633A426F756E6473206865696768743D2231312E30222077696474683D2234342E302220783D223237302E302220793D2233302E30223E3C2F6F6D6764633A426F756E64733E0D0A20202020202020203C2F62706D6E64693A42504D4E4C6162656C3E0D0A2020202020203C2F62706D6E64693A42504D4E456467653E0D0A2020202020203C62706D6E64693A42504D4E456467652062706D6E456C656D656E743D22666C6F773134222069643D2242504D4E456467655F666C6F773134223E0D0A20202020202020203C6F6D6764693A776179706F696E7420783D223139352E302220793D2234372E30223E3C2F6F6D6764693A776179706F696E743E0D0A20202020202020203C6F6D6764693A776179706F696E7420783D223232302E302220793D2234372E30223E3C2F6F6D6764693A776179706F696E743E0D0A2020202020203C2F62706D6E64693A42504D4E456467653E0D0A2020202020203C62706D6E64693A42504D4E456467652062706D6E456C656D656E743D22666C6F773135222069643D2242504D4E456467655F666C6F773135223E0D0A20202020202020203C6F6D6764693A776179706F696E7420783D223234302E302220793D2236372E30223E3C2F6F6D6764693A776179706F696E743E0D0A20202020202020203C6F6D6764693A776179706F696E7420783D223234302E302220793D223131302E30223E3C2F6F6D6764693A776179706F696E743E0D0A20202020202020203C62706D6E64693A42504D4E4C6162656C3E0D0A202020202020202020203C6F6D6764633A426F756E6473206865696768743D2231312E30222077696474683D2234342E302220783D223235302E302220793D2236372E30223E3C2F6F6D6764633A426F756E64733E0D0A20202020202020203C2F62706D6E64693A42504D4E4C6162656C3E0D0A2020202020203C2F62706D6E64693A42504D4E456467653E0D0A2020202020203C62706D6E64693A42504D4E456467652062706D6E456C656D656E743D22666C6F773136222069643D2242504D4E456467655F666C6F773136223E0D0A20202020202020203C6F6D6764693A776179706F696E7420783D223234302E302220793D223136352E30223E3C2F6F6D6764693A776179706F696E743E0D0A20202020202020203C6F6D6764693A776179706F696E7420783D223234302E302220793D223230302E30223E3C2F6F6D6764693A776179706F696E743E0D0A2020202020203C2F62706D6E64693A42504D4E456467653E0D0A2020202020203C62706D6E64693A42504D4E456467652062706D6E456C656D656E743D22666C6F773137222069643D2242504D4E456467655F666C6F773137223E0D0A20202020202020203C6F6D6764693A776179706F696E7420783D223236302E302220793D223232302E30223E3C2F6F6D6764693A776179706F696E743E0D0A20202020202020203C6F6D6764693A776179706F696E7420783D223337352E302220793D223232302E30223E3C2F6F6D6764693A776179706F696E743E0D0A2020202020203C2F62706D6E64693A42504D4E456467653E0D0A2020202020203C62706D6E64693A42504D4E456467652062706D6E456C656D656E743D22666C6F773138222069643D2242504D4E456467655F666C6F773138223E0D0A20202020202020203C6F6D6764693A776179706F696E7420783D223232302E302220793D223232302E30223E3C2F6F6D6764693A776179706F696E743E0D0A20202020202020203C6F6D6764693A776179706F696E7420783D223134322E302220793D223232302E30223E3C2F6F6D6764693A776179706F696E743E0D0A20202020202020203C6F6D6764693A776179706F696E7420783D223134322E302220793D2237352E30223E3C2F6F6D6764693A776179706F696E743E0D0A20202020202020203C62706D6E64693A42504D4E4C6162656C3E0D0A202020202020202020203C6F6D6764633A426F756E6473206865696768743D2231312E30222077696474683D2234342E302220783D223136332E302220793D223230332E30223E3C2F6F6D6764633A426F756E64733E0D0A20202020202020203C2F62706D6E64693A42504D4E4C6162656C3E0D0A2020202020203C2F62706D6E64693A42504D4E456467653E0D0A202020203C2F62706D6E64693A42504D4E506C616E653E0D0A20203C2F62706D6E64693A42504D4E4469616772616D3E0D0A3C2F646566696E6974696F6E733E, '0');
INSERT INTO `act_ge_bytearray` VALUES ('5003', '1', 'D:/ronde/uploadPath/processDefiniton/2020/08/19/151b0977de665889efc7666cc3ddd169.leave-countersign.png', '5001', 0x89504E470D0A1A0A0000000D49484452000001C2000000EB0806000000FACC960F000023784944415478DAED9D0B8C55D5D9864F15EF68254828A184CA4F082184102FA1668A05332A522A481D868101C60A84D229258D142C255E7022D5C90F5511AD778B5A7E2AA054B05CE4329982829422084A91220EE08C0888C8D5AE7F7D9BB586357BF63967CE6DCEED79922FFB9C7DD6B9AEF5EEF77CEBB27728040000000000000000000000000000000000102F4AA9169F7CF2C9FCF5EBD77FBB72E54AB57CF972220362C58A156AEDDAB55FE828A595023A47E79042441C555555AAB6B6569D3C7992C8A0A8ABAB536BD6AC39A2C572272D15D0393A871421FF101147468BE4A4FEE7B89D960AE81C9D438A906E121A62668716C8695A2AA073740E2942FAA96984192F10454B05748ECE21CD02F9FAF07EF5C98617D4B6150F7A21B7651F0D1881003A27D079CE0BE4E8A11AB5F5EFD3D4BFDE9AD420649F3C46234620015C89BAD0398111E68C40F66E7BB391386C7CB66D318D1881F8E9A743992DA0730223CC7E816C5FF587B00291C768C408C4A150C7211D33CD76002A43E7044698F502D9BAFCFEB00291C768C408C46782039CCCB00E3344E74406E9FCFEFBEFBF72F6ECD90F4D9F3E7DE3B469D3EAC68F1F7F6AF8F0E16AE8D0A15E8C1D3BF6CC6F7FFBDB430F3EF8E0E6279F7CF2E9DFFFFEF7FF834010084618970946DB0FE89C684E9D575454DC7ADF7DF7FDB3B4B4F4BFDA00D5A2458BD4962D5BBCB32C9C397346590E1E3CA876ECD8A1DE7EFB6D555959A9A4BC36C6BDFA3963FBF4E9D3225F0522B3C7C209441EA311E7BD11F68B6276F671C60CD139D1DC3A9F3871E20FEEBDF7DECDA3478FFEEFFCF9F33DA38B8553A74EA9EAEA6AA533C3FFEAECF1C09831636ECF4781ECAC7E22AC40E4311A715E1B61534D8ECC109D13CDAD739DC595DF7DF7DDA75F7AE92575ECD83195281B366C50DA084F8D1B376E51515151CB7C12C8C19A2D6AEBB2FB1A7797E87DF2188D386F8DB030C64C2FD6F280CED179BC4C9932E5E95FFEF29767DE7FFF7D954CBEFAEA2B357BF6EC53656565FBB4197E2F5F0422B17BE3CB8D0422FB68C0796B84F16678F2BCA398213A2752A87331C1F2F272EF04B3A9E2D5575FFDB6B4B4F48836C3CE7921901327D4CE7FCC69DC5DA2F7C96334E2BC33C244BB39E92645E744AA742EDDA19209A6D2042D6FBCF1C6096D8635D99E194613889C51E2E3EAC7C38E1DC8639C7522AF8CB05F924CAC1F6688CE8924EB5C26C6C898E0E6CD9B5573F1CA2BAFEC1B366CD89BD93CA334AC40F43FC0FD3BDF511FBCFDBBB0E2B02165A42CFF1A73DE08933DFB93CC109D13C9D4F99429533E908931CDCDAF7FFDEB7DC5C5C5E5B9249068FF0EF9D7989746E89FE8F21D1DA3CC3616FCCF63020D3A2792A1735927284B2492313B34566A6A6ACEE8ACF0CB929292AB7245204DF97718E95F238D3AE78CD09FB989893D173A7B3ED1E76230C370CFC30CD1393A4F54E7B2587EC182052A5DCC9831639B36C287734520F18AC3068D3AA78C30A8FB72943133158319BA266863246386E89C4882CEE5B4697206985817CB27392BACD546F845368E1572C14E8C308E092D41A616C90C83CA3F1B509E3143748ECEE361CE9C390FCB69D3D2CD2F7EF18B8FB419FE088110992410DD2697C7D92EA34D8C69AA1936D504437493A6AE7ED1798E1BA19C407BF1E2C56937C259B366556752F728024120823DA1BCB487E2E2E21FC639312614A719C66A82EEFB73D58A24D62F3ACF712394AB48C809B4D3CDFAF5EB37EB06B90A81109968844E2C8DF20729D6EEC97066785E9C26C898610AEA179DE7B811CAA5949A63017D340E1C38B05F37C2FD0884C87023ACFF8314D01EE21DA30B32C38F123041C60C935CBFE83CC78D50AE27E85E4A299D48034420443618A1FB07C9F418249A810599612226C8986112EB179DE7B8114A65670AD960840824FBA2097599500C1E3CD81AD6CC049BDD790199E047667F22CC4CF56FA0B590F2DF39DD9F052D9111369B11665B6084799B116ED007DC01CE929F444F9F1629237C2EC33342BB2EB24D9472CAC998E5776BAFE3421DDDCD7DA1AF8ED6CEED5BCC7718609E5FECBC5E81796ED0FBCC4866FDA273C6089B85BABABA7D193E469876811C3F7EDCBB38B27F5FB8F27BF6EC49CAFBEED8B143C984AAA696DFBD7BB75AB56A55AE1AA1DF00FDA67334456384F19861738C11B6319FAF87D95E1150A6DA18DAD7CEB6B529DFC16CEFF6BDDE0D26136E67EEFFD5DCBF34C0F40607ECEBA86347B2EA379B8CF0C081038DF6C959C3AAAAAA02CBCBF9A5E5F170C794A3478FE6BE114E9D3AF58B6DDBB665CAACD1AA0C36C26613887B000C7A4C8C491AFBA14387BCFB3FFDE94FE56A1EDEEDB973E73668CCB26FE7CE9D5E2319366C981752F6F5D75F6FF0FA629A575F7D75D8CF337DFAF4B02679F3CD377B21BFD3FCF9F3D5BDF7DEEB3DE79E7BEEA9DF27F71F78E0816C36C275252525839A70D2875833B0704B24CE0BC5B6E83E1DB3462F369FABC4DCB76678ADAF5C0B27633CA1E3159309CABEB666EBCFECECE3D73B466B4DB3C057B6AB8E053AFE6C7E7F29F38C8EDBA365A94DADDF6C3242F9FE8F3CF288770C9010A31333B3C702D9AE59B3A641F9CACA4AD5B973E7FAE3C8B265CBD46DB7DD56AFDD3FFDE94FB9BF8E70C9922519B18E5037C64733D0089B5D207E13947F6B1D3A74502FBEF8A2BAE1861BEA1BAB98936CC510F7EDDB57DFD0ED6BDC78E38D5E83DFB56B57E313061B61D8FB62A0A5A5A5613FCF5B6FBD15F1338BD8245B95E8D5AB9717F6FECA952BB339238C9401269A89455B27F89D38CDF0BA50EAD711B6379F67A5F9BE0BCCF67F9DCFDAC697A5B575B2C09E26637BCC985EC8ECEF6FCAB4F319E158675F2F1D9D9CB2ADCD7BF777DEAB3899F59B2D46285AEBDAB56BFD31428E07975C7289DAB469937AEAA9A73CB35BBA746983638B9493F23D7BF6ACD7BBDC77F5EFDECF49239C3D7B7665454545DA8DB0BCBC7CAB6E947D32C808D3269048D9A0743B4A37A598A2DDF7E1871F7ADB8D1B3736283B6FDEBCF0D74FF319E1C89123EBB3C9A0F71D387060D4CF2C6544641D3B76F4426E4BC863EBD6ADCBB753AC45CBC89ABA583E5633B4DDB38352F8DD3A066470CAF79E769CAF958EB775BCA9E369F3F95E3166F6A531D4BE01AFD5CD6C3B99AD6B72FD7D650B029E579CCC2F9C2D4628DF5D7A77E4CF6F7575B53744D1AD5B37F5ECB3CFAA2E5DBA785B29237F5CA5FCF3CF3FEFFDC9169D8A615A0395E7FEE4273FA9BF2F3D48396D8493264DFADEA851A3D272E509670DA19C6BF4EBB2B2B28BB36DFA757318A1DBCD295D91B6B15B93916E52371B8CC708E59FA2986CB8CFD3A3478FA89FB977EFDE5E574AFBF6EDBD90DBB66BE5B3CF3ECBC7738D86CB0C633D634C53CDD0BEDFA066FA7E92D5BDE47447161BC37BC9574E8C6BB3C9E8BA39599CBBED1FC60847385D9D858E3906196128D68C30978C50FE20CB9F59F9FEF2C7567A71E41821DAF66BD56678975D7699EADEBDBB57CE66846EB6186D1E424E9D5378F2E4C9FF5EBD7A75DA8CF089279ED8A8B3AF67B2711D527318E1DEBD7BBD6E4EE9B397066EC3FE5BABABABF3B2C27833C248E383B69C8825D2A41C9D397B116484F24F53C61CF2F4EA13FD02BA294785625F279889579F68112123F41BE15673BBA529DBCA6C3B9BED54DF6B75F765843D9DAED00E118CB0C0EC2BCC3723B4C625DF7FEBD6ADAAA0A0C033B8F3CF3F5F4D9830A1C131C3F622C91F54DB7BE36684F27DAFB9E69AFAFBB366CDCA7D239C32654AC93DF7DCF36D3A9651E8CA3B2DD7231C3E7CF8F731C2F05DA3D25521936224C45C2EB8E002CF20A59C9D0D661B70AC46186D7C5006D2ED20BB8C4746FBFCD75F7FBD17EE6B4C9C38D11BC7CCD3EB11FA9756B8A616CB62F970CFCB8445F37E23ECE033C26F42E79641EC35E382871D730B994936CA4C7ED9A263939925DACA4C1EEA6DBA543B9BD9A9D6F0DED5F1A429DBC2198F6CE9CB1E73DA08A547C74E8293A113394EC89F5331C07019A18CE1B76BD72E3023B446698D332FAE32337EFCF80372406D6EA64F9FBE65E8D0A18F87B294E63242B9EF4E3AB1FFFADC462D0D59FE05C66A84E1C607AD08A43BD6BEA65CA9C42D236DE6673FFB9937B1C8FEE394310709B96DFF51CAF8A14CDC71BF5BB8DB397E857AF7E2BC2343F15DA1DE7D5EBF3499E01E396CE89860BA3CFB99AD4417539F173AB349BB39B3413B39B3423B3AAFD932D470F9452F933D3F61BA464F3899656BE735ED7B149BCFF48431D97743899F8C202B678D2E5CB8D0BB1D29230C6784D600E5F821CF4DD71FD8B4E87CECD8B1B78C1933E694FCE36F2E366DDAB4B3A4A4E4DF4545452D31C2F88D50CCC92EA5B0CB1C6231C2A0F1413B0BD5BF7E50F6F9CFB22166284627116E8CD07EF63C36C258669326D2ED0A59A2F3541AA18CE94B8F51B43142D708A56BB4BCBC5CDD7AEBADDE70C7ABAFBEEA95CD2B2314C68D1BF7D759B3669D6E8E2E52FDE31E932ED1214386142290E84678F9E5977BDD1C6E96658D506688D93E7F779C20C808A551CBBF4531A8EF7EF7BB81EF2F638DAD5AB58A68A0A18099A0F2DA32B02EAF9D49D3AD33C8089369869C501B230C7BFCB07F5665C28CCC16B54B9CDE7BEF3DEF71594E618D50FEB44A391913B4AF21FBE40FAE5CA24FCACB6CD3BC3142592A70D75D77ED7EF9E5974FA5D2046B6B6BCF949595EDD3D9E04404D2382EBAE8A2FA7017AE07CDDE721B75A40CD28DAFBFFEDA7BFCB1C71E6BB45FBA56274D9AD468BF98AE6C5DB30C1AAC97E9DAA10C9B6E9D6146988CEECC74758762845910EE996044A737DD7453FD7DF983EA7E9723478E7813E5640C7FF4E8D15E97A86486B2DF9691F901E99CF59D169D6B73BA6AC4881107172C5870325599A031C18711487AC26692B24D647F5E9C8330F566186B46C7D524D039D11C3A97199CA5A5A535CF3FFFFC81648F094A77682E648218214698866E52BA43D139D19C3A97CC509BD69B329B74CF9E3D27125D2221B34365624CB68F09628408244D6628A74D4BF519630023C40883282E2E2ED786F8F9430F3DF4C1AE5DBB0EC47AC698D9B3676F902C70E8D0A173B2797628468811A6B89BF46884EE4E3B3B141344E744BA742E06A68DEC7E1D7BC78E1DFBD1238F3CB26ED5AA559B3EFDF4D33DAEF11D3C78F073B98A849C405BCE1D2AA74D9333C664EB62798C1023CC80CC90EE50744E649ACEE5AAECC61497EAD8ADE3B473A586FD72B506B98A849C403B1BCF1D8A11628419648698203A27724FE708042344204D34C39998203A273042048211E6AB40FA490F4B882512E89CC00811084698AF02314608E89CC0081108468811023A273042048211628480CE098C108160841821A0730223CC40C29DD81A23CC9838AE05721A23847CD3799E4556EA3C6758BB76EDFEDADADAAC6A3441579388677F36444D4DCD5FB440B66384906F3ACFA7C8569DE70CEFBCF3CEC0D5AB571FFEFCF3CFBFA14166D63F4411C78A152BF6E8B8132304748ECE2185E80A18A0FF8D6C90D45CFAA9B3355E7BED35EF0C41D9FC1D9C90BAD89EADE2C008D179AA2347B49ED53A87CC3CF82E1671C8059AF9353042A08D01E415E61CB2DE79634B4A4A38A3090729A08D01E49D112E744E9EBE815F848314D0C600F24910D7F9AE22A2B43172B2670E52401B03C81B412C764DD066858C15729002DA18405E6683364A4A4AB8223A0729A08D01E4BC18960699A08975FC421CA48036069097D92063851CA4803606900F42581CC9049941CA410A6863008803A807A08D01200EA01E8036068038807A00DA1800E200EAC1C01A53DA1800E28066AB07B93DC031A0F63A2ED4D13DC0903A9AF22DCDF6FA8097EFABA3B573FB161D85E63DE439C54ED902F33E7EA4DC0C6A0AAD03200E48653D541B93FADAD9B63626D4C16CEF0E30A80AC7C43A07BC7C1B53EE061DE7E96867EEFFD5DCBF34E0350707EC13D3DD416DA17500C401A9AA8716C670C4B84EE878C56482B2AFADD9BAD9DA8F4D39BF618D0AF336173A59A36C7B38065BE02BDB55C7021D7F36D9A3947946C7EDE6F3015A07401C90927A704D4F4CAAA7C9C21E334666E9E298594B276C77E73A6358F21AFDCDBE763E231CEBECEBA5A39353B6B531C0FECEE72AA6A6D03A00E280943078F060A987B775BCA9E3696342AF1883FA3274769CB0AF297E858E6BCDD68E0DDEE5DC96AC7150A8E178A2ECEF66B69DCCD635B9FEBEB20501CFC308D13A00E28094D68398D16693A57573323377DB3FE0E9CA189FFF76288C118E089DEBEA2C74CC31C808436484681D007140731AE156B3CB6677ADCCB6B3D94EF53D558C6C97CFB06E0F6384DD7D1961CFD0B9AED00E118CB0C0EC2BA4A6D03A00E280541BE137A1734B1BF686CE8E0B1E760CCBA59D932D4AB94BCDFD7E4E996BCD3E99FCB245C726534E0C56668CF60E9DED7E15A3BDC231BC77753C69CADA493C6D8D4177A2C6D03A00E28054D4834C7CE966765D680CC7CEF4ECE87BCA7213163B79E6015FB996C6E02C627A32ABF489D0D9AED1134E16DADA79FF90F93CD21D3ADE943F6C0CF23C6A0CAD03200EA01E8036068038807A00DA1800E280D87F73AE0B09681D0071E4F56F7E9D8ED3918CB0B8B87800BF14A07500C491CBBFFBD20846B8AE4F9F3E5CED01D03A00E2C8F9AC30D0084B4A4A06F10B015A07401CF9F0DB078D156E201B04B40E8038F2292B3CCDD820A07500C491B768E35B483608681D0071E4B311FED0191BECC72F02681D0071E4631D786385648380D6011047BED6C175D403A07500C411134AA9169F7CF2C9FCF5EBD77FBB72E54AB57CF972220362C58A156AEDDAB55FE828455D681D0071A41031C1AAAA2A555B5BAB4E9E3C496450D4D5D5A9356BD61CD1A678270A43EB008823454826880966B4199ED419E2761486D60110478A90EE500C27B3431BE1691486D60110478A90F128CC26E38D90032F5A07401CE936C2AF0FEF579F6C78416D5BF1A017725BF6615418215A07809C37C2A3876AD4D6BF4F53FF7A6B5283907DF218668511A27500C86923DCBBEDCD462668E3B36D8B312B8C10AD03406E1BE1F6557F086B84F218668511A27500C86923DCBAFCFEB046288F615618215A07008C90C008D13A00E2C855239459A2E18C501EC3AC3042B40E00396D843BAB9F086B84F218668511A27500C869233C58B3456D5D765FE36E51BD4F1EC3AC3042B40E0039BFA07EF7C6971B19A1ECC3A83042B40E00B96F84274EA89DFF98D3B85B54EF93C7302B8C10AD0340CE1AA19C39E6E3EAC7C38E11CA639C5D062344EB00907B46A833BDFD3BDF511FBCFDBBB0266843CA4859B2438C10AD03208E9C30C2685920D9214688D60120A78DB0295960A4EC10F3C208D13A00E2C86A238CD7046D605E18215A07401C596D84044608182100464860848011026084044608182100464860848011026084044608182100464860848011026084044688D6F915003042022344EB0080112612C78E1D8B5AE6C891238DF6AD5BB74E1D3F7EBCFEFEDEBD7B03CB35BA8CD4EEDD6AEBD6AD611F775FD38DF7DE7B4FEDDBB70F2384A66ABD05BF10200E8CB0C946A8DF5EEDD8B143BDFEFAEBAA5DBB766AF4E8D14A7E4789F9F3E77B8FCF9B374F1D3A74485D73CD35F5FB66CF9EED6DC5D8643B61C204EF35EBEAEAC2BE9FBCCE65975D16F133D9D714D3FCECB3CFD4C18307BD7DE3C78F57BB76EDF26EEFD9B3072344EBB63E64DB5DC7153A5AF9F6C9B6A3F334B95FADE3061DEDCDFD721DEDCCED6EFCB28011E661D7A8645A2B57AE54C3860DF3C29AD1E4C993D5810307EA8D52F677E8D0C12B2BFB962E5DAADAB76F5F6FA673E7CE55959595F58F497931D7214386A89FFFFCE7EA8D37DE506DDAB4515DBA74F16E4B545454A8F3CF3FBFC1E791F79472F2B976EEDCE96DE535376EDCE819B1BC0F192118AD77340656A56390B9DDD36CFB9AEDC53E235CA5E35DE77EFF80DB001861BE19A16CC5986EBEF9662F6B9383C26DB7DD660FFEF55DA8D690642B2665CB59A394FBCB962D6B90DDBDF5D65BF5F73B77EEAC6EBDF5D6FAFBD75F7FBD17EEE7916CD0BEDFE2C58BBDCF25AFF3E28B2FAA1B6FBC51FDF18F7FC408C16A5DE2761D179ADD62641DCCFEDE262CD73A66775847A1B95FE8DCEEC22F0B18611E19E1871F7EA8B66CD9E21D4C56AD5AE5198E647832DE27FBAAAAAABCEECFABAEBAAA81B1D92E51313CC9F864BF94BDFAEAABD5C489131BBC87647F3D7BF6ACCF00FD19A17493DA2E55E90A5DB870A1F7DAD5D5D56ACD9A356AE0C081F55DB1E3C68DABBF9D8EAC1023CC2CEEB8E30EA98F221DEB74DCEB18E0081DAD4DC8FD5BCC53EE31F7A73B19E1A5CE4BB6E757058C304F3342393888298A0949C6255DA2D2FD292166248F1F3D7AD42BBB69D326CFF0C4CC9E7DF659EF39F29818D3534F3DE5757396979737C82063CD08E5396292725B8CF3A69B6E5223478EF4F6C97BCB6D3242282A2A72C7083B85CE8DF3BDA9E36927CBEB66BA4BDB9AFB629E7B74AC31CF7BCD79EE2DFCB28011E6B111CAD66688626CAD5AB5F232B00B2EB8C02B278F4976679F235DAAB24F0CD3CEF694B141194794FDB69C746FC66B84725B0C5726CCD84933F6318C30BF19346890D4C7006360FFABA387B9DDC32926F707F9EECB18E1F2D0B98931EF9AF831BF2A60841861FDAC4CB92FA625C626F7ADD1C9B2093122C91C653B6DDA34D5B66D5B3575EA542F5393903144FBDA92C1C90497705DA362B6B66BD4FD3C9279DA893AA5A5A5DE8C513B4947BA613142F0CD1AEDE0647C4119A16B84253ABED45169BA434799FDADF8550123CC6323BCE8A28BD425975C527F5FBA3965EB9F2CE33E47C6F1EC4416C91C0B0A0A549F3E7D22BE973F238CF479ECED5EBD7A3558CA8111428011EE8F9001066584768C5066944E0B9D5B6E018011E6AB118AB9C85616C55BD393C92B32BE27FB656DA0BBD85DF6C9E36284DDBA756BF07A975F7EB9675A41EF25DDA632CB34DAE7B1DDA9363B95CF643342C916314270B4DED76774921D5E113AB7ACC2729ED9F7B7D0D97584BD74EC32FB5B85CEAD2904C008F3CD0825366FDE1CB8DF2E9110131443121313F393DF59B676EDA1DCB6135A24E39B316346E0EBC918A3AC298CC5A425F394DB768C908C10B259EB008823438D90C008D13A00E2C008098C10AD03200E8C90C008D13A00E2C008098C10AD03200E8C90C008D13A00E2C008098C10AD03200E8C90C008D13A00E2C00831428C10AD03200E8C102304B40E803830428C10D03A00E2C008314240EB00880323C40801AD03208EE4205756C06C323A8E6B233C8DC2D03A00E248116BD7AEDD5F5B5B8BE16468D4D4D4FC451BE1761486D60110478A78E79D7706AE5EBDFAF0E79F7FFE0DC6935999A098E08A152BF6E8B81385A17500C49142F4817680CE3A3648179C8C476573483D64FB77302175B11D1344EB008803A807A08D01200EA01E8036068038807A00DA1800E200EA016863008803A807A08D01200EA01E8036068038807A00DA1800E200EA016863008803A807A08D01200EA01E8036068038A80700DA1800E2A01E0068630088837A00A08D01200EEA018036068038A80700DA1800E2A01E0068630088837A00A08D01200EEA018036068038A80700DA1800E2A01E00686300A916478B185FEA527E4D0E52401B03682E0A7414EA18A063958E121DDFE8981550B6AD0E11406B636E1DCCEDBB64FF1D77DC114E1CCABC7E10BDCC67F0979F666E77A18A3848016D0C2055AC34F1988EDEC6809E34B7FBEBF8CA29BB5BC7EDC6F4CEE8186ECAF70E10474B1D7B74BC664C56F6579ADB5FEA280E30BE6E3AAA9DF2F25E453A3EA49A3848016D0C20555CACA3B38E0B4D48E3EE1A3ADB35D9D3ECF31B5657B36D6FB6FDC218A1DCEEE43CAF9773DB6F84F67DDA39AF2BC6F8371D63A9260E52401B034825D2A0173819E1201DB798DB2D1C831A600C4C99ACED5E735BCAEED2B163E0C0817E231C6E9E6BCDAF9DF39C9031BD4E4E66F97FE6B5B79A2CD56687055453D803D262392845890DFC528011024436C2C98E495D1B3A3B2EA74CC61854BEA3C918E5761BB31D904046A8CC7B8A19BE1B3A3B3E59E8982E843F205DA7E37424232C2E2E1EC02F0518214064235CE2184F91C9FEEA7CE50A4DB6A88C51FD38746EE24C38230C9711568631C262F3BE0F389F87C932D10F4A4B2318E1BA3E7DFAB4E057028C102018DBE559E83342DB35DAD9292B136464028D4C5E91AED4BEA64CCB3046D8D567743623946CF28A0023DC6F5E5FBA450B1CD3EC413535292B0C34C292929241FC429060FBA2FB1D729E163E4372BBD1BAFB323CBBB5135A2ADCE745F897A84C0619849DA473838E3526DCE7F5A68AE23E586D201B8424FDD1A2FB1D721219DB932ECA713A26980CACAFD94E70323231B056E639B2A4618BC9147BF80CAB6F14238C34D667678DCA128D179CF7B2639610C7C18A831324B17DD1FD0ED044B1306E9046B4F12D241B8414FED1A2FB1D0023CC7823FCA17370EAC72F0249D637DDEF001861F61CAC3838418AB242BADF0130C2CC3F580D1E3C987A809440F73B0046980D4897688353DF0124D108E97E07C008331A99997B48C74CB3A5DB0A52A173BADF0130C28C36C1014E6658871942BCE88CEF2A9D016A590F7D54C72A1D7B7D1365F6CBD2095DE6195D76B4BEFD037E35C00831C24C31C168FB01C23264C89042331678BC096794714326D2ACD35146B60818213427FDA2989D7D9CF11C88A65F9915BA2146F30B17DB254BE457058C109ACB04A3991C992144449BD6C3FEA511C3870F570F3FFCB09A3F7FBEDAB66D9BDABF7FBF3A7EFCB8124E9D3AA56A6B6BD5C71F7FAC162C58E0951B31624490212ED5AFF37D7E61C008211514C698E9C55A1EF280A2A2A29666FCAFDEBCCACACAD4DCB9733DA38B8563C78EA9458B16A9891327FACF437A486FFBF06B034608A930C101713CEF2866088E0956B9A6356DDA342FF34B843367CEA8254B967819A5F3DA4775DCC9AF0E1821A4D30493F57CC81DBD36C804A50B544C2C59D4D4D4A8499326B966789C33D100460889126D624C73BF0E6429664CB0DEA4D6AF5FAF52818C29CAF8A19B19EAF7EE4A0D004608899857B2BA35C90CF357A70DCE192A99602A9189351515150DD61FCA1A456A02304288C7B4AC097E47C728B38D05FFF398409387141717FFD31D134C66776838BEFAEA2B3566CC187702CD4C6A02304288377313137B2E74F67CA2CFC56086E19E8719E611B258DE9D1D9AE8C4985878FFFDF7FD93677E408D004608B19A60C86474CA89A698A16B8236463A8F3366983F1AADBFA6A02C91686E2A2B2B5D337C941A018C102211CE9C824C2D921906957F36A03C6386398E8CCBD9D3A6C9D28658D70926835DBB7635585FA8B3D22BA919C008219209F68BC1DC82CCB0A926E83743BA49B3CFE496EBF851A432E604DA9E09C94CCE74E12EB8D79F7910B5071821C46B46D1CC30561374DF9FAB5664A1F68CB12C976B068629F36873CD148DC4BC79F398340318214435C1A69A5038333C2F4E13F467A498619619A17B8E4F7F86E82EA0DFB16347DA8C50D62CBAC64DED014608F19A602433FC2801134CF4F340661861BDD1584374AF27D89CB345FD7CFAE9A70DD614527B8011423232B020334CC404FD66C89861961AA19B21BAF7ED5524D2812CB0773F0BB507F92646224CE89F2FD1B192F30232C18FCCFE449849FDE45EA41B8C1000C26584F1665E9132C25816DD9311E6DE9FD00D72A26BB9623C192100643AF61249A918238CC70C1923CC6E23AC3740A70C638400901566184B06166E8944D0ACD158CC9059A3D96B84EB646D9E6B804E19668D024056996134138AB64E30D633D058AE0BB18E301B8DB051061850E6F14C584728EFED18F7E3D41E00C493913575B17CAC6668BB6739DB470EA2B3AFD24C38B38CEF62BD5CB51E0062CE0C633D634C53CDD0BE1F2698A30C1F3EFCFBEEB946E5D248691E1F3CCE750901A02999A1BF9B725428F675825C7D023CDC71C2050B1634BB11CE9933C735C217A8110068AA19FA2FCAFB5C28F6C5F2E19EC712893CC2ED1E1D3F7E7CB32EA3A8A9A9F13251FBFEC3860DEB498D00405309BA38EFC8507C57A8779F97E8FA45C832CC7AC20FAC192D5AB4A8D98CF0C1071F744FB6BD90DA008044CD30199926B343F33C2B940CED3FFFF94FCA4D70C992256E97E8696D84DDA9090048A719B2583ECF71AF54FF9BDFFC461D3B762C6526585D5DDDA04B54C7386A000012CDE412E9CEA43B1442454545DFD3865467CDA9A2A2C23BF5592A4CB0ACAC8C0932009032338C35A363620CD42317F0D571C89A948CE11D3C7830A9DDA1BE4C70A936E096FCF200902C62EDDEA43B141A21A763B36B0B25247B9353A0253A3BF4BEFBEE6B7419284C1000D2698672DA34CE1803810C1932A4501BD551D7B8E4CC33B19E8F5416CBCB3A415F16E87587628200904AFA1993EB17E1F13A4C10A264865DDDAB53D8F8D5AF7EA55E7BED35555555E5CD2EB5E388B215E393EC51CE1D3A79F2E4A04B409D66620C00A43B33A43B149A8C646DDA101FF66787F184AC1364890400A4DB0C3141880B734ED2E9EE449A26868C35BEC01963002013CC702626088952565676B1193F7C5426BB04749DEE97EB09CAA594B4690EE504DA009029C898A00AB144020000F2982BF90900000000000000000000000000000000000000000000000000000000009ACEFF03CAA4E7067C275DCA0000000049454E44AE426082, '1');
INSERT INTO `act_ge_bytearray` VALUES ('6', '1', 'source', null, 0x7B226964223A2263616E766173222C227265736F757263654964223A2263616E766173222C227374656E63696C736574223A7B226E616D657370616365223A22687474703A2F2F62336D6E2E6F72672F7374656E63696C7365742F62706D6E322E3023227D7D, null);
INSERT INTO `act_ge_bytearray` VALUES ('7502', '2', 'source', null, 0x7B227265736F757263654964223A2237353031222C2270726F70657274696573223A7B2270726F636573735F6964223A226C65617665436F756E7465725369676E222C226E616D65223A22E8AFB7E58187E6B581E7A88B2DE4BC9AE7ADBE222C22646F63756D656E746174696F6E223A22E8AFB7E58187E6B581E7A88BE6BC94E7A4BA2DE4BC9AE7ADBE222C2270726F636573735F617574686F72223A22222C2270726F636573735F76657273696F6E223A22222C2270726F636573735F6E616D657370616365223A22687474703A2F2F7777772E61637469766974692E6F72672F74657374222C22657865637574696F6E6C697374656E657273223A227B5C22657865637574696F6E4C697374656E6572735C223A5C225B5D5C227D222C226576656E746C697374656E657273223A227B5C226576656E744C697374656E6572735C223A5C225B5D5C227D222C227369676E616C646566696E6974696F6E73223A225C225B5D5C22222C226D657373616765646566696E6974696F6E73223A225C225B5D5C22222C226D65737361676573223A5B5D7D2C227374656E63696C223A7B226964223A2242504D4E4469616772616D227D2C226368696C64536861706573223A5B7B227265736F757263654964223A2273746172746576656E7431222C2270726F70657274696573223A7B226F766572726964656964223A2273746172746576656E7431222C226E616D65223A225374617274222C22646F63756D656E746174696F6E223A22222C22657865637574696F6E6C697374656E657273223A7B22657865637574696F6E4C697374656E657273223A5B5D7D2C22696E69746961746F72223A226170706C79557365724964222C22666F726D6B6579646566696E6974696F6E223A22222C22666F726D70726F70657274696573223A7B22666F726D50726F70657274696573223A5B7B226964223A22737461727444617465222C226E616D65223A22E8AFB7E58187E5BC80E5A78BE697A5E69C9F222C2274797065223A2264617465222C2265787072657373696F6E223A6E756C6C2C227661726961626C65223A6E756C6C2C22646174655061747465726E223A22797979792D4D4D2D6464222C227265717569726564223A747275652C227265616461626C65223A747275652C227772697461626C65223A747275657D2C7B226964223A22656E6444617465222C226E616D65223A22E8AFB7E58187E7BB93E69D9FE697A5E69C9F222C2274797065223A2264617465222C2265787072657373696F6E223A6E756C6C2C227661726961626C65223A6E756C6C2C22646174655061747465726E223A22797979792D4D4D2D6464222C227265717569726564223A747275652C227265616461626C65223A747275652C227772697461626C65223A747275657D2C7B226964223A22726561736F6E222C226E616D65223A22E8AFB7E58187E58E9FE59BA0222C2274797065223A22737472696E67222C2265787072657373696F6E223A6E756C6C2C227661726961626C65223A6E756C6C2C227265717569726564223A747275652C227265616461626C65223A747275652C227772697461626C65223A747275657D2C7B226964223A227573657273222C226E616D65223A22E5AEA1E689B9E58F82E4B88EE4BABA222C2274797065223A227573657273222C2265787072657373696F6E223A6E756C6C2C227661726961626C65223A6E756C6C2C227265717569726564223A747275652C227265616461626C65223A747275652C227772697461626C65223A747275657D2C7B226964223A2276616C6964536372697074222C226E616D65223A6E756C6C2C2274797065223A226A617661736372697074222C2265787072657373696F6E223A6E756C6C2C227661726961626C65223A6E756C6C2C227265717569726564223A66616C73652C227265616461626C65223A747275652C227772697461626C65223A747275657D5D7D7D2C227374656E63696C223A7B226964223A2253746172744E6F6E654576656E74227D2C226368696C64536861706573223A5B5D2C226F7574676F696E67223A5B7B227265736F757263654964223A22666C6F7732227D5D2C22626F756E6473223A7B226C6F7765725269676874223A7B2278223A34302C2279223A36307D2C2275707065724C656674223A7B2278223A31302C2279223A33307D7D2C22646F636B657273223A5B5D7D2C7B227265736F757263654964223A22636F756E7465727369676E222C2270726F70657274696573223A7B226F766572726964656964223A22636F756E7465727369676E222C226E616D65223A225BE983A8E997A82FE4BABAE4BA8B5DE88194E59088E4BC9AE7ADBE222C22646F63756D656E746174696F6E223A22222C226173796E6368726F6E6F7573646566696E6974696F6E223A66616C73652C226578636C7573697665646566696E6974696F6E223A747275652C22657865637574696F6E6C697374656E657273223A7B22657865637574696F6E4C697374656E657273223A5B5D7D2C226D756C7469696E7374616E63655F74797065223A22506172616C6C656C222C226D756C7469696E7374616E63655F63617264696E616C697479223A22222C226D756C7469696E7374616E63655F636F6C6C656374696F6E223A227573657273222C226D756C7469696E7374616E63655F7661726961626C65223A2275736572222C226D756C7469696E7374616E63655F636F6E646974696F6E223A22222C226973666F72636F6D70656E736174696F6E223A2266616C7365222C22757365727461736B61737369676E6D656E74223A7B2261737369676E6D656E74223A7B2274797065223A22737461746963222C2261737369676E6565223A22247B757365727D227D7D2C22666F726D6B6579646566696E6974696F6E223A22222C2264756564617465646566696E6974696F6E223A22222C227072696F72697479646566696E6974696F6E223A22222C22666F726D70726F70657274696573223A7B22666F726D50726F70657274696573223A5B7B226964223A22737461727444617465222C226E616D65223A22E8AFB7E58187E5BC80E5A78BE697A5E69C9F222C2274797065223A2264617465222C2265787072657373696F6E223A6E756C6C2C227661726961626C65223A6E756C6C2C22646174655061747465726E223A22797979792D4D4D2D6464222C227265717569726564223A66616C73652C227265616461626C65223A747275652C227772697461626C65223A66616C73657D2C7B226964223A22656E6444617465222C226E616D65223A22E8AFB7E58187E7BB93E69D9FE697A5E69C9F222C2274797065223A2264617465222C2265787072657373696F6E223A6E756C6C2C227661726961626C65223A6E756C6C2C22646174655061747465726E223A22797979792D4D4D2D6464222C227265717569726564223A66616C73652C227265616461626C65223A747275652C227772697461626C65223A66616C73657D2C7B226964223A22726561736F6E222C226E616D65223A22E8AFB7E58187E58E9FE59BA0222C2274797065223A22737472696E67222C2265787072657373696F6E223A6E756C6C2C227661726961626C65223A6E756C6C2C227265717569726564223A66616C73652C227265616461626C65223A747275652C227772697461626C65223A66616C73657D2C7B226964223A22617070726F766564222C226E616D65223A22E5AEA1E689B9E6848FE8A781222C2274797065223A22656E756D222C2265787072657373696F6E223A6E756C6C2C227661726961626C65223A6E756C6C2C22656E756D56616C756573223A5B7B226E616D65223A22E5908CE6848F222C226964223A2274727565227D2C7B226E616D65223A22E68B92E7BB9D222C226964223A2266616C7365227D5D2C227265717569726564223A747275652C227265616461626C65223A747275652C227772697461626C65223A747275657D5D7D2C227461736B6C697374656E657273223A7B227461736B4C697374656E657273223A5B7B226576656E74223A22636F6D706C657465222C2264656C656761746545787072657373696F6E223A22247B6C65617665436F756E7465725369676E436F6D706C6574654C697374656E65727D227D5D7D7D2C227374656E63696C223A7B226964223A22557365725461736B227D2C226368696C64536861706573223A5B5D2C226F7574676F696E67223A5B7B227265736F757263654964223A22666C6F773134227D5D2C22626F756E6473223A7B226C6F7765725269676874223A7B2278223A3139352C2279223A37357D2C2275707065724C656674223A7B2278223A39302C2279223A32307D7D2C22646F636B657273223A5B5D7D2C7B227265736F757263654964223A227265706F72744261636B222C2270726F70657274696573223A7B226F766572726964656964223A227265706F72744261636B222C226E616D65223A22E99480E58187222C22646F63756D656E746174696F6E223A22222C226173796E6368726F6E6F7573646566696E6974696F6E223A66616C73652C226578636C7573697665646566696E6974696F6E223A747275652C22657865637574696F6E6C697374656E657273223A7B22657865637574696F6E4C697374656E657273223A5B5D7D2C226D756C7469696E7374616E63655F74797065223A224E6F6E65222C226D756C7469696E7374616E63655F63617264696E616C697479223A22222C226D756C7469696E7374616E63655F636F6C6C656374696F6E223A22222C226D756C7469696E7374616E63655F7661726961626C65223A22222C226D756C7469696E7374616E63655F636F6E646974696F6E223A22222C226973666F72636F6D70656E736174696F6E223A2266616C7365222C22757365727461736B61737369676E6D656E74223A7B2261737369676E6D656E74223A7B2274797065223A22737461746963222C2261737369676E6565223A22247B6170706C795573657249647D227D7D2C22666F726D6B6579646566696E6974696F6E223A22222C2264756564617465646566696E6974696F6E223A22222C227072696F72697479646566696E6974696F6E223A22222C22666F726D70726F70657274696573223A7B22666F726D50726F70657274696573223A5B7B226964223A22737461727444617465222C226E616D65223A22E8AFB7E58187E5BC80E5A78BE697A5E69C9F222C2274797065223A2264617465222C2265787072657373696F6E223A6E756C6C2C227661726961626C65223A6E756C6C2C22646174655061747465726E223A22797979792D4D4D2D6464222C227265717569726564223A66616C73652C227265616461626C65223A747275652C227772697461626C65223A66616C73657D2C7B226964223A22656E6444617465222C226E616D65223A22E8AFB7E58187E7BB93E69D9FE697A5E69C9F222C2274797065223A2264617465222C2265787072657373696F6E223A6E756C6C2C227661726961626C65223A6E756C6C2C22646174655061747465726E223A22797979792D4D4D2D6464222C227265717569726564223A66616C73652C227265616461626C65223A747275652C227772697461626C65223A66616C73657D2C7B226964223A22726561736F6E222C226E616D65223A22E8AFB7E58187E58E9FE59BA0222C2274797065223A22737472696E67222C2265787072657373696F6E223A6E756C6C2C227661726961626C65223A6E756C6C2C227265717569726564223A66616C73652C227265616461626C65223A747275652C227772697461626C65223A66616C73657D2C7B226964223A227265706F72744261636B44617465222C226E616D65223A22E99480E58187E697A5E69C9F222C2274797065223A2264617465222C2265787072657373696F6E223A6E756C6C2C227661726961626C65223A6E756C6C2C22646174655061747465726E223A22797979792D4D4D2D6464222C227265717569726564223A747275652C227265616461626C65223A747275652C227772697461626C65223A747275657D5D7D2C227461736B6C697374656E657273223A7B227461736B4C697374656E657273223A5B5D7D7D2C227374656E63696C223A7B226964223A22557365725461736B227D2C226368696C64536861706573223A5B5D2C226F7574676F696E67223A5B7B227265736F757263654964223A22666C6F7738227D5D2C22626F756E6473223A7B226C6F7765725269676874223A7B2278223A3434352C2279223A37357D2C2275707065724C656674223A7B2278223A3334302C2279223A32307D7D2C22646F636B657273223A5B5D7D2C7B227265736F757263654964223A22656E646576656E7431222C2270726F70657274696573223A7B226F766572726964656964223A22656E646576656E7431222C226E616D65223A22456E64222C22646F63756D656E746174696F6E223A22222C22657865637574696F6E6C697374656E657273223A7B22657865637574696F6E4C697374656E657273223A5B5D7D7D2C227374656E63696C223A7B226964223A22456E644E6F6E654576656E74227D2C226368696C64536861706573223A5B5D2C226F7574676F696E67223A5B5D2C22626F756E6473223A7B226C6F7765725269676874223A7B2278223A3430332C2279223A3233317D2C2275707065724C656674223A7B2278223A3337352C2279223A3230337D7D2C22646F636B657273223A5B5D7D2C7B227265736F757263654964223A22666C6F7732222C2270726F70657274696573223A7B226F766572726964656964223A22666C6F7732222C226E616D65223A22222C22646F63756D656E746174696F6E223A22222C22636F6E646974696F6E73657175656E6365666C6F77223A22222C22657865637574696F6E6C697374656E657273223A7B22657865637574696F6E4C697374656E657273223A5B7B226576656E74223A2274616B65222C2265787072657373696F6E223A22247B657865637574696F6E2E7365745661726961626C652827617070726F766564436F756E746572272C2030297D227D5D7D2C2264656661756C74666C6F77223A2266616C7365227D2C227374656E63696C223A7B226964223A2253657175656E6365466C6F77227D2C226368696C64536861706573223A5B5D2C226F7574676F696E67223A5B7B227265736F757263654964223A22636F756E7465727369676E227D5D2C22626F756E6473223A7B226C6F7765725269676874223A7B2278223A38392E31373630303735313939343239332C2279223A34362E3336353434363936383530393432347D2C2275707065724C656674223A7B2278223A34302E3638373237333733303035373036352C2279223A34352E3333333737313738313439303537367D7D2C22646F636B657273223A5B7B2278223A31352C2279223A31357D2C7B2278223A35322E352C2279223A32372E357D5D2C22746172676574223A7B227265736F757263654964223A22636F756E7465727369676E227D7D2C7B227265736F757263654964223A22666C6F7738222C2270726F70657274696573223A7B226F766572726964656964223A22666C6F7738222C226E616D65223A22E99480E58187222C22646F63756D656E746174696F6E223A22222C22636F6E646974696F6E73657175656E6365666C6F77223A22222C22657865637574696F6E6C697374656E657273223A7B22657865637574696F6E4C697374656E657273223A5B7B226576656E74223A2274616B65222C2265787072657373696F6E223A22247B657865637574696F6E2E7365745661726961626C652827726573756C74272C20276F6B27297D227D5D7D2C2264656661756C74666C6F77223A2266616C7365227D2C227374656E63696C223A7B226964223A2253657175656E6365466C6F77227D2C226368696C64536861706573223A5B5D2C226F7574676F696E67223A5B7B227265736F757263654964223A22656E646576656E7431227D5D2C22626F756E6473223A7B226C6F7765725269676874223A7B2278223A3339312E393138383038353538313933312C2279223A3230362E37333036383138373137373937387D2C2275707065724C656674223A7B2278223A3338392E323132303530383136383036392C2279223A37352E36343632373132353332323032337D7D2C22646F636B657273223A5B7B2278223A35322E352C2279223A32372E357D2C7B2278223A31342C2279223A31347D5D2C22746172676574223A7B227265736F757263654964223A22656E646576656E7431227D7D2C7B227265736F757263654964223A22666C6F773133222C2270726F70657274696573223A7B226F766572726964656964223A22666C6F773133222C226E616D65223A22E585A8E983A8E9809AE8BF87222C22646F63756D656E746174696F6E223A22222C22636F6E646974696F6E73657175656E6365666C6F77223A22247B617070726F766564436F756E746572203D3D2075736572732E73697A6528297D222C22657865637574696F6E6C697374656E657273223A22222C2264656661756C74666C6F77223A2266616C7365227D2C227374656E63696C223A7B226964223A2253657175656E6365466C6F77227D2C226368696C64536861706573223A5B5D2C226F7574676F696E67223A5B7B227265736F757263654964223A227265706F72744261636B227D5D2C22626F756E6473223A7B226C6F7765725269676874223A7B2278223A3333392E303738313330333734383535392C2279223A34372E33323438343633323930393738397D2C2275707065724C656674223A7B2278223A3236302E303632343934363235313434312C2279223A34372E30363537373836373039303231317D7D2C22646F636B657273223A5B7B2278223A32302C2279223A32307D2C7B2278223A35322E352C2279223A32372E357D5D2C22746172676574223A7B227265736F757263654964223A227265706F72744261636B227D7D2C7B227265736F757263654964223A226578636C75736976656761746577617931222C2270726F70657274696573223A7B226F766572726964656964223A226578636C75736976656761746577617931222C226E616D65223A224578636C75736976652047617465776179222C22646F63756D656E746174696F6E223A22222C2273657175656E6365666C6F776F72646572223A22222C22657865637574696F6E6C697374656E657273223A7B22657865637574696F6E4C697374656E657273223A5B5D7D7D2C227374656E63696C223A7B226964223A224578636C757369766547617465776179227D2C226368696C64536861706573223A5B5D2C226F7574676F696E67223A5B7B227265736F757263654964223A22666C6F773133227D2C7B227265736F757263654964223A22666C6F773135227D5D2C22626F756E6473223A7B226C6F7765725269676874223A7B2278223A3236302C2279223A36377D2C2275707065724C656674223A7B2278223A3232302C2279223A32377D7D2C22646F636B657273223A5B5D7D2C7B227265736F757263654964223A22666C6F773134222C2270726F70657274696573223A7B226F766572726964656964223A22666C6F773134222C226E616D65223A22222C22646F63756D656E746174696F6E223A22222C22636F6E646974696F6E73657175656E6365666C6F77223A22222C22657865637574696F6E6C697374656E657273223A22222C2264656661756C74666C6F77223A2266616C7365227D2C227374656E63696C223A7B226964223A2253657175656E6365466C6F77227D2C226368696C64536861706573223A5B5D2C226F7574676F696E67223A5B7B227265736F757263654964223A226578636C75736976656761746577617931227D5D2C22626F756E6473223A7B226C6F7765725269676874223A7B2278223A3231392E39353730343433393839383435382C2279223A34372E32323932343638363233303234387D2C2275707065724C656674223A7B2278223A3139352E32393638363138353130313534322C2279223A34372E31303237383433383736393735327D7D2C22646F636B657273223A5B7B2278223A35322E352C2279223A32372E357D2C7B2278223A32302C2279223A32307D5D2C22746172676574223A7B227265736F757263654964223A226578636C75736976656761746577617931227D7D2C7B227265736F757263654964223A226D6F646966794170706C79222C2270726F70657274696573223A7B226F766572726964656964223A226D6F646966794170706C79222C226E616D65223A22E8B083E695B4E794B3E8AFB7222C22646F63756D656E746174696F6E223A22222C226173796E6368726F6E6F7573646566696E6974696F6E223A66616C73652C226578636C7573697665646566696E6974696F6E223A747275652C22657865637574696F6E6C697374656E657273223A7B22657865637574696F6E4C697374656E657273223A5B5D7D2C226D756C7469696E7374616E63655F74797065223A224E6F6E65222C226D756C7469696E7374616E63655F63617264696E616C697479223A22222C226D756C7469696E7374616E63655F636F6C6C656374696F6E223A22222C226D756C7469696E7374616E63655F7661726961626C65223A22222C226D756C7469696E7374616E63655F636F6E646974696F6E223A22222C226973666F72636F6D70656E736174696F6E223A2266616C7365222C22757365727461736B61737369676E6D656E74223A7B2261737369676E6D656E74223A7B2274797065223A22737461746963222C2261737369676E6565223A22247B6170706C795573657249647D227D7D2C22666F726D6B6579646566696E6974696F6E223A22222C2264756564617465646566696E6974696F6E223A22222C227072696F72697479646566696E6974696F6E223A22222C22666F726D70726F70657274696573223A7B22666F726D50726F70657274696573223A5B7B226964223A22737461727444617465222C226E616D65223A22E8AFB7E58187E5BC80E5A78BE697A5E69C9F222C2274797065223A2264617465222C2265787072657373696F6E223A6E756C6C2C227661726961626C65223A6E756C6C2C22646174655061747465726E223A22797979792D4D4D2D6464222C227265717569726564223A747275652C227265616461626C65223A747275652C227772697461626C65223A747275657D2C7B226964223A22656E6444617465222C226E616D65223A22E8AFB7E58187E7BB93E69D9FE697A5E69C9F222C2274797065223A2264617465222C2265787072657373696F6E223A6E756C6C2C227661726961626C65223A6E756C6C2C22646174655061747465726E223A22797979792D4D4D2D6464222C227265717569726564223A747275652C227265616461626C65223A747275652C227772697461626C65223A747275657D2C7B226964223A22726561736F6E222C226E616D65223A22E8AFB7E58187E58E9FE59BA0222C2274797065223A22737472696E67222C2265787072657373696F6E223A6E756C6C2C227661726961626C65223A6E756C6C2C227265717569726564223A747275652C227265616461626C65223A747275652C227772697461626C65223A747275657D2C7B226964223A2272654170706C79222C226E616D65223A22E9878DE696B0E794B3E8AFB7222C2274797065223A22656E756D222C2265787072657373696F6E223A6E756C6C2C227661726961626C65223A6E756C6C2C22656E756D56616C756573223A5B7B226E616D65223A22E9878DE696B0E794B3E8AFB7222C226964223A2274727565227D2C7B226E616D65223A22E58F96E6B688E794B3E8AFB7222C226964223A2266616C7365227D5D2C227265717569726564223A747275652C227265616461626C65223A747275652C227772697461626C65223A747275657D5D7D2C227461736B6C697374656E657273223A7B227461736B4C697374656E657273223A5B5D7D7D2C227374656E63696C223A7B226964223A22557365725461736B227D2C226368696C64536861706573223A5B5D2C226F7574676F696E67223A5B7B227265736F757263654964223A22666C6F773136227D5D2C22626F756E6473223A7B226C6F7765725269676874223A7B2278223A3239332C2279223A3136357D2C2275707065724C656674223A7B2278223A3138382C2279223A3131307D7D2C22646F636B657273223A5B5D7D2C7B227265736F757263654964223A22666C6F773135222C2270726F70657274696573223A7B226F766572726964656964223A22666C6F773135222C226E616D65223A22E983A8E58886E9809AE8BF87222C22646F63756D656E746174696F6E223A22222C22636F6E646974696F6E73657175656E6365666C6F77223A22247B617070726F766564436F756E746572203C2075736572732E73697A6528297D222C22657865637574696F6E6C697374656E657273223A22222C2264656661756C74666C6F77223A2266616C7365227D2C227374656E63696C223A7B226964223A2253657175656E6365466C6F77227D2C226368696C64536861706573223A5B5D2C226F7574676F696E67223A5B7B227265736F757263654964223A226D6F646966794170706C79227D5D2C22626F756E6473223A7B226C6F7765725269676874223A7B2278223A3234302E33343630333737323234343033342C2279223A3130392E363332383237373631377D2C2275707065724C656674223A7B2278223A3234302E31313039393335323735353936362C2279223A36372E303839383238343838337D7D2C22646F636B657273223A5B7B2278223A32302C2279223A32307D2C7B2278223A35322E352C2279223A32372E357D5D2C22746172676574223A7B227265736F757263654964223A226D6F646966794170706C79227D7D2C7B227265736F757263654964223A226578636C75736976656761746577617932222C2270726F70657274696573223A7B226F766572726964656964223A226578636C75736976656761746577617932222C226E616D65223A224578636C75736976652047617465776179222C22646F63756D656E746174696F6E223A22222C2273657175656E6365666C6F776F72646572223A22222C22657865637574696F6E6C697374656E657273223A7B22657865637574696F6E4C697374656E657273223A5B5D7D7D2C227374656E63696C223A7B226964223A224578636C757369766547617465776179227D2C226368696C64536861706573223A5B5D2C226F7574676F696E67223A5B7B227265736F757263654964223A22666C6F773137227D2C7B227265736F757263654964223A22666C6F773138227D5D2C22626F756E6473223A7B226C6F7765725269676874223A7B2278223A3236302C2279223A3234307D2C2275707065724C656674223A7B2278223A3232302C2279223A3230307D7D2C22646F636B657273223A5B5D7D2C7B227265736F757263654964223A22666C6F773136222C2270726F70657274696573223A7B226F766572726964656964223A22666C6F773136222C226E616D65223A22222C22646F63756D656E746174696F6E223A22222C22636F6E646974696F6E73657175656E6365666C6F77223A22222C22657865637574696F6E6C697374656E657273223A22222C2264656661756C74666C6F77223A2266616C7365227D2C227374656E63696C223A7B226964223A2253657175656E6365466C6F77227D2C226368696C64536861706573223A5B5D2C226F7574676F696E67223A5B7B227265736F757263654964223A226578636C75736976656761746577617932227D5D2C22626F756E6473223A7B226C6F7765725269676874223A7B2278223A3234302E33323938373730303532343232322C2279223A3139392E3636343038303836343936377D2C2275707065724C656674223A7B2278223A3234302E31323332343739393437353737382C2279223A3136352E3537303239343133353033337D7D2C22646F636B657273223A5B7B2278223A35322E352C2279223A32372E357D2C7B2278223A32302C2279223A32307D5D2C22746172676574223A7B227265736F757263654964223A226578636C75736976656761746577617932227D7D2C7B227265736F757263654964223A22666C6F773137222C2270726F70657274696573223A7B226F766572726964656964223A22666C6F773137222C226E616D65223A22222C22646F63756D656E746174696F6E223A22222C22636F6E646974696F6E73657175656E6365666C6F77223A22247B72654170706C79203D3D202766616C7365277D222C22657865637574696F6E6C697374656E657273223A22222C2264656661756C74666C6F77223A2266616C7365227D2C227374656E63696C223A7B226964223A2253657175656E6365466C6F77227D2C226368696C64536861706573223A5B5D2C226F7574676F696E67223A5B7B227265736F757263654964223A22656E646576656E7431227D5D2C22626F756E6473223A7B226C6F7765725269676874223A7B2278223A3337382E36383737303236333139363631352C2279223A3231392E36303438363938353136353033347D2C2275707065724C656674223A7B2278223A3235392E36323437393733363830333338352C2279223A3231372E32303736333031343833343936367D7D2C22646F636B657273223A5B7B2278223A32302C2279223A32307D2C7B2278223A31342C2279223A31347D5D2C22746172676574223A7B227265736F757263654964223A22656E646576656E7431227D7D2C7B227265736F757263654964223A22666C6F773138222C2270726F70657274696573223A7B226F766572726964656964223A22666C6F773138222C226E616D65223A22E9878DE696B0E794B3E8AFB7222C22646F63756D656E746174696F6E223A22222C22636F6E646974696F6E73657175656E6365666C6F77223A22247B72654170706C79203D3D202774727565277D222C22657865637574696F6E6C697374656E657273223A7B22657865637574696F6E4C697374656E657273223A5B7B226576656E74223A2274616B65222C2265787072657373696F6E223A22247B657865637574696F6E2E7365745661726961626C652827617070726F766564436F756E746572272C2030297D227D5D7D2C2264656661756C74666C6F77223A2266616C7365227D2C227374656E63696C223A7B226964223A2253657175656E6365466C6F77227D2C226368696C64536861706573223A5B5D2C226F7574676F696E67223A5B7B227265736F757263654964223A22636F756E7465727369676E227D5D2C22626F756E6473223A7B226C6F7765725269676874223A7B2278223A3231392E3835393337352C2279223A3232307D2C2275707065724C656674223A7B2278223A3134322C2279223A37352E34353331323037393932323833327D7D2C22646F636B657273223A5B7B2278223A32302C2279223A32307D2C7B2278223A3134322C2279223A3232307D2C7B2278223A35322E352C2279223A32372E357D5D2C22746172676574223A7B227265736F757263654964223A22636F756E7465727369676E227D7D5D2C22626F756E6473223A7B226C6F7765725269676874223A7B2278223A313230302C2279223A313035307D2C2275707065724C656674223A7B2278223A302C2279223A307D7D2C227374656E63696C736574223A7B2275726C223A227374656E63696C736574732F62706D6E322E302F62706D6E322E302E6A736F6E222C226E616D657370616365223A22687474703A2F2F62336D6E2E6F72672F7374656E63696C7365742F62706D6E322E3023227D2C227373657874656E73696F6E73223A5B5D7D, null);
INSERT INTO `act_ge_bytearray` VALUES ('7507', '1', 'source-extra', null, 0x89504E470D0A1A0A0000000D49484452000001EF000001220806000000D0FF5AA7000000206348524D00007A26000080840000FA00000080E8000075300000EA6000003A98000017709CBA513C0000000467414D410000B18E7CFB5193000000017352474200AECE1CE900000006624B474400FF00FF00FFA0BDA793000000097048597300000EC400000EC401952B0E1B000020004944415478DAED9D097814C5D6862B1B49D84184C8EE0AC88E082EA8E88F881B8B40164140AE5EAF57101071C10DAF1BB2081754BC8A1A4024806C0A888810050404645F5508102060202104082124FFF97AAA436732934C924998997CEFF35466EBE9E95477F557E7D4A9534A1142082184104208218410420821841042082184104208218410420821841042082184104208218410420821841042082184104208218410420821841042082184104208218410420821841042082184104208218410420821841042082184104FC38F5570F9C8CACA0AD9BF7FFF80D4D4D4DE67CF9E6D70E6CC9990CCCC4C564C715CE87E7E59C1C1C127CA9429F3DB850B17C6B46BD76E056B85B09DB39D53BC498190C6FCAFC4C4C4B169696965C3C2C254A54A9554850A1594BFBF3F2BA718C0CD526E9E2A252545252424A45FBC7871D7B973E77ADF77DF7DDB593B84ED9CED9CE24DF2E5E0C183F3F7EDDBD7A56EDDBAAA66CD9AE82DB2524A9823478EA8B8B8B873621545DD73CF3D0B582384ED9CEDDC9B08E0E92DF9062DA54BA3468DD495575EC9067D9980F553B56AD5A0E3C78F3FD8BB77EF6D53A74EDDCB5A216CE76CE7146F920BB8D0A41738140DBA62C58AB93E3F9F7A4C25EC9CA712762D5089FB57A8B349FB5570B9EA2A30B8222BAF182853A60C1A76704242C203BD7AF55AF4D5575F1D67AD10B673B6736F80032F2504825630F605179AB3067DE8F72F546AE21E9579315D656566A8B327FF5207377EAED2520EB3028B8972E5CAA9FAF5EB670604044C606D10B673B6738A37B1EF8D0F40D00AC6BE1C71F2C04A95917E26D7FB68E089FB635981C548EDDAB5AB0606065EFFE38F3FDEE26DC7DEAF5FBFCA3C836CE7C4B7DB39C5FB3282692288367536F6752E8F5E377AEBA478A95EBD7A823C74F7A6637EEDB5D77A8B5024BDF9E69B7D7906D9CE896FB6738AF76506F33B314DC41959172F38FF7216E7841637D5AA55AB250FEDBDE5785F7FFDF5A8F8F8F829F7DF7F3FA269BF183E7C783F9E45B673E25BED9CE2ED01203103221F896722E7E62A7968E10DC73A6CD8B0EE070F1E9C3660C000FF3E7DFAA8418306F91F3B766CF29021431EE599643B27BED1CE29DE1E029207303183073704DBB909F4068B3B313171D6C08103035AB56A65BCD7BC79730878405252D2D4CB20E0D749192DE52117B6B5F70E7492D2415B42FF8261641A4896FDD5D6DBB5B794B7F47B263DA49477F29BAF4A89643B27DED4CE29DE5E44506815A79F0506B3274F94C2D8F6A14387BE82C56D0AB749D3A64DD5E0C1830D017FE69967BA95E061256A8185788638BA7C2DE27B9394AE52066B5145E0D09F52E2A4B4959261D9676B2DE2F15262A5A44A59A57F03115F1B2CBF81CF273A6B3E5262D8CE89AF516C3D905EBD7AD5CEC8C8E85AA54A956EE9E9E98DA55496D7C1D2F3C9080E0E4E96B2EBF4E9D30B65D3AFA74F9F1E5FDA4F44D5BAB7A9F433C77345A2060485AAAAF5DAF14AA570F7C5D8365CE4B0B41D81F79F7BEEB980B163C7CEECD3A74FCFA953A71677462908E9002903B5E00ED6429960D90682BC568BF7407DCF992D254ACA4B5AB8E1C69C2925D9F2BDB7F5772B6BE1C6765F4A7947CA12294DF4F619FAB787E8E3E96DE90418D5A22DFE2EFA3762D8CE09C5DB015151515D2B56ACF89A88F40DCD9A350B6ED9B265509D3A7530495E858484A8B4B4B44011ED6A6241DCB175EBD65BD6AF5FFFFA534F3DB52F252565D48C1933BE2AAD27A2FC958D54B9BF77A953477ECFF57E85EA8D79A5966EE1EE959F705B2DF0A14387068D19336656DFBE7D1F993265CAA2623A2C58DB70578F9192A6DF1BAF051C621B6D11D1646D59CF573637F97F2DDF515A884D510DD3963AC4F67F7ABB07A5ECD096787B6DB1F792F29816777C0711F773A44CD6F735F3B7EBEB6389663B27146F07444646D62F5BB6ECB472E5CA35EBD7AF5F45DC6402027227708380A3206560AB56AD8264DBA02D5BB634152BE1A3C71F7F7C686A6A6ACFD9B367FF591A4FC6C50BE772BD9771FE34AFD252CCE0C183BBEEDFBF7FCAC08103F3156EAB803FFFFCF365468F1E3D4F3AD39DA553BCC48D87544D8B6BB216E9488B750CD7F95D5A74BFD4221DAFC5394C0BEFED52562B9B9B3B55EF33D122B6095A686FD21636BE73585BDE60B77EDCAEB74DD0DFDD226599FE0CDF89B5B3C0D9CE894FE19631EF8888884811E4AD5DBA74B979DCB87115311EE748B89D819BD2D8B1632B868787372B5FBEFCA63E7DFA94AA79ABE967FE36322CA54A8FDC9E3327FE5007377C666C434A9FC59D9C9CFC8D3538CD5520E0C3860D0B0A0C0C9C27EDF321371E963986BC505BB9D15ABC9769CBBB9B165D58C51BB43043481FD78FAFE9CFE1423FAFF7B9565BF1CA22BE27A43C6111F43875C97D1E6767B93FA48FEB2D8BC00F663B2714EF3C10A1ED52B972E5CF870F1F5EA173E7CEC105116D7B3A75EAE4FFC61B6F94170B7ED2134F3CF14C693801709F1DDC38D9C86FEC8CB3C90754DC6F9354D2C15F555631CE05C5527ACE28E8FAC3D8575EDFC1E7667117BEB4463212B0C4C5C54D2D8C705B057CE8D0A12165CA9499ED4601372D5D675E3B0CDCD6B71A95CA360E8D68F27EBA7C66B74DB2EE005CA75FC75BAC6FA37FAF05DDB4DEDBEBED4DC6EB8EC2CF96EFA7B19D138A771E16776868E8D76FBDF556D9EBAFBFDE2D0754AF5E3DF59FFFFC27542C86D1BE6C81A3877D68D3147574E75C87E9127309D3C574756CEF6275E8F72F55DAE9A36AF6ECD9EADB6FBF35CA881123B0766DF6B67FFFFDB79A3973A6F1FCD75F7F554B962CC9515E7CF1C55CFBDFB061837AE081079CFEFE9429538CDF74955F7EF905E731C77B382653ACFBF7EF6F94EAD5AB67FF3E3E37FFA74F3EF944F5E8D1C338FE13274E18DBBCFCF2CB6ADBB66D4E7FF3DD77DF559F7EFAA94F083712B0608CBBB0C26D02AF9658E0EE1670D33A8610C3855E4FD9C6A14D81BDCE6EDBFADADA8ED625505D72839BFCA985DF7C8E6D56EBC71FF4F7FEB4ECC33E1DD92DEA92DB1C7CE80BED9C10B78B37C6B845B83F959E7D598C5FBB13ECEFA5975E0A152BFEC3A8A8A886BE58F1E861C3555650D073FF6BCD4786A075EEDCD92867CE9CC916C1193366A88D1B37AA93274FAABFFEFA4BB569D346DD73CF3DD9A55DBB762A393939D77EA74E9D0A2F8AF30BC5DF5F219B97230E1E3CA8E6CF9F9F2DBC28BFFDF69BF199F53DECE3D0A143C6FBB366CD328A74D28CD7AD5BB746762A785F8CFFE9C2850BEA9B6FBE51B7DC728BFAE8A38F0CD147DA4958938E58BB76AD4207F2AEBBEECAFE6D6F04AE7253B85D1DE376C5028780070505CD92F6D4C94D87BA4C8B2844F980B2B9BE63A57C6327A2F911A605BA899DA0438C63F4E756607147EA0E834943BD8F343B0F403BBBEDBCAA9D1F58FF3F2A14714AA103D6CA952B37436EB265DC65713BB2C0C3C3C3CBCA0D7E86BC6CE96B158F1E766109B074B960993EF1C413D989214E9D3AA5BA77EF6E88A2B364110818B49291916108292C576740F021BC58E6D01EACA084326AD428D5B0A1E3BED6575F7D65FC467EAC59B3C68897C0FF012B7BE7CE9D86688BA821C0D1F01ABCFFFEFB39BE83EDB66FDF6ED4835927E82CA013E04D380A4E43BD3FFDF4D3B9B69D306182B2769AD1F1F9C73FFE916B3B747C30D30302FEC20B2F84CA399A2302DEBD88416CD6686E47D4D725D6F21EC6B413F57358E6B5F5F3442DD4D74AF944BFF79EB205A9456A414ED3FBFB488B37447E9116EDFAFA1191ECBDF56FC26DBE4A770876786B3BC78A6384B855BC311D4CC4BBB15862C1C579701803FFE1871FAE95DFEB7DB9A791454646BEEAE7E7B7FDE8D1A30B6363638BDCAA1A76783BD77BB849C332EED5AB578EF7478E1C094F845AB870A16AD0A0816161C6FEF949F6CDFDB6DB6E736829BB0AACF52E5DBAA8F2E5CB3BB720E2E2D41F7FFCE150BC4D424343B305136BE8EA73683C7EFFFDF72E1D4B93264D547070B05ABF7EBD213828B0BA172C5880EBCE2839CCBF65CB8CCE8729DC86C926D63A5CF08F3FFEB87AEAA9A78CD7DE60716BE1CE31C65DB97265E3BAC0B00504DA3CB7185678EDB5D7B2B7C3708158D686C70254A952453DF8E08386705B2DF0E79F7FBEECE8D1A3BFC19097D4D1C2421EEE43EA528439C477B316E4FAFAF3F22AE798F4062DA6A6CB27DAEC37EAB24A1753F8FF5297A67CB5D3E2EE68F5B485EA521297342DEA988A868B01C13717F5766F690B7E8EF61494188EDA3921974DBC318FBB6FDFBE1570B3286EFAF7EF5FE1C30F3F7C19C6DB65AEABB7B2B2B2548D1A355245C8E78B904F17D158357BF6ECD4E2FA41B8A321625BB76E352CC99F7FFED9B048DF7EFB6DC31DEEC88A2E0C7099BFF1C61B796E53AB562DC33D9F17100A1C27F8FD77DB3CD6F4749BE571DF7DF7B9742CC80B0DE137DDE9A655697D0D8E1C3962B8C721482B56ACC8FE5D70FCF871B56BD72E3571E244C34285B8A353E4C68E5CFB84848455EEE8C469E13612B0C0E27634C67DE79D77AAA54B971AC3208635979989A5278D38010C37ECD9B3C7F03E98C28DBAC25AD266C7C90A2C7AB1C083C4028F298280CF2FE0F6CE7EC391B2C569E136C53DD6CE82CF8B547D6CF38B706EDDDA4927C463C41B99D344C41AB86B3C2E3F7073969B513D8CB1C7C4C4C45DEE0A93860DABA2B7D441EF8080802439AE05F2DE4CB11663A3A3A3DD1AE16ABAA3E10607A6550BCB1C9617808863BCB96BD7AE85FA0D8800DCE179891B02E02006100D58C18E2CF4F8F87863C17B67CC9933C7108EABAFBE3ACFE3F9EEBBEF0C0B12BFB96AD52AE3F7D079818023D86EF2E4C986DB1C16A9F93F5F7BEDB54EF7377CF8F0E2B80C568485851D9673BF1846AF5C971B8A2ADCF98D710F183040BDF2CA2BD9D6F7B973E78CBA8027069D14F37D50B66C59F5CF7FFED3E974CD66CD9A951101C730474C5454540F37CF03F776CC4EFA2939BFDF954427DD9370969B9D39DB7D40BC91F2547AFB658A3225ACA0DC72CB2D657EF8E18770793ACAC3EA0F898AFB4963EF97969676461AFB6C69EC0BDCD96B5FBC78B171A336BD1C520F39AC6408696262A2616D9A416B0501EED87EFDFAE5BB0DC40016F1975F7E996B0C16C20D31EDD0A1438EC60E1024671E37AC4388B1B3A033F0F0C30F1BBF834E458B162D8CFFEFF4E9D3C6783744DADE9A44443BB673E65140D05B3181A5059F4411014C966B00A1F85F17C422C72223AE664EC3B83FFE770C3FE07A303D12EFBCF38E4A4949C9E1B9B8F5D65BD535D75C93E7FE20E0C3860DBB387AF4E81962813F560417BA4F22EDB892A5939E286D7B617175D22F077DFBF65563C68C31E226D0564DEF96FC9F8631B063C70ED5B8F1A58C6FCF3CF30CAE19E33E84FB0CBC80302630CB05C36518D6C2D05E71C540113788377295CB490C2A8983836B14C147C9C9C941D28006CA85054548B4DF4E1A589A34AC04FBF7A5A7982C1766AED0EA8B172FA6494F3AC1CD875BCE1472B9D19E901BFA8FD0BDA236F663C78E1996B639868C9BB7BD48D7AC59D370533B7293E60702C930ADCB1970D54240617903345E58C4564B1DE2BA77EFDE1CDFDBBDDB9608CBFC9E74688CFDE4D57B97F362DC04D01141001A2C48D33B70FBEDB71BD782FDF8BE1975EF08738A597123E7BCB229E472EE13450CBF93F7BE96FF23D699909BCB7A162473DA238F3C62DC344DF1869B1C432BB014B31BB4DC80C3C3C35DDA9FFC6EE8D0A14333E526FEB51CF3A31470A754B374D2316CF68DBB3BE9250904179D4174A6D1A9861706D3407BF6EC69C4BEA09D2196C42ADE18368397079D6FB4B79F7EFAC998D96182D7146E0F176F2C328248F092001711DCAD1A44A78E76D24B76EA027204BC06E8613A722CA84B49288AC215D2D0F10391D2D8311FFE4FEB3C6C77015183C5BB7AF5EA7CAD6747A08122400CE2EF4CFC10F865753D23300CBD7008ADD97811C486B178FC8FA638E3FF06E6BC6E346C44A23BFBADE5CB971B9D35588DB889C0158C7DC1AAAF51A386F13D449EC3755E984E4A49DEE8E57A7C1C458EFBAC9CFB45F27F7C61EDC4C1E2D6C25DA0042CB86EE53B4AACE5ECF803AB70E35AC0DC79B3D3E30A2D5BB62C2737EFD451A34651C05DA3BCA5939E289DF465EEE8A497243000E0BD43470F9D7078EED039C6FD04D807C122A622AFA129E23DE25D19378992C0BC801070F4EDB7DF664A83F9405D5AF3D72ADE21F25998238B483E7374B088F20A73521FB58BC105771DE65EBB6A11D9638E039B162C2C5308D9BFFEF52FA361DD70C30DF9F67A31868CE03708A239668D3153DCEC1D81FD62ACD9D198F1B871E354EFDEBD8DE877CC0D871BDC8CE846809A197086DF328536BF695BE63CF41C3D2939EFF80DFC9F006EF9279F7C52DD7CF3CDEA8A2BAEC8162F6716F68103075CAE63DCC0E0BD904EDD08379E77A8684F39C69EE8CCC8BEF7C971CF3C74E8D08BCE82D3F203D60FEA1BC17AD6CE29EABA76EDDA46005B41110BBCFCB061C34E8A80CF10315A20C7FB276F8DAE75D4EC3BE968679E0CAE991F7FFCD1F08CE198D14E616DC3026FDBB6ADD1AED0EED0796EDFBEBDF1398225D15944277ADDBA75C67EAEBAEA2A2328141E32CC0E81FB1DEDD06C97C403C51BCB7ABA23C2D915606D21CB1658B060817F4C4CCCB0E2FC3DB958036BD5AA152656A5A37AD9EFE26E303D25C0EE26BE4F2C9C6B5CF932DCD8B831CB8DC0E8BCE0468D9BBC69D19A2278E38D3766DFCC514C10E0E6C8E380C6D5B16347637A11AC746C8346FAD043B9936EA151E27358C08E803863CE36AC60FBA963087E833BEEBDF7DEB37A4D723168D0A06C8176043A88F00C98C26D02171F6E24E64D0216018ED711DDBAB9BEACF5CA952BD5A64D9BF0F48D62BCC4AE911BDCCB48765394CC69E8389937514B47B540FFAF3D2D5AB4A82AD77E4A7C7C7C2FDE160BDF4947DB35034C3D11B44DC482C0833369D224E33D0C8341B8AD1D6CB8C121DC1064DC874D4F9AB91DEE1BF8CC4CDC846DF30A58251E20DE7292CECB892C310107B870B00E7871FF8E1EBF72B8B6B81337BB79E3CC90866BD66580BC4E96D7CB10A92ABDD22570A789859B95DFEF23A2D8CC40061106CE2C297B5133C92BC5291A1844D5C459309729C87079C305EB6C9C1A56B57D4701628A88F2FCA2DFCD46EF2C6BDB638F3DE6F07D7B0F83D909282A77DC718761A98B80BFE9C2E6AE083CCEB79FDD75F2675858D82CB9CE5E126BB7D019D4BEFEFA6B63A8C8EA32C73942BC80D9A92B28F27F1F3B7CF870395CB3A5DCF276B5F3860BDFDFBE932EEDF51A4FFEE7603DCBF5A7E45C1B43558B162D3266ACC0CB66C59CE2893681699EB8B680D96944C71A3914B00F8C8D7FF1C51746E0A8B36131E201E22D5657B25003010F250502A28282823C69CDBC0B5AB04375A3453D627017536E668686862E13C14E2EE84ED108AC4122971B083DE21B1069EE0C784630971A2E5B58D1E82020B0EAC30F3F34DE4B4A4A32128638127E4FA25AB56A6606B711F96D2B1DB9379C74E2B2FC2E0560F8A11327A28A6B22C798E8F0E1C3B78C1B376EC6B3CF3E5B60D7B9399C61DF69420C026EB4E6DCEF820AF7E8D1A343659F51A57DCCDBD9B97520D8FE85EDA45FEEEB1CE3DC0850C3230A520B5B132C999637C0F5695D3CC8B4BCCD6D616CD4A953C770BD53B83D5FBC77C84DA244C51B17885C5CBB3DA8DE82A4C10669C186F9BA28242464A12F4C2131C158F3DD77DF6DF4D4EDA78D58B7F9BFFFFB3FC31284C58D9B00A693A0A70ED71C82E1101D8D71754FEA94B813B90E108BE1AF9F43B813E5F57C11ED39090909CB1C4523BFFBEEBBB3060F1E9C3E71E2C46FE431C0550B1C028D4E91F5666AB5C0113488A97CB0BE5D0D5A13B13FF6C1071F40B87B3158CD71471DEDDD146C7774D22FEB0D5F3AD7663C8A398305CF112C8A0C8AF981990EB8FE3EFFFC7323DE054358181EC37016F170F1164B6A9EF4FCEF901E5850491DA488C705B1BEE77B4285A1B72D0FB172C19BD654B2AF5D141065346C73DE36C6C4EC7385A30123BA1C91E7F81CC282885504D3611E386E049B376FC63AED3EDD80B470632A01AECF99D2895BEB4A276EFCF8F1F345B87BC8A3CBEB75CF9D3B374732160431C2DAC18DD7CCAE8647C423B832FB60EFDEBD47C78D1B1742E1CEBBA3EEAB9DF469D3A665673EC475E4CA542FB46B33B3A119AF82203D2670F102F1965EDB7CE9AD8F146B2AA8A412B58845972EE230EB32D7D56B62E5C449E3FDC6972C6C2B882D409E738C79434CCC712F0487618C0B534C90DC0191E558B5CCCC270ED71BC6BE10C10A6B1BA28E1B417ED9D4BC1C8C0B639AD0E7F2FF6E2ECC7C5F08B8747E7A4E983061E6B3CF3E1B949780A34E112068156FB83A91750DC931703E008698E001414AD5BC12B5C0553E66CC984AD2F9A07097D24E3A86C490330211E326C8EB8039DD8EC0500D3C6BE6AC105C8F883A87F70DB12758B2B7243DB214EF02327DFAF4F8A79E7A6ACF962D5B5A1575AD61574074A4F4F00E5CEED4A8F2FB3EBDC200EA190961B098077AD610632B10688836D2B24234ACAE5EF4E0E18A8388004C2D99376F9E2F8F83DDEDAEDCE61F7DF4D1BCF0F0F007FEFBDFFF2E921B6019676D0AF56E76A600DCE2188E404635043A624537332218AE4D6C8F9805471D6C738C5B9EF692CEDA7C454A55271D2033A1B92A1D66769801C8E870630AA9350913AC6A5C5348B884EB0ED71982DEAC533621F8B0C029DE1E2CDE202525E5AD2953A64C951B7885E2B6BEA501A58835F11E4F55F162AEE005CC454FEC81AB1CD360D0C0D10B4703C6BC733468B870CDC54110A406EB0F63B0F8FCDFFFFE778EE96CDE8E74E462DDB9BF59B3662D8B8A8AEA3271E2C47903070E0CB117700C4B20598D755A1DAC26040F01784A601121580DE705228FB14874A2ECA3F939C65DBA3BE926D6E564ADD71B84DA3E4015EDDBBA6A1FB00F382DA9B52E4811C51BBD75B1D0762F5AB4A859E7CE9D8B6D59D0254B96648A10EC130188E1A92A5E200CB09691700120610904D73A7713D34BB034281606415213B866D1D8512018106BF3A600579A99BC81B8D4A6968880771B3F7EFCBCA143878658D7F3C69ADCF6D8DF60316D071E1313B8D11134088137970585C50DE196A71122DC5C8C8490D226DEE0DCB973E172B3DF2ABDFEE0E2C8698B692F62919C4D4B4B8BE2D27C257021040666276581E58C713073ED6C58DC186BB5E654379FC3BA83D5077719A2CECD79D7C8D004B739C5BB60021E1E1EFEF0D8B163BF1B3C78B06181C3A5893884FC807594D776A6C50DE1E62A6284783F850E11C418B408F83FE54673D6DD2901B1BF9123479EBB78F1E200B9D1ECE6692A5960B159D3A2229D2AAC3A738D6E2BC8DA66267EC1F8F6962D5B8CF307D1B65F4484E40F5CE8E7CF9F7F582CF0B48D1B375E74C73E21DCE3C68D2B035739859B90522EDE60E6CC993162950D7CEDB5D7CEBA3247D0558BFBF5D75F977EC1B991222253788A4A96175F7CD1B0AA61C521E869C488110852542228EA7FFFFB5F8E54A466A210B8CF01C657319F1BF33E9F7BEE3963A1032C2F480A2DE0E78B2AE0A6AB5C3AC27D38C64D88EF1058D41DC88DFD8B888888B36FBFFDF6E41E3D7A043FF0C00381850D62C318375CE5E9E9E983B05F9E9E92072E7058CD2D5BB6CCB5C800A688C04D6EA64F85482350CD1AAC06E042C75C71CC3976B6B21BC95FC0A3A2A2BA8B80CF193A7468708B162D0ADCA8ACAEF2621CE3C62A3788CAE6D01621DE24DEA6051E1919B976C1820533962D5BD6B87FFFFE150A127D88694AD3A64D3B75E2C489B8B4B4B448BACA2F1F583BDC1948738A05534C9C2D5C42DC830E62EB3E66CC986F860C191274D34D379529A8C5AD728E7123F5A77DC3C4E2E045598CE4889447946DCE7B61817BE61D29EB8BA11A1B4A192AE5562935F46FAC91F2B194FC167CC7C58EC5EE8FF26A243E29DE40CFC3BE5544BCC7A449935ECECACA6AD0BA75EB3262C10521C7B5399710730491480259A1B66EDD7A010958308F3B252565744242C2570C4E2324A780878787771D376EDC7C1170E58A805B7295F7B2B3B8317977A394B596F73CA1BD4D574E16042A225870FE3BDD31C01430644ABB430A42F571BF9A96CFF73F941245F1263E2DDE1611471AC16FC482ABBD62C58A1E7223E92282DDE4FCF9F395E5661288D5C1B0C848D9B265F79C397366417A7A7ACCE54EC042882703173A045C2CE97922E017A453EC74ED45A43C45E63458D34EC6B8D76A4BD791D06152F84B96F7B0749D99FA15F78A01526ED6828FF55EBFB5DBC778FD7D33B94994DE76B67EDD4CCA406573B54310313486F45E98B0BE455BC7E5EC44B593B698A7E863C0B2C0374939AFC5754D1E553755CAF3523EB5B3F251CCD5727AE9DF08D61D0858E4C89E8765ED2A4879560A96C84328FFEA3C8E01C7DED4FC11A97B63F8C9CC46F6F6DB6F1B9E2A4CBF443C09869F104782E4265821106B0360A809333DAC2BEA613B244F72B6CA1EA178BBBF2B3D7D7ABC6ECCE359CD84145DC0A3A2A27A8A058E31F09456AD5A55B4DF4647958720E5691E99D3203AE97696F752292BA58CD456EA2B52B0D0FB6029AD2DA297A98510023BD4817843EC5FB5BCBE470B1CC4BB9E949FF43E93B4D075D3E20D4B181E8203FA71BAFE2DA52DE6FF98D5A03B1338864AFA98D0E97034CC66BAC9273BA98724FD7885FE3FCEE8BA413D203FE85E5D4F5BF4311ECDE71870BCD9CBC9BEFBEEBB46221D883772288C1C39323B0321E6E0633D6CE450C00C0E2C0084FC09D81EF3F5314513533701528E22AF0221F61425DABCAC2E849012002E7411822E63C78EF55BBF7E7D8AF5336B54793E294FB1DACC1396D257BF0FF17944BFF7B894895AC053B5B50D210E97026B7EA694BB0B78F8186BC7316361E8C552A0486FD96D0397FE216DE99A967A0D2DAE788EC5CAFFAD3B1BB3F5B17477F27BF8DE694B270044588A99F87D829479524EA11AB5457E839475BAE3F1B3FE7FF7E5730CD8BE02AC642CDB0A21DEB973A76149AF5EBDDA482D6C0A3216F3410E04A41BC51AD848C483D93AC870889C1948370C90590FC38CE602418414D5F2C685FF81EEEDD6D0055DCACF2D3DD3F0A2181945FC3E7133C89C861B0CE2162A55AA94EF6B52BC16787878F823E3C78F9F3B68D0A0A4366DDA54B11BE3CE6F3AD8FBCAB1DB5C69EBF2492DB0FD95CD7DACB4D021D9BD35D77741A7112CD61636565081FB198160A375E7C0CAA77ABBB9FA184C9737F2EBD69572D86EFBE94E7E0F567305BBF71ED08FEDB5350F41FE587B00D66801874173A5136B3EBF6358B26BD7AEEE58DC036984E122C75449B48DF6EDDB676FFCECB3CF1AEF43D0D15E302303B911B03D2C6F39B7C61A03989A89BCF584B84BBCBF9472BDE502868BA9ADE5F3CE4EAC7470D685FD77F6491787BF7F9634523F6F5C3A0F371FCCBF07B8D9E4F7DA1B917373405FCBDE24E0F36AD5AA9572F8F0E17272FCC3F72E420000200049444154516E9AC7DD47D9C6C5219C53B4489FD7A2E50AE51C0832C8D0963CDCD4703323155F4DDD59B08271EA31BAC3806331C791B1E6A9392EEE0ACBB51077D456B2B27819E65AC41C66EDD5968E49F73CF699DF312CDDB06143F713274E18E3D7B0A2E12E47F63B2C936BA8FB9225EAA79F7E426C42F66220484B9C6D194544A861C386A9C58B17AB458B16A949932651A54A693BCF57530AF3FFAB9C532C0E5B1A037AB1C1FA3D94F2FAF107DD9B47C535B17C374BD9C6C08E6A8BDBD1F77D0269A8C711654F3C93A4A4248C6B6EF6260B1C6D2A3E3E1E63DF0BDC24DC83759BBB558BD907FA7DFC567D2D84D93AE3C4723757ACC018774BCB677039DFA0EF1DB85FC0155DC5C13ECE6A01C736AB2C46C2526DF95AE727D6513637B62370FC6F6A63A3ADDD3DCFEC6186E84E851903D056BF67BDB759F3FBE6770CB1DBB66DBB880E2CA65522C3205CE72B57AE5477DC7187EDA0D2D20CF7799932B64903C85C68AE06A73BF946DE7AACC70EEB1BD90D49E96DE7EEB6BCD1A3453AB558651BA3C205BD537FF66FDD63B7F66CAEB6340E04B420D0E571CBE7A72DDB673AF8BE4F101414B4EAD4A953DDE956F64C121212301EBBCB9B8E392B2BEB4FEBA38BCCB37B8DF657515BC32F5B3AD78F4AD9AA6C63B988B4EEA16C4363A7B5C5BC5E0BB09511523ED396F3317529280C54D09D78E4523EA52DF01E4E8E11BF0353F5793B517F588BF1077A1F55F4713A03C17708449BAF8D82535A8C71EF82EB1E6EF321CA36168FF9EE2B54CEA973EFEB63C1EF0DD7BF9DD731EC4D4F4FBF70EFBDF76627D4E9D6AD9BB146B6E9717BE08107D484091354B56AD58CA575EFBAEBAEECB1701308F73BEFBC936BF119523ADBB93BC5BBB3EE99B7D48FAF4B795737584744E89E2A2239437503B66FA83E8FF4AE471D3D7AB4739D3A7582FCFCFCD88A3C8BB893274F22A06A828FFF9FF7E6F11902B36A585E4364AFB2B33A616596B5B356AD51EF53B4D0C34ADF6BB7FFD57A7F8E86D0EC23E76114386A24ABB5F55E90613873C64B596D711F5339C7EBEFD0FB3CA8728EE92BFDBFA08352C6F2599EC73077EE5C7482564987CA68E7A3478FCEB14358DCCB972F3702D4E45E90ED3AB702B7BA74007C6A195DB673F753D801583343D163DA521EE864BB0EDAD27E5A5BD3FD4BEB5573E79D77FE260D7A2B92D310CF62FBF6ED3FCAB9392237CCB5AC8D7C39AB724E35B327DD8170DB7FFFAC1B8EE16C21BE7354390EB4DBEB40B84D329D7CE6F0185C6DE7180F7724DCE0E38F3F66A01ADB79B188775FBBEF21D1F526CB6BF4CACD71A21ABA6198E3568D5DD8BFF5FBBE667DF78E8B8B3B9B9292C296E4212427272F90DEF8C399999943581BE472B7732CBD3B78F060D5A953275624DBB9DBC51BE3DA8826453285FDCA16C4F2B4E5F3B1CA16AD0AEB1C090F9AE9E70814B8D985FD5BBFEF53D11AF7DD77DF6EB978BAECD8B1E31405DC331AF4B66DDB9AFAF9F93D29E7663B6B845CEE768EC8F4BCD617206CE726851D7C85E863CC275D3976A199F997CDCF109C82E01557E786DA7FDFA758B66C198613E6D4AB572FA34E9D3A553D7D0CDC07E779C7C185869E381A74870E1DBC72A9CCC8C8C811CAB6D8C89B31313123789B663B27BED7CE9D1150C8EF65696175B6D6F045BBCFCEE9EFB8CAC53CF6EDF54C9D3A759FF4AEE78BE8353F72E448C5B4B4B4BDFEFEFE7EC1C1C1E53DB181636CCE5C5806603C0FB99BAFBEFA6A55B56AD55C9F7B2298DF298D78F5FEFDFB37EED9B3E78A73E7CE0522A949C78E1D5779EB75D4A44993F6CA9670E467B949C5F25ECD76EE2E8E1E3D8ACE87D1AE2B54A8E03575EE8BEDDCDD963771134B972E6D210DB9BBBE09238F7488A71FF3DCB9738DB48FB0B27BF4E8E12D558D580ACCEF84C8CDF185A095425ADED7A94B99D32A4B49662B643BB70739D7376DDAA45AB66CA95AB56AE54D55ED73ED9CE24DDC42BF7EFD42C4823867B1CA43A3A3A3D358331E27DEB7A84B09539416E9F15A3C62B570E3F97CD6247153C790942081AC02521044B86FB1BE3E7FFE3C0460096BC6E380C5D1504AB47EFD847E7C508B36AC93542DE2A9CA33D6F52684B8883FAB801490BEF9BC269E8929CEC8CD3D425BDC5D942D252A2184E24D7C9C87AC2F3233333BB56FDF9E1E1CEFA1B9B6C2910675B516725ADDC49E72FA319555E199F0A64B5C262A2AAA5D56565635EB7B7E7E7E95AB57AFDE5ED916AF209EC5FF295BAA5253B4A3952D3D28ACEE71BAFDC7B09A8803CC769EC8AAA078132F4784DBD14A5210F0088AB74732C472F3ADAD1FB1C600D621406A63E6E02484E24D4A8178DFEB687EAABCF710A2D01975EE514098B12CE719CB7B70816295B01176DB7DC8EA2A9560BA1ADB2CC59BF832919191ED956D2D634784E928F458D694C7600A727D2971766DDE3AC6CD24DABEC977CAB63A1BC0CC02CCEF871726DAB20D966886C78CA98129DEC487ADEE2EF964858AA0787B1CB5EDC41B6B0534D1EF634C13E922C3584D3EC91C8B50A3E39DACAF83115ACC13A45CABE875F15A186D4E5CA5673E9F7765D4B9C701A17E464A3F65738F7755B6F9DFDFE8D25BD9E67D13DF23DEF21CEEF10CDDB9FE440AD61C7F51CA30C59906B4BC89EFF2E8A38FB6C8CCCCAC9597610E0B4E68218F1B58631E0392E7C0250A97E96E6D6D99C0853A9296B7CF926811EE78FD080B3C558B363C2F912AA71B9DD0F226BEC4C58B17F34BC462FAD3FFC1DAF218AEB35860B15AB821D4F6CBEC26B0AA7C92F794CD45FE92B27960D6EA6B029DEB2FF579DF9D47E7CD78DFCFCF8FD707C59B7831F7BBB85D07BACE3D4ABCC31C08750F5ADBA582F7B5788F5097A2CA432C1D3AA505DDD9B5606C9B9595C568748A37F1462222226E91DE77035705232C2CAC1D6BCD2380CBBC9FCA3D3406B769572DE2EC68F92E5651865827AB4BD9D2565B3EDBCCAAF24ED878499ECC9C3913BDF31C61E65C71C86B885636F7E9FFD4A56540E13647D012A6F64D94F293B205AF11DF01E718C9781A5ADEC332A457684B3C58BF36AD6F2E2C44F1268478107093BFA66CB9CC6BE8F7CE5B6EDA289CE7ED7BB4D096373A6D19EA525C439A628C03C59B10E2F15CA72D6E732E2FE677F7B0DB865697EFB14AD902D3E05DE9A56C016BB1522E4AA9A46CCBC09A62FE83E29AEE146F428847B5EDD6EA92BB1C98639F56E05ADDCDEAF239D2B460C76A2B1C710E0B55CEF9DF84E24D08294E2222225EF2F3F37BCFC9C76F444646BE617D232626E64995F78A5068FB082EC4F4BE2715735CFB32709523CE21A4A0DA20D71C93B850BC092185C5DFDF7F7356565641BE82A53E9145EB76657393429C4F28DB62256BB525F6A1624A5B5F25525BDAE8D4ED51B6B1EF0C3BCB1B5E1867D1E6C62A7472CDD152F7D47B02AB8010CF67C68C19189B4E727173DC70312D08C16AC3B465FDA6B2459FE3468E71EF31EAD2D421E27BC4497945D9D66FC7D049037D5DB4D0465B7D2DECB7B0AA687913428A11B182E6F8F9F93DE1C2768E82D01275419ADBF715735AFBBAD58D8ED914FD3C568B75ACFE3CD6D2C95BCBEAA2E54D08295EF19E99CFE7865F5D047E7A1E9B7DAE18B4541AACEE6ADAAA363B6966A06265CB76AB5855146F42483153B66CD95522CCC79D7DEE675BB33531212101376524EAB8CEC1669BB51546AF9BEF62CEE187AB7C7B1EE2CD20458A3721A4B8898E8E4E13E37A713ED6F7FCD8D8D80C2DD0580ED49A26F325FDBABDC522AB6D774327BEC3CBFADC8E50B6990538FF8DD5A59CE79354CE2C6CC48B60EF9B10EF02E398FD9CF6C6FDFDE7E8A7B0B8E03E475439C63F63956DCAD020291DB4658679E0983E3499D5EA73C0D2C61AEE9875504D5BD9B81686B16A28DE849012062EF11A356A9CF2F3F3ABE4E0E3F8A3478F2EB3BC86853D465BDB085CBA56CA4029183BC7B83793B3F82E89BAB3F690B28D81AF5297621D5A6B71FFD3D997B3B2B22A6314262424249955E999D06D4E88170197B8DC54A739B9E12ED12E731358D5AFEA1B386EC21BB5D58EE9424DF4362D58AB3E476F7DCECD2C6B7D95CD45FE94B22D4683CFBE5379E4B5976BCC184A898E8EA678D3F22684B80311E91FE4E63AC0C1473F599EC3550A218FD1AF31B7FB1BFD08977965BD0DC49BCB42FA1648CED25E5BD8886998A2451C1DB768BDCD18C5E982B4BC092125C7B163C7308FFB88DDDB899999990B2DAF116D0EB7699C2E8996C7786D95B5676DFA24B096B1D8C808DD610BD39D356BBADC54C568738A3721A4E4D0AEF1A5766F2F993D7BB6A38C69AFEA9B7817CB23D2A6BEA138DFBB3400C18ED182BE90D5E13BD06D4E88779223EADCCFCF6F8E93ED26EB1B3702D6A2F5776295CD5D0EB77908AB92105ADE84901220242424475ACBE0E0E058079BC15D8AE02547EE51083AD67C461013E7791342F12684143748D8A2F4542FB1BAF739890A36A7938D50979273E01173BD1F54B631F1812AF71ADF84100F876E7352EAC9CACA0AD9BF7FFF80D4D4D4DE67CF9E6D70E6CC9990CCCC4C8F3FEE63C78EA98D1B37AA9B6EBAE99AFEFDFBE75A2FF4EFBFFF56575E79A5C3EFA6A7A7AB3265CA3C5FD2C72C1D8DACE0E0E013F2DBBF5DB870614CBB76ED56F00AF42C7AF6EC6966E54B606D50BC09F14844B4FFB561C386B169696965C3C2C2144A850A1590A9CC5B6EB44E3FFBF4D34FD55D77DDA5AA55AB96E3FD8C8C0CF5D75F7FA9060D1A64BF0E0C2C995B81748AFCA493542D2525E5818484840EBFFCF2CBAE73E7CEF5BEEFBEFBB6F36AF40C020202CC380846A37B30749B9352CBC18307E71F387060D215575C51F6E69B6F5675EBD655952A55F21AE1CE8FDB6FBF5D4D9A3429FBF5EAD5ABD5B871E38CE7870F1F56D2615113274E2CD91B8ED46DC58A1555EDDAB555EBD6ADCBD4A953A739ACF0E5CB9777E1154908C59B907C855B4A97C68D1BAB5AB56A29DB825CBE45BD7AF5D4B5D75EABBEF8E20B3577EE5C43B0F1FAA5975E32DCED8B172F566DDAB42931ABDB11356BD654CD9B370F15519FB66CD9B287786512E21A749B9352075CE5FBF6ED33841B56A03DE7538FA9BFFF5CAACE26ED575959992AB4723D55FDBA8E2AA4622DAFFA3F972E5DAA1E7DF451E3796A6AAA21D6212121867863BC1CFFBF2750AE5C39D5AC59B30A9B366D9AF6C30F3FDC41173A21B4BC09C90182D3121313C7C245EE4CB80FFDFE854A4DDCA3322FA6ABACCC0C75F6E45FEAE0C6CF555ACA61AFF93F318E0DB7B849F9F2E5557878B8EAD8B1A3AA5CB9B261857B1210F0FAF5EB670604044CE0554A08C59B107BAB7B0082D3E0AE75C4C9032B5546FA995CEF43C813F7C77ACDFFB963C78E6C8BDB04828D20B63D7BF61816B8A751BB76EDAA818181D7FFF8E38FB7F04A2584E24D4836980E8688726763DCE7F2B0AE61957B0B106AFC9FCB972F375E23BA1CC1695DBA7431DCE58989891E79DCD5AB57C7F4A4EEBC5209A17813920DE67123A2DC1959172F38FF7256A6D7FC9F106758DD0909B6A9BA08541B3972A4AA51A3462E8BDC93A856AD1A020BDAF34ABD7C646565719EB717C0803552AA400216CCE32E2D4C9E3C59AD5FBF3EFB35C43B3838586DDDBA551D3870409D3F7FDE1807BFF3CE3B3DE278E5DC5C250F57F24ABD7CF8F9F9719E37C59B10CF0299D37C651E779E0D3B30D0085AFBEDB7DF1C7E3E75EA54D5A74F9FECF9DE9E823E37BC2F11925F5B6115107289A0D02ACE0531D87B2C768C7727273B4F590EABFB975F7E31E6B8C3A54E08A1E54D88D752B5EE6D2AFDCCF15C11E70141A1AA6ABD765EF37FDC76DB6D867BDC19F7DC738F6ADBB62D4F3821B4BC09F17ECA5FD94895ABD6C0E1FB15AA37F69AFF0353C1901ED519F8EC726656238450BC09712B172F9CCBF55EC6F9D3AC184208C59B104F23FDCCDF4626B5D4BF77E5FAECCC893FD4C10D9F19DB104208C59B100FE0D491DF45B8271BF9CC9D7136F9808AFB6D924A3AF8AB91F39C105FC49CE7EDE7E7C779DE1E0C07BD48A9B7B68FED5D6C58D6AE8034A9D8FEB458E7D56F78408518D39209F11DCC79DE22E29CE74DCB9B10CF0496B4ABC29DC30A170BFDC0FAFFB1020921146F424A1A58D285052B8E1142C8E5806E7352AA69D8E16D5602218496372184104228DE84900280FCED25F93D4208C59B109FE3C489136AFEFCF9C6F35F7FFDD558E9EBDB6FBFCD511E7BEC3175E4C81163311153449F79E619959494A466CC9861BCC623B6CD0F6CF3CA2BAF38FD1C0B91CC9E3D3BD7FB4F3FFDB4FAF9E79F8DE7070F1EE48923C483E1983721C5CC15575C8175AAD5C2850B8D94A4B56BD7569D3A75529F7CF289EADEBDBBBAF2CA2B8DD5BD6AD6AC6988F7BC79F354505090F17CE5CA95AA5CB972C6BADC4B972E55DDBA7533C479CE9C39EA9D77DE31F6B56DDB3675ECD8B1ECD5D2B66FDFAEAA54A9A2962F5F6EBC460700E0B70052A7366CD8D010F01B6EB841EDDFBFDFF82E04FBD4A9536ACA94296AE7CE9DEAFDF7DFE7C92B85609EB79F9F1FE77953BC0921EDDAB5332C6A08302C7108E782050B8CF5B443434371A3B43548117758D858AED364E2C489EA830F3E504F3EF9A4B1E0C8DB6FBFADBEFCF2CB6CB1DEBD7BB7B1D088B94E39C41ACFF19B00BF690AB849D3A64D55E3C68D8D7DE0FB38069355AB56A99E3D7BF2A495522CF3BCCFB33628DE84944A60316FDEBCD928BD7BF7CEB6C46179C3321E34689021EA9F7EFA698EEF952953C610723C6275B0B265CB1AD639B685E56CBF2639B6C1B60056BBF95DB34350A95225E3395CF358E31B163D3A088D1A3552111111C667DF7FFFBDEADCB9B351E025484D4D55E5CB97E7492484E24D48E9A27AF5EA86550C2B1BCFC1D6AD5B557C7CBC21C2B0B277EDDA65B8CC4D9E78E2094360612DFFFDF7DF6AEEDCB9861057AE5C59DD77DF7DEAE38F3FCEF53B8B162DCAB69ED7AD5B673C87F882DF7FFF5DB56AD5CA788EDFE9DAB5AB5AB162856ADEBCB9F119DCE5E80CDC7FFFFD864B1EDE0074004E9E3C49F12684E24D48E903A208E1350BC6B121A46DDAB451152B56340416E3D8D1D1D1D9DFC1B8335CDEB096EFBEFB6EB578F16275F5D5571B423B6DDA34C34AC718F7BFFFFD6FC3F50D1E7CF0C11C428BE7E83498567C7ABAE3643438167420EEB8E38EECF7366CD8A06EBCF14655B76E5D9E404228DE84903367CE18AE6AB8D06161C34A6ED2A449F6E77FFDF597E15637857FEFDEBD86EBFDC2850BAA5EBD7A462019DCE0083E33851BAE74D3CA06E7CE9D33B631DF4374B9BD9BDD0AB6335DECC64D41BEFBD0430FF1641142F12684404431E60C2B1A0563CBA6950C6B1B5C7BEDB5EAAAABAE320439202040356BD6CCF8DEE9D3A70D6B1DE011026B82C872B8E2CDF7FEF8E30FC3258F028E1F3F6EECC71EB8E44DCB1C63F026F82D4208C59B90520FDCE51F7EF861B6458DE959185F86E58DB1662B084E038812BFFEFAEB0D115EBD7AB5318E7DE8D021C3053E64C890ECED3B76EC98CB92B6BACDCD472B59595946C4FA0B2FBC60ECCF3A7F1C6E7347DF218450BC092955405011DDFDC30F3F18AF1184064BB975EBD686986FDAB429D777C2C2C28C00334CE56ADBB66DB6A50E10E40637BA29F456E062CF0F4C257BF6D9678DE7084EC3BED1C1484C4CCCF60290524B0DFDC879DE146F424A37487CB265CB96EC6959A68B1BE28C40344CF502C8C076F6EC59439831A60D173802DB20D2786EB267CF9E1CAE742BD8577E51E248F06252B56AD5EC6382158E63888A8AE2492BBD84E847AEE74DF12684606A962310F16D4EE542121613B8CC9D91D767050D361B316244F67344984F9A3489278B100F87B9CD092184108A372184104228DE84104208A17813420821146F4208218450BC092184943861F8C3F5BC29DE841042BC07733D6FCEF3A6781342082184E24D08218450BC0921841042F12684104208C59B90225DF0FEFE59582B9B7826726E0EC843066B82108A3721D98484841CC76A5CC433494A4ADA2E0F9B59138450BC09C92628286815D7ABF65C12121252E42196357159E13C6F8A37219E455A5ADAA8A3478F5EC8CACA6265781E71274F9EC4BAA97358159715CEF3A67813E259DC79E79DBFC94D69EB91234758191EC6F6EDDB7F947373E4DE7BEF5DCBDA2084E24D88BDF5DD3B2E2EEE6C4A4A0A2BC343484E4E5E2056F7C399999943581B8450BC09C9C57DF7DDB75B44A2CB8E1D3B4E51C03D43B8B76DDBD6D4CFCFEF493937DB59238450BC097148870E1D96656464F4D8B2654BCAC183074F720CFCB210B77DFBF6CFB66EDDDA569E0F9273B290554208C59B907C05FCE2C58B6DE3E2E236AC59B3E6EF3FFEF8635352525282B7CC034F4C4C54F3E6CD331EBD05CCE33E71E2C4A21D3B76CC58B972E5D993274F5E2DEFDD4BE126A46004B20A4869062E743C2C5DBAB4C5D1A347BB4B692FAF2B2B1D71EBC9FCFEFBEF6AD3A64DEAC08103AA55AB56DE52E5B5A4FC2D659794090C4E2384E24D48A1E9D8B123128378557290C8C8C811F2F08608F89B2FBEF8E2089E45E2268C79DE2121219CE7EDC1D06D4E0821C48AE1758A8E8EE63C6F8A372184104228DE84104208C59B10420821146F4208218450BC092184108A372184104228DE84104208A17813420829667AF6EC19A69F32410BC59B1042883710101060A6056682168A372184104228DE84104208C59B10420821146F4208218450BC0921841042F12684104228DE84104208295E02590584783E1111112FF9F9F9BDE7E4E337222323DFB0BE111313E3C75A2384963721E47236547FFFCDAC054208C59B102F62C68C194BE421C9C5CDE35963A430646565313D2AC59B10E2E61BEB1C17B75BC2DA2285C1CFCF8FE95129DE8410378BF7CC7C36C9D437E0E9AC2D4228DE84100FA06CD9B2AB44984FE4D39E1313121256B1B608A17813423C80E8E8E834B1BEBFCBC73A9F1F1B1B9BC1DA2284E24D08F11CA63811ED2CA341FBFBCF611511E2FB709E37215E045CE261616129F2B4A2F57D3F411EE28F1E3DBA8CB5445C212A2AAA93F4F9BE77F271FBC8C8C82CEB1BCC1D40CB9B105248B44B7CAA13EB7B095DE6C455F4F4C3441737E7F4438A3721A4288848FF60F756A67EFC89B5430A782DCD77713B4E3FA47813428AC2B163C770233D6ED78E1333333317B2764801C57BA62BDB71FA21C59B105244E01A979BA9BD25B464F6ECD9A9AC1D521030FD50E59F4D8DD30F29DE841037594C5FDA59468C32270506D30FD1F1CBE75AE3F4438A3721C41D848484ACB5BE0E0E0E8E65AD904232254F91E0F4438A3721C4AD16D36E6D75EF93D7C9AC155218E01217EBFA94938F39FD90E24D087127D5AA55FB1A8FD5AB578F616D90C2A26328A639FA8CD30F29DE841037F2FAEBAF479D397366C4FDF7DFAF5252525E1A3E7C783FD60A292C0EA61F9A70FA21C59B109F6B0797A5FD0C1B36ACFBC18307A70D1830C0BF4F9F3E6AD0A041FEC78E1D9B3C64C89047792A4961D0D30F8FDABDCDE987146F420A756DD690D2494A849491523ED3E52A07DBDFAA8B8999FAB7BC94E7A4BC9CC76F75D5FB7746883E067B702C77EBE7F54ACAE24E4C4C9C3570E0C08056AD5A19EF356FDE1C021E9094943495024E0A83768DDB5BDF9C7EE8C130B739F144AE907293142C7FF98B942E5216495969D9A6A1B2056C41589F50B6F48D0F4AB9410BED0429374AF9530AA6552559BEDB4C4A98BA9499ACA9FEBC837E5D453FCED68F080EDBA5F7BB47CA35FABB75A55492F2B894C6529E2FCE4A79F3CD37FBC6C5C57D018BDB146E93A64D9BAAC18307078C1F3F7EEA33CF3C73EEA38F3E9AC7CB881410449DF7335F70FA21C59B9082709D16578863592975B4905FA345DDB4CAEF97F21F2987A4201AB68C9427A58CD796766D2987A57CEBE0371AE9EF9CB688F569DD5150DADAAF62F79DAD52B6EBE3C2F7CF593EBB53CACCE2AC1453B8E12287A5ED08BCFFDC73CF058C1D3B76669F3E7D7A4E9D3A75012F27E22AC1C1C187CE9F3F6F7DEBABC8C8C872BAF39A909595B559047D75404040CCF4E9D399EBFC3213C02A2005A5499326EDE501E5E7EDDBB7C7BA79F727B5750BF7AF39065757DF40FED6AFA3A40C937244BF4ED416C31A29574BF95DD95CEE10FF1D7A9B1B2DDF6FA22D6908F0456DAD63FF7FE8D7D74AC9D0967D2D29F74A794A1F0F8E6F8BFE0CA23D5ACA02BD7F7416D28B41B87B897047E725DC26356AD450D75E7B6DC0AFBFFEFA488B162D366DD9B2E50F5EB1242FA2A2A2BA366DDA74624646C6483B83AE8CC5C8AB2CC20D6F574711F1E7700F90EF5C94F6BF953548F126146F132C45D85DCA075A24AB68AB77A97EDD51CA0CBD2DC6BFBB69B17D468B750F657397DF21A59CDED72D5AA00F6AF16EA8ADFC86FAB3ABF4EFE0751B2DD4BBB5450EA17F48CA17525A28DBD87A032DF6D8DE5454CCB53EE5CE8A183C7870D78484841918E36ED9B2A54BDF81805F77DD7501AB57AFEED9B871E3F5728EFEE4554BEC11ABBABEB465B4A35795CDB355104F6C7D298FC8F73B346AD468E5CE9D3B4FB2464B16BACD89A7829B4957FDFC66651B9336DDE6352CDB4164CD39AACDB4A86FD1D63AF2317FAB6F34EFD8EDFF3B29D6601C3C379351A45BAC0E7B364AE9A52EB9D8CDE343A7E180BB2DEEFDFBF74FB106A7B90AC6C0870D1B16347AF4E8791111113D67CE9CC9A861928D5C1391F230514AB56C4B2E20001D73D5B66D5B74FE54E5CA9555850A15D4D9B367557272B28A8B8B53BFFDF69BFAFDF7DFD5850B17CCAFB593EF6D12EBFDE91933667CC59AA57893D20DC6B4E1823603D4AED022BD4EBFEE6ED9D63A466E0A3EB60FD096B1B3FD57B0BC0ED5967B79FD3A445D0A6673440595D33D9EA11C8FAD179AD75E7BADB7DC2C21DCFE05156EAB800F1D3A3464ECD8B1B329E0C422DC0FE9A42C81A668235F40C78E1DD595575E996BFBB265CB1AA566CD9AEAB6DB6E33847CD1A245EAFBEFBF57172F62944995CFCACA9A26021E22023E99355C32D06D4E0A4C09B8CDFDB4C0424C7137815B1AE3D717F56BB8D0F7E96DE1AE4300195646AAA32D63445AC365FE8D1661B8C5ADB9C011CC8668F39AFA39FCD155757BA8ADF7F397B245B09B3C2065BDB2B9E1DB49F9AFEE1CFCA13B0B389E73EE12EEF8F8F82918E376D555EE8CB0B030585181EBD6AD7BA451A3465B76ECD8B1975770E9B6B845B8679AC20D417EF5D55755BB76ED54B972E55CDA474848886AD6AC99BAF9E69BD5EEDDBB9124C8FCA8B37418FFE23838C59B945EF17E588B75907EBC5E8B70AA7EFD2F651B87369732C454AD2FB5C0AED0DF87F09BCB18DA8BF79FBAECD30563DD70792FD3AF37D8093778485BF9980BDB4DB79D86BADCAA7FABC8E20D57F9C18307A7BA129CE62A7A0C3C70EDDAB5DD1A376EBC9163E0DE496464E4AB228E55AB55ABF6675C5C5C6621BE5F5F847B9E6E1BAA4183066AF8F0E10EAD6D57A854A992BAFDF6DBD5FEFDFBD5F1E3D9CBCB7794639C27D75822CF58F142B739F144EC5DD0C1CA16596EBAD1E76BA1460F1FE3CD632DDBEED682433E44B800001065494441546AB530F33329825C38269817E3F4F30BFA1802B527A0923BFE6904A7E931EE6CE1868BF2E9A79FCEB5ED84091372DC74312EF98F7FFC23D7761F7DF491AA5AB5AAE1427FE1851742478D1A35272A2AAAFB8C193396F032F33ADECACACA42672C598478A108F1F48C8C8C55AE265291ED3F93EF57332DEEA143871A63DA4501EE74B96ED5881123D4A14398B569B8D091BCE80E9E2E5ADEA47459DED7E97D37B058B6A60BFD06CB7B95952D121C2EF43396EFAED362BAC6B24F2461599FCF6FC2FD7E388F6D609567582CF915DA1B0097796F297354DEE3E4F95ADC6654B9758C1B2ECAEAD5ABAB9D3B77660709F9FBFB1BC14377DD75570E9186F59399693B842A55AAA81E3D7A28ABF5AEA79105AD59B3A6DB8D37DEB8952E74AF6B7723B408232603711EBDE55A784ADE6F249DB3F3AD5BB78EDFBC79B3C34544301D4C4475B871D30F08305CE585B5B873F57C838254C3860DD5F2E5CB91231D6FD5A5FB9CE24D4A9F78434477690BDA2C3B75B1BE871B4392DD77CD80367B115E9FCF6FEEC947B8ED5961798EA961DF1551B8918025DA595479BD7AF5D4FAF5EB555292EDDFC50D32353555D5AA55CBB0A0F6ECD9A3E6CD9BA7CC041B818181C68DF9A9A79E3284DE8A1E035722E08F50C0BD53BCED8D5F659BBED85BACF021B2CDF5229C7EF6AE75CCE356B6804EF5E0830F1A63DCEE042EF4F4F474E35AD454977BC3973C6BC507739B137219B1664ECB2BAA7CC08001868BD2E4DCB9736AF2E4C9EAF4E9D36AE2C48986DB3CFB6E2EDBFDF39FFF342C2C47346BD6ACCC0B2FBC1024221F231659279E059F01C343FDA473374F3A69C7E4DCCEC0F9EDDBB7EFB5F25E7BD3EA46647971D0A95327C30AD7B4C3183B4F49F1C1316F422E13586424BF94A7568B1937474CCF81700308F63BEFBC638DF635C6306FBDF55675CD35D7E4B93F08F8B061C32E8E1E3D7A464444C4639C4656B2F4EBD72F242D2D2D2C8F4D30365DBE083F5155041B73B923AD294F719D2106A238C0BC707440D7AD331D6046B2A4313CDB146F427C0673594F6B705A7E3CF2C823EAE79F7FCE166F8C81CB3ECC71465B830E0C54E1E1E12EED4F7E3774E8D0A19963C68CF95A04FC514F12F09E3D7B86899518E2EC73F99FC3F4D86F717C8E2440B93EC3F6F89EB3FE95A3EF387B5F84FBB2D46B9B366D8A7DFF16F1BE8BE24DF126C4A72C6E2DDC05CA9C0697A77C4789B5ACCE9C39638A500ECBA77FFFFE39DCEBF9D1B265CB722FBCF042EAA851A36222232311E56F1FA55F2D2F878013C132EF2DB5F3104FE4CAAE5CD83A94EF16EBE74E8ED99D9781B1D8471E9F63AA95A328F2F645F9D1FC3C3245A57EFDFAD6972DD8DA29DEC43379436EF8AC850250B366CDE443870E8D2D6CE634CCCDC5B42FA4A93423CB0102D36AD7AEAD5AB76E5DE07D8A055EBE6DDBB6E7D6AC59135552F5E082782668812BD4E7B27FAC8295DFE7E70BB26FEC0FDF2BC8EF85848424444747BBCDCC96F6E6520F428E25598E6919A69321FB99D22E7874F08A13BBFD57638BA778130F16705681EB1C3972C408182A6CCA53D0BB776FAB6B32DB2AECD6AD5BA1F7D9A3478F50E954A4C4C7C7579497EF6BF14AD516608105523ECB90CF9C2E1B29A2962CA296CC2BC2ADE07C61FEFECCD0D0D06566FD8AE0678F9D17755E777ED8797D42784A28DEC4B3886615148EBA75EB9E8E8D8D1D25D66EA133A87DFDF5D786E56A75E3C2F25EB06081BAF1C61B0BB5CF63C2E1C3874365BFF733818BD70936D2002F920ED14227567EAA6979637642710AB875D6433E9E1342F126254D4C4C4C9C3C8C604D148EE1C3871F1A376EDC8C679F7DB6C0AE73CCA3DDBA756B0E9739C00211070E1C501B366C28B0EB7CD3A64DC7468F1E1D2AFBEC3573E64C0AB7870397B83CC44A876D4A707070AC0B1E0CB8FA9188C8C8D8579CE28DFD5B608A548A3721BEC3BBEFBE3B6BF0E0C1E913274EFC461E035CB5C021D01F7EF8A191A0C5C46A819F3A754A7DF9E59786F5ED6AD09A88FDB10F3EF8C0146E4E17F370E47C3F2616F637051C47DF6C8AF7BE7DFB549D3A758AEDF890F9CFEE774931C1242D845C06C68F1F3FBF72E5CA3DE4F122D6477685B973E7E6704B222146DDBA75AD89318CE963B366CD72697F7BF7EE3D3A6EDCB832146EEF016B661734004E3A773F9BCF11E8589CD8EDFF679E318A37213E29E0E5CA95EB3961C2840BF909784242825AB264490EF10E0D0D55AFBCF24A0E3728C634D7AE5D6B5858790157F99B6FBE59496EECFD29DCBE4D60602016D131729E6FD9B2459D3C79B2587E072E73BBEBF81BD67EF1C1DCE6845C46D6AF5FBFBB4183066B366EDC1859AF5EBD80ABAEBACAE17663C68C51898989D963DD708B3FF1C413C6BC5D14449F676464989696B1CEF23DF7DC932BB7B929DC18E396A78F8925379F67C1B7D9B66D5B4AD3A64DEF94A7D7E0DAC03581F5B8DDCDFCF9F38D057434AB626262C6B1F6697913E2B3CC9A356BD9850B17BA4C9C3831CD9105BE6AD52A151F1F9F2DCE008B95B46DDBD678DEA85123E3666C0A351688401297A54B97E6DA17C6B8CDE0340A77A9E223F30952ECEAE53BDD06F6B770E125078E9F9FDFFF58E5146F427C1E4CCF3A7FFE7CB7F1E3C7A7C1B56902572496FB3433AA9960E1112B5841CC1A810ED7E8D4A95373B848617123384D9E46D0555EEAAE2F74D462F11C818F729D19432CEE004339581C07FB35FB9B478F1E8D61AD172F7EAC02423C87F0F0F00EC1C1C1DF0D1E3C38A428895C1C59DCA670731E77E944AFF285E5718DCC67C8D63774E8D0224D1D8370A323B06DDB36F3AD54B1BA6F966B6C376BBC78E19837211EC48E1D3BF6356CD8709D886D78DDBA75FD6AD6AC5964EF18845B47953F161313B398B55C3AD9BE7D7B72E3C68D0F89B8769597FE274E9C501B376E34A616623DEE820257F9A851A3D41F7FFC71C91AF4F3FB8708F772D636C59B90522BE0EBD7AFEF59AF5E3DFFA208385CE563C78EC5183797FD24B8B6B63769D20403DE0F41C0E13A5FBE7CB9B1521DA61D8684E49FD1144339084E9B3469528EA42C5959592F4BE7F063D672C940B739211E4A545454A78080803943870E0D6ED1A245813BDA25E42A47DA4DCC3BCEE019F31E222222B0A2D024EBCA6E58B50E0983B0AC276630609111B8D4E11A874823010B2C750455DA2D698AAC410345B8A359B3146F428816707F7FFF6F860C191274D34D37952988C5ADA78359851B8BC8D8A773C3E2E0BD8A708829521E91B2AC08FB4030D53BCA361EEB6E1A4A192AE556655BA71BBFB1460A2CC413F9699C945FA41CF5C56B0B63E022DE9F89C5DCA108BB5925FB789263DC250FDDE6847830DBB76FFFB351A346BF09E1981E56B366CD7CDBAC3557B9DD18F7ABD8A5944552B6E8B255E55CC3BBA0BC2C65A6947D45D8C7457D5CA96EAEBEBBA4AC90B240CA70291F285BBE6D8CF99ED7FF7B5EC46AF1DEE7A3D756B294694D9A34D921025C55DEAAAB5C9F81B40A9DC1848484A10B172E3CCE964AF12684D881317008F8BA75EB30067E4104DCA9058E94A7EFBDF71E96F54470DAB7761FF791324F5BBABB75D96B11BAA7ED2CE87F49A9ADB7C33A08CF4A1928A58B14CC4BDB6327DEE3B5E0992E74AC0FDE488A99B9039941DE96F2A894DBA51C96821B7F7F2DDE3886D676A2DA496FBB451FC38B5206EB6380451C9F47D541785F933241CA29ED65C0FF325D0AC67DD3B4D7E1057DACB0CEFF9282F9758F49E9A16C91D9B7EBEF1FCAE318F0DD07A46CB4FCEF6116E187D7E398EE3C38FBCDCE526ED1FFABA3FFBFB8447C2744BC79F3E65FEAFF119D2824C70FD1FF2FEA2941D7E76762650FE8D9B3E79FF29D98B8B8B84CB6D0CB03172621C40B402297A8A8A89EE3C68DC318784AAB56AD2ADA6FA3A3CA43B2B2B2F24AC072939474CB6B082DB2B9AC943252D9DCD7AF285B40D3602DA64A0B3E6ED49F4A29A76CAE68FBCEC1BFB4756F728FB670674BA927E527BDCF24294DA574D3A28D49EB70ED1FD08FD3F56F292DF6FF31AB418B088EA1923EA6BBB420DB63BAC9273BA98724FD7885FE3FCEE8BA413DD4D29D9A742D9ADBD525D7B9B363C0F1BEA9DF57BAD310A73B4381BA4EDFC9E737B1FDE7FAFF373B40A3A43CEFC64B09C31CF69DBF701CCFF4E9D3E375076C7C5E3B904E218EFF33FDBF138A3721242F30761D1E1EDE65ECD8B173070F1E9C72F3CD37670BB89980C585454630BED9D8F2FA9C166F880FC6AEB112D49F525E9772AFB6C26ED6425C555D5AA37976010FBFB9168E057A9F8EA6AC6DD4961FDCDA73B5A55E430B1D9EDFA88FD16A9576B788A2157CEFB4A51300222CCFD76BAB7882BE0F225DDD262955A4DC20659DEE78FC6CF146E4770C15742725540B7163BDBF16CA36CE6E0AB2B3DF348730FA6A11BF435BBF4BDD7C295553790F5154D4F596EA402FAEB4EBFC118A3721C4150B5C04FC91F1E3C7CF1D346850529B366DAAD8ADC79DDF74B0F7F3B098605D3EA905B6BF1671708D94E516E15676A2E80A8BB5850DF7F06A6573C18E7620109FEAEDE6EA63302DD906CA36267BD86EFBE94E7E2F5D8BA99507F4637B6DCD43BC3FD61E00882B5CE3FE5AA01C59F3F91D03BC06707B5FA73B37BBB5D057D1F56792D76F7EACBD1A10EF7F6BA12F29B0B66C8CFE3FEB680BDCEC183DAEBD00E8D4D4674BA47813420A2FE073DAB56B17BF6AD5AA8A6E5CD613E3E26BB5704ED1227D5E8B962B947362D5C1EA842B1E2E57B8990749A9A93B0B56A64A19A33B0C3896A6FAFD0BCAE6C2BED5C5E358AE45B1A3C572EDAB1FE75AC41C9E88AB2D1D93EE79EC33BF6358AA2DF11BF523AC68B8CBB114DC472EFEE60C650BAC435D3DECA07EDCC17EBBD77D2D9E90F7B407006EFC3D5ABC21E423F5FFF5B7EE68EC644BBCBC30B739215E2AE0F210B172E54A0494B92B5739C6A3CB6B714AD3220296696BABA365DB0827967B27FD1CEEE39696CFE072866BF88416CF99DA22B5E7AC16706CB3CA62E52ED516614FCBB675B4A03802C78F31680461B5B5BBE799E9C44274A7C27403B7D5EF991CD642A55C3C86582977EAFF31497B181AEBCECACF2EFE263A4B9F48F94AD9C6EB538BE1F269A8C5D92CD61C005B2DFF7B39FDFC36DD19FABB905E1742CB9B10926DA2CD98B1A45FBF7E55A2A3A3930BF0B57976AF312E5C510B0C22C79BE8F71FD537F275DA1A44E4F5E77A7B58CCEBB5005B19A16C814CB09C8FA94B4161002EEC1FB4009CD216780F27C788DF41E4FBF376A2FEB016E30FF43EAAE8E37406AC460485619820587FE74A2DB21056B8CD8728DB583CC6FE57A89CC966DED7C782DF1BAE7F3BAF6380A58D286D6B3CC01C6573A39B82B7309FDF045F285BCCC127C574E99C57051BB70E544CC24308215E0DC429AF643165B4859DD7F7CBBAE118CA16E23B5729C7DEC61BECAC5F6567A98714C3FF91D76FFEC3CE1A762729DABBE2882C27AFD1A13B60F9DEDD162B9CD0F22684780167F3F93C5DE59DF4E56C091C83B3EF38FB5E5EC70B8B39AD18FE8FBC7E73A0B6F48B8B44BBD7C654B13CB6C754B9EF946D3E3A864676B01910420821392DFAC73CF4D830BC5286A7881042082184104208218410420821841042082184104208218410420821841042082184104208218410420821841042082184104208218410420821841042082184104208218410420821841042082184104208218410420821841042082184104208218410420821841042082184104208218410420821841042082184104208218410420821841042082184104208218410420821841042082184104208218410420821841042082184104208218410420821841042082184104208218410420821841042082184104208218410420821841042082184100BFF0FDD37BFC6E671DD7D0000000049454E44AE426082, null);
INSERT INTO `act_ge_bytearray` VALUES ('7509', '1', '-.bpmn20.xml', '7508', 0x3C3F786D6C2076657273696F6E3D22312E302220656E636F64696E673D225554462D38223F3E0A3C646566696E6974696F6E7320786D6C6E733D22687474703A2F2F7777772E6F6D672E6F72672F737065632F42504D4E2F32303130303532342F4D4F44454C2220786D6C6E733A7873693D22687474703A2F2F7777772E77332E6F72672F323030312F584D4C536368656D612D696E7374616E63652220786D6C6E733A7873643D22687474703A2F2F7777772E77332E6F72672F323030312F584D4C536368656D612220786D6C6E733A61637469766974693D22687474703A2F2F61637469766974692E6F72672F62706D6E2220786D6C6E733A62706D6E64693D22687474703A2F2F7777772E6F6D672E6F72672F737065632F42504D4E2F32303130303532342F44492220786D6C6E733A6F6D6764633D22687474703A2F2F7777772E6F6D672E6F72672F737065632F44442F32303130303532342F44432220786D6C6E733A6F6D6764693D22687474703A2F2F7777772E6F6D672E6F72672F737065632F44442F32303130303532342F44492220747970654C616E67756167653D22687474703A2F2F7777772E77332E6F72672F323030312F584D4C536368656D61222065787072657373696F6E4C616E67756167653D22687474703A2F2F7777772E77332E6F72672F313939392F585061746822207461726765744E616D6573706163653D22687474703A2F2F7777772E61637469766974692E6F72672F74657374223E0A20203C70726F636573732069643D226C65617665436F756E7465725369676E22206E616D653D22E8AFB7E58187E6B581E7A88B2DE4BC9AE7ADBE2220697345786563757461626C653D2274727565223E0A202020203C646F63756D656E746174696F6E3EE8AFB7E58187E6B581E7A88BE6BC94E7A4BA2DE4BC9AE7ADBE3C2F646F63756D656E746174696F6E3E0A202020203C73746172744576656E742069643D2273746172746576656E743122206E616D653D225374617274222061637469766974693A696E69746961746F723D226170706C79557365724964223E0A2020202020203C657874656E73696F6E456C656D656E74733E0A20202020202020203C61637469766974693A666F726D50726F70657274792069643D2273746172744461746522206E616D653D22E8AFB7E58187E5BC80E5A78BE697A5E69C9F2220747970653D22646174652220646174655061747465726E3D22797979792D4D4D2D6464222072657175697265643D2274727565223E3C2F61637469766974693A666F726D50726F70657274793E0A20202020202020203C61637469766974693A666F726D50726F70657274792069643D22656E644461746522206E616D653D22E8AFB7E58187E7BB93E69D9FE697A5E69C9F2220747970653D22646174652220646174655061747465726E3D22797979792D4D4D2D6464222072657175697265643D2274727565223E3C2F61637469766974693A666F726D50726F70657274793E0A20202020202020203C61637469766974693A666F726D50726F70657274792069643D22726561736F6E22206E616D653D22E8AFB7E58187E58E9FE59BA02220747970653D22737472696E67222072657175697265643D2274727565223E3C2F61637469766974693A666F726D50726F70657274793E0A20202020202020203C61637469766974693A666F726D50726F70657274792069643D22757365727322206E616D653D22E5AEA1E689B9E58F82E4B88EE4BABA2220747970653D227573657273222072657175697265643D2274727565223E3C2F61637469766974693A666F726D50726F70657274793E0A20202020202020203C61637469766974693A666F726D50726F70657274792069643D2276616C69645363726970742220747970653D226A617661736372697074223E3C2F61637469766974693A666F726D50726F70657274793E0A2020202020203C2F657874656E73696F6E456C656D656E74733E0A202020203C2F73746172744576656E743E0A202020203C757365725461736B2069643D22636F756E7465727369676E22206E616D653D225BE983A8E997A82FE4BABAE4BA8B5DE88194E59088E4BC9AE7ADBE222061637469766974693A61737369676E65653D22247B757365727D223E0A2020202020203C657874656E73696F6E456C656D656E74733E0A20202020202020203C61637469766974693A666F726D50726F70657274792069643D2273746172744461746522206E616D653D22E8AFB7E58187E5BC80E5A78BE697A5E69C9F2220747970653D22646174652220646174655061747465726E3D22797979792D4D4D2D646422207772697461626C653D2266616C7365223E3C2F61637469766974693A666F726D50726F70657274793E0A20202020202020203C61637469766974693A666F726D50726F70657274792069643D22656E644461746522206E616D653D22E8AFB7E58187E7BB93E69D9FE697A5E69C9F2220747970653D22646174652220646174655061747465726E3D22797979792D4D4D2D646422207772697461626C653D2266616C7365223E3C2F61637469766974693A666F726D50726F70657274793E0A20202020202020203C61637469766974693A666F726D50726F70657274792069643D22726561736F6E22206E616D653D22E8AFB7E58187E58E9FE59BA02220747970653D22737472696E6722207772697461626C653D2266616C7365223E3C2F61637469766974693A666F726D50726F70657274793E0A20202020202020203C61637469766974693A666F726D50726F70657274792069643D22617070726F76656422206E616D653D22E5AEA1E689B9E6848FE8A7812220747970653D22656E756D222072657175697265643D2274727565223E0A202020202020202020203C61637469766974693A76616C75652069643D227472756522206E616D653D22E5908CE6848F223E3C2F61637469766974693A76616C75653E0A202020202020202020203C61637469766974693A76616C75652069643D2266616C736522206E616D653D22E68B92E7BB9D223E3C2F61637469766974693A76616C75653E0A20202020202020203C2F61637469766974693A666F726D50726F70657274793E0A20202020202020203C61637469766974693A7461736B4C697374656E6572206576656E743D22636F6D706C657465222064656C656761746545787072657373696F6E3D22247B6C65617665436F756E7465725369676E436F6D706C6574654C697374656E65727D223E3C2F61637469766974693A7461736B4C697374656E65723E0A20202020202020203C6D6F64656C65723A696E69746961746F722D63616E2D636F6D706C65746520786D6C6E733A6D6F64656C65723D22687474703A2F2F61637469766974692E636F6D2F6D6F64656C6572223E3C215B43444154415B66616C73655D5D3E3C2F6D6F64656C65723A696E69746961746F722D63616E2D636F6D706C6574653E0A2020202020203C2F657874656E73696F6E456C656D656E74733E0A2020202020203C6D756C7469496E7374616E63654C6F6F7043686172616374657269737469637320697353657175656E7469616C3D2266616C7365222061637469766974693A636F6C6C656374696F6E3D227573657273222061637469766974693A656C656D656E745661726961626C653D2275736572223E3C2F6D756C7469496E7374616E63654C6F6F704368617261637465726973746963733E0A202020203C2F757365725461736B3E0A202020203C757365725461736B2069643D227265706F72744261636B22206E616D653D22E99480E58187222061637469766974693A61737369676E65653D22247B6170706C795573657249647D223E0A2020202020203C657874656E73696F6E456C656D656E74733E0A20202020202020203C61637469766974693A666F726D50726F70657274792069643D2273746172744461746522206E616D653D22E8AFB7E58187E5BC80E5A78BE697A5E69C9F2220747970653D22646174652220646174655061747465726E3D22797979792D4D4D2D646422207772697461626C653D2266616C7365223E3C2F61637469766974693A666F726D50726F70657274793E0A20202020202020203C61637469766974693A666F726D50726F70657274792069643D22656E644461746522206E616D653D22E8AFB7E58187E7BB93E69D9FE697A5E69C9F2220747970653D22646174652220646174655061747465726E3D22797979792D4D4D2D646422207772697461626C653D2266616C7365223E3C2F61637469766974693A666F726D50726F70657274793E0A20202020202020203C61637469766974693A666F726D50726F70657274792069643D22726561736F6E22206E616D653D22E8AFB7E58187E58E9FE59BA02220747970653D22737472696E6722207772697461626C653D2266616C7365223E3C2F61637469766974693A666F726D50726F70657274793E0A20202020202020203C61637469766974693A666F726D50726F70657274792069643D227265706F72744261636B4461746522206E616D653D22E99480E58187E697A5E69C9F2220747970653D22646174652220646174655061747465726E3D22797979792D4D4D2D6464222072657175697265643D2274727565223E3C2F61637469766974693A666F726D50726F70657274793E0A20202020202020203C6D6F64656C65723A696E69746961746F722D63616E2D636F6D706C65746520786D6C6E733A6D6F64656C65723D22687474703A2F2F61637469766974692E636F6D2F6D6F64656C6572223E3C215B43444154415B66616C73655D5D3E3C2F6D6F64656C65723A696E69746961746F722D63616E2D636F6D706C6574653E0A2020202020203C2F657874656E73696F6E456C656D656E74733E0A202020203C2F757365725461736B3E0A202020203C656E644576656E742069643D22656E646576656E743122206E616D653D22456E64223E3C2F656E644576656E743E0A202020203C73657175656E6365466C6F772069643D22666C6F77322220736F757263655265663D2273746172746576656E743122207461726765745265663D22636F756E7465727369676E223E0A2020202020203C657874656E73696F6E456C656D656E74733E0A20202020202020203C61637469766974693A657865637574696F6E4C697374656E6572206576656E743D2274616B65222065787072657373696F6E3D22247B657865637574696F6E2E7365745661726961626C652827617070726F766564436F756E746572272C2030297D223E3C2F61637469766974693A657865637574696F6E4C697374656E65723E0A2020202020203C2F657874656E73696F6E456C656D656E74733E0A202020203C2F73657175656E6365466C6F773E0A202020203C73657175656E6365466C6F772069643D22666C6F773822206E616D653D22E99480E581872220736F757263655265663D227265706F72744261636B22207461726765745265663D22656E646576656E7431223E0A2020202020203C657874656E73696F6E456C656D656E74733E0A20202020202020203C61637469766974693A657865637574696F6E4C697374656E6572206576656E743D2274616B65222065787072657373696F6E3D22247B657865637574696F6E2E7365745661726961626C652827726573756C74272C20276F6B27297D223E3C2F61637469766974693A657865637574696F6E4C697374656E65723E0A2020202020203C2F657874656E73696F6E456C656D656E74733E0A202020203C2F73657175656E6365466C6F773E0A202020203C73657175656E6365466C6F772069643D22666C6F77313322206E616D653D22E585A8E983A8E9809AE8BF872220736F757263655265663D226578636C7573697665676174657761793122207461726765745265663D227265706F72744261636B223E0A2020202020203C636F6E646974696F6E45787072657373696F6E207873693A747970653D2274466F726D616C45787072657373696F6E223E3C215B43444154415B247B617070726F766564436F756E746572203D3D2075736572732E73697A6528297D5D5D3E3C2F636F6E646974696F6E45787072657373696F6E3E0A202020203C2F73657175656E6365466C6F773E0A202020203C6578636C7573697665476174657761792069643D226578636C7573697665676174657761793122206E616D653D224578636C75736976652047617465776179223E3C2F6578636C7573697665476174657761793E0A202020203C73657175656E6365466C6F772069643D22666C6F7731342220736F757263655265663D22636F756E7465727369676E22207461726765745265663D226578636C75736976656761746577617931223E3C2F73657175656E6365466C6F773E0A202020203C757365725461736B2069643D226D6F646966794170706C7922206E616D653D22E8B083E695B4E794B3E8AFB7222061637469766974693A61737369676E65653D22247B6170706C795573657249647D223E0A2020202020203C657874656E73696F6E456C656D656E74733E0A20202020202020203C61637469766974693A666F726D50726F70657274792069643D2273746172744461746522206E616D653D22E8AFB7E58187E5BC80E5A78BE697A5E69C9F2220747970653D22646174652220646174655061747465726E3D22797979792D4D4D2D6464222072657175697265643D2274727565223E3C2F61637469766974693A666F726D50726F70657274793E0A20202020202020203C61637469766974693A666F726D50726F70657274792069643D22656E644461746522206E616D653D22E8AFB7E58187E7BB93E69D9FE697A5E69C9F2220747970653D22646174652220646174655061747465726E3D22797979792D4D4D2D6464222072657175697265643D2274727565223E3C2F61637469766974693A666F726D50726F70657274793E0A20202020202020203C61637469766974693A666F726D50726F70657274792069643D22726561736F6E22206E616D653D22E8AFB7E58187E58E9FE59BA02220747970653D22737472696E67222072657175697265643D2274727565223E3C2F61637469766974693A666F726D50726F70657274793E0A20202020202020203C61637469766974693A666F726D50726F70657274792069643D2272654170706C7922206E616D653D22E9878DE696B0E794B3E8AFB72220747970653D22656E756D222072657175697265643D2274727565223E0A202020202020202020203C61637469766974693A76616C75652069643D227472756522206E616D653D22E9878DE696B0E794B3E8AFB7223E3C2F61637469766974693A76616C75653E0A202020202020202020203C61637469766974693A76616C75652069643D2266616C736522206E616D653D22E58F96E6B688E794B3E8AFB7223E3C2F61637469766974693A76616C75653E0A20202020202020203C2F61637469766974693A666F726D50726F70657274793E0A20202020202020203C6D6F64656C65723A696E69746961746F722D63616E2D636F6D706C65746520786D6C6E733A6D6F64656C65723D22687474703A2F2F61637469766974692E636F6D2F6D6F64656C6572223E3C215B43444154415B66616C73655D5D3E3C2F6D6F64656C65723A696E69746961746F722D63616E2D636F6D706C6574653E0A2020202020203C2F657874656E73696F6E456C656D656E74733E0A202020203C2F757365725461736B3E0A202020203C73657175656E6365466C6F772069643D22666C6F77313522206E616D653D22E983A8E58886E9809AE8BF872220736F757263655265663D226578636C7573697665676174657761793122207461726765745265663D226D6F646966794170706C79223E0A2020202020203C636F6E646974696F6E45787072657373696F6E207873693A747970653D2274466F726D616C45787072657373696F6E223E3C215B43444154415B247B617070726F766564436F756E746572203C2075736572732E73697A6528297D5D5D3E3C2F636F6E646974696F6E45787072657373696F6E3E0A202020203C2F73657175656E6365466C6F773E0A202020203C6578636C7573697665476174657761792069643D226578636C7573697665676174657761793222206E616D653D224578636C75736976652047617465776179223E3C2F6578636C7573697665476174657761793E0A202020203C73657175656E6365466C6F772069643D22666C6F7731362220736F757263655265663D226D6F646966794170706C7922207461726765745265663D226578636C75736976656761746577617932223E3C2F73657175656E6365466C6F773E0A202020203C73657175656E6365466C6F772069643D22666C6F7731372220736F757263655265663D226578636C7573697665676174657761793222207461726765745265663D22656E646576656E7431223E0A2020202020203C636F6E646974696F6E45787072657373696F6E207873693A747970653D2274466F726D616C45787072657373696F6E223E3C215B43444154415B247B72654170706C79203D3D202766616C7365277D5D5D3E3C2F636F6E646974696F6E45787072657373696F6E3E0A202020203C2F73657175656E6365466C6F773E0A202020203C73657175656E6365466C6F772069643D22666C6F77313822206E616D653D22E9878DE696B0E794B3E8AFB72220736F757263655265663D226578636C7573697665676174657761793222207461726765745265663D22636F756E7465727369676E223E0A2020202020203C657874656E73696F6E456C656D656E74733E0A20202020202020203C61637469766974693A657865637574696F6E4C697374656E6572206576656E743D2274616B65222065787072657373696F6E3D22247B657865637574696F6E2E7365745661726961626C652827617070726F766564436F756E746572272C2030297D223E3C2F61637469766974693A657865637574696F6E4C697374656E65723E0A2020202020203C2F657874656E73696F6E456C656D656E74733E0A2020202020203C636F6E646974696F6E45787072657373696F6E207873693A747970653D2274466F726D616C45787072657373696F6E223E3C215B43444154415B247B72654170706C79203D3D202774727565277D5D5D3E3C2F636F6E646974696F6E45787072657373696F6E3E0A202020203C2F73657175656E6365466C6F773E0A20203C2F70726F636573733E0A20203C62706D6E64693A42504D4E4469616772616D2069643D2242504D4E4469616772616D5F6C65617665436F756E7465725369676E223E0A202020203C62706D6E64693A42504D4E506C616E652062706D6E456C656D656E743D226C65617665436F756E7465725369676E222069643D2242504D4E506C616E655F6C65617665436F756E7465725369676E223E0A2020202020203C62706D6E64693A42504D4E53686170652062706D6E456C656D656E743D2273746172746576656E7431222069643D2242504D4E53686170655F73746172746576656E7431223E0A20202020202020203C6F6D6764633A426F756E6473206865696768743D2233302E30222077696474683D2233302E302220783D2231302E302220793D2233302E30223E3C2F6F6D6764633A426F756E64733E0A2020202020203C2F62706D6E64693A42504D4E53686170653E0A2020202020203C62706D6E64693A42504D4E53686170652062706D6E456C656D656E743D22636F756E7465727369676E222069643D2242504D4E53686170655F636F756E7465727369676E223E0A20202020202020203C6F6D6764633A426F756E6473206865696768743D2235352E30222077696474683D223130352E302220783D2239302E302220793D2232302E30223E3C2F6F6D6764633A426F756E64733E0A2020202020203C2F62706D6E64693A42504D4E53686170653E0A2020202020203C62706D6E64693A42504D4E53686170652062706D6E456C656D656E743D227265706F72744261636B222069643D2242504D4E53686170655F7265706F72744261636B223E0A20202020202020203C6F6D6764633A426F756E6473206865696768743D2235352E30222077696474683D223130352E302220783D223334302E302220793D2232302E30223E3C2F6F6D6764633A426F756E64733E0A2020202020203C2F62706D6E64693A42504D4E53686170653E0A2020202020203C62706D6E64693A42504D4E53686170652062706D6E456C656D656E743D22656E646576656E7431222069643D2242504D4E53686170655F656E646576656E7431223E0A20202020202020203C6F6D6764633A426F756E6473206865696768743D2232382E30222077696474683D2232382E302220783D223337352E302220793D223230332E30223E3C2F6F6D6764633A426F756E64733E0A2020202020203C2F62706D6E64693A42504D4E53686170653E0A2020202020203C62706D6E64693A42504D4E53686170652062706D6E456C656D656E743D226578636C75736976656761746577617931222069643D2242504D4E53686170655F6578636C75736976656761746577617931223E0A20202020202020203C6F6D6764633A426F756E6473206865696768743D2234302E30222077696474683D2234302E302220783D223232302E302220793D2232372E30223E3C2F6F6D6764633A426F756E64733E0A2020202020203C2F62706D6E64693A42504D4E53686170653E0A2020202020203C62706D6E64693A42504D4E53686170652062706D6E456C656D656E743D226D6F646966794170706C79222069643D2242504D4E53686170655F6D6F646966794170706C79223E0A20202020202020203C6F6D6764633A426F756E6473206865696768743D2235352E30222077696474683D223130352E302220783D223138382E302220793D223131302E30223E3C2F6F6D6764633A426F756E64733E0A2020202020203C2F62706D6E64693A42504D4E53686170653E0A2020202020203C62706D6E64693A42504D4E53686170652062706D6E456C656D656E743D226578636C75736976656761746577617932222069643D2242504D4E53686170655F6578636C75736976656761746577617932223E0A20202020202020203C6F6D6764633A426F756E6473206865696768743D2234302E30222077696474683D2234302E302220783D223232302E302220793D223230302E30223E3C2F6F6D6764633A426F756E64733E0A2020202020203C2F62706D6E64693A42504D4E53686170653E0A2020202020203C62706D6E64693A42504D4E456467652062706D6E456C656D656E743D22666C6F773137222069643D2242504D4E456467655F666C6F773137223E0A20202020202020203C6F6D6764693A776179706F696E7420783D223235392E36303532363331353738393437342220793D223231392E3630353236333135373839343734223E3C2F6F6D6764693A776179706F696E743E0A20202020202020203C6F6D6764693A776179706F696E7420783D223337352E30303238333638343735323630352220793D223231372E3238313832323037363839353435223E3C2F6F6D6764693A776179706F696E743E0A2020202020203C2F62706D6E64693A42504D4E456467653E0A2020202020203C62706D6E64693A42504D4E456467652062706D6E456C656D656E743D22666C6F773138222069643D2242504D4E456467655F666C6F773138223E0A20202020202020203C6F6D6764693A776179706F696E7420783D223232302E302220793D223232302E30223E3C2F6F6D6764693A776179706F696E743E0A20202020202020203C6F6D6764693A776179706F696E7420783D223134322E302220793D223232302E30223E3C2F6F6D6764693A776179706F696E743E0A20202020202020203C6F6D6764693A776179706F696E7420783D223134322E34323032383938353530373234372220793D2237352E30223E3C2F6F6D6764693A776179706F696E743E0A2020202020203C2F62706D6E64693A42504D4E456467653E0A2020202020203C62706D6E64693A42504D4E456467652062706D6E456C656D656E743D22666C6F7732222069643D2242504D4E456467655F666C6F7732223E0A20202020202020203C6F6D6764693A776179706F696E7420783D2233392E39393636303539353038353539382220793D2234352E333139303736373232333538363435223E3C2F6F6D6764693A776179706F696E743E0A20202020202020203C6F6D6764693A776179706F696E7420783D2239302E302220793D2234362E3338323937383732333430343236223E3C2F6F6D6764693A776179706F696E743E0A2020202020203C2F62706D6E64693A42504D4E456467653E0A2020202020203C62706D6E64693A42504D4E456467652062706D6E456C656D656E743D22666C6F773133222069643D2242504D4E456467655F666C6F773133223E0A20202020202020203C6F6D6764693A776179706F696E7420783D223235392E39333436343035323238373538342220793D2234372E3036353335393437373132343138223E3C2F6F6D6764693A776179706F696E743E0A20202020202020203C6F6D6764693A776179706F696E7420783D223334302E302220793D2234372E3332373836383835323435393032223E3C2F6F6D6764693A776179706F696E743E0A2020202020203C2F62706D6E64693A42504D4E456467653E0A2020202020203C62706D6E64693A42504D4E456467652062706D6E456C656D656E743D22666C6F773134222069643D2242504D4E456467655F666C6F773134223E0A20202020202020203C6F6D6764693A776179706F696E7420783D223139352E302220793D2234372E323330373639323330373639323236223E3C2F6F6D6764693A776179706F696E743E0A20202020202020203C6F6D6764693A776179706F696E7420783D223232302E31303230343038313633323635342220793D2234372E3130323034303831363332363533223E3C2F6F6D6764693A776179706F696E743E0A2020202020203C2F62706D6E64693A42504D4E456467653E0A2020202020203C62706D6E64693A42504D4E456467652062706D6E456C656D656E743D22666C6F773135222069643D2242504D4E456467655F666C6F773135223E0A20202020202020203C6F6D6764693A776179706F696E7420783D223234302E313039383930313039383930312220793D2236362E38393031303938393031303939223E3C2F6F6D6764693A776179706F696E743E0A20202020202020203C6F6D6764693A776179706F696E7420783D223234302E33343830363632393833343235332220793D223131302E30223E3C2F6F6D6764693A776179706F696E743E0A2020202020203C2F62706D6E64693A42504D4E456467653E0A2020202020203C62706D6E64693A42504D4E456467652062706D6E456C656D656E743D22666C6F773136222069643D2242504D4E456467655F666C6F773136223E0A20202020202020203C6F6D6764693A776179706F696E7420783D223234302E33333333333333333333333333342220793D223136352E30223E3C2F6F6D6764693A776179706F696E743E0A20202020202020203C6F6D6764693A776179706F696E7420783D223234302E31323034383139323737313038342220793D223230302E3132303438313932373731303834223E3C2F6F6D6764693A776179706F696E743E0A2020202020203C2F62706D6E64693A42504D4E456467653E0A2020202020203C62706D6E64693A42504D4E456467652062706D6E456C656D656E743D22666C6F7738222069643D2242504D4E456467655F666C6F7738223E0A20202020202020203C6F6D6764693A776179706F696E7420783D223339312E393332313533333932333330342220793D2237352E30223E3C2F6F6D6764693A776179706F696E743E0A20202020202020203C6F6D6764693A776179706F696E7420783D223338392E323839303233393335323936372220793D223230332E3030323938333730343931363737223E3C2F6F6D6764693A776179706F696E743E0A2020202020203C2F62706D6E64693A42504D4E456467653E0A202020203C2F62706D6E64693A42504D4E506C616E653E0A20203C2F62706D6E64693A42504D4E4469616772616D3E0A3C2F646566696E6974696F6E733E, '0');
INSERT INTO `act_ge_bytearray` VALUES ('7510', '1', '-.leaveCounterSign.png', '7508', 0x89504E470D0A1A0A0000000D49484452000001C2000000EB0806000000FACC960F000028F64944415478DAED9D099854D599F72B883B2E0C3A868F1094300C0F1FC3302E1F3A04D338A8806C129BB2AA1BE820038620A2425C1970E1139504259A68823B8A0E414444F63D080A324850500248B0019B6083C816D43BEF5B9CDB9CBEDCAAEEEAAEEAAEAAFBFB3FCFFBDCEDDC5ACE39EFFDDDF72CF78642082184104208218410420821841042082184104208215455398E5377CB962D5356AE5CF9ED82050B9C79F3E6611960F3E7CF77962E5DFA37B1426A29C2CFF1739446A9732C5BB6CC292929718E1C39826590EDDEBDDB59B264C93E71961BA8A9083FC7CF519AA477883847463BC911B973DC404D45F8397E8ED2246D26A12266B689831CA5A622FC1C3F476992B653530933DE411C6A2AC2CFF17354CB0EF2F5DE9DCE9655CF3B1FCD7F2066BAAEFBA8C03808C2CF31FC3CE71D647F69B1B37ECE48E7C39923CA99EED36354621CC447E7E25DF839060873C641B67FF4D609CEE1DAE71FCDA012E3205E751273CC12E1E71820CC7E07D9B0E891B80EA2C7A8C43888A58E62A562E3CDB22B5E869F638030EB1D64FDBCD1711D448F518971100F04BB5A91E16E60889F6319E0E78EE39CB66EDDBA412FBEF8E292B163C7EE1B3A74E8D1A2A222E7C61B6F740A0B0BBFFBF9CF7F7EE4DE7BEFDDF2C8238F4C12FB671C04070184D5866045FB117E8ED5849F2B00A74E9DFAD2830F3E7874D8B061CE33CF3CE3AC5CB9D2292E2E760E1D3AE4A874A9134D3FF8E0034740E9DC7AEBADDFDD76DB6D9F0D1C3870000E72CC74F4583C07D16354E2C083B05305B0738FD367889F6335E9E702BCFE0F3DF4D0E1112346C420F7CD37DF3895D5DAB56B9DBBEEBAEB9B4183066DC8CFCF6F167407D9B4FCC9B80EA2C7A8C481066165214764889F6335E5E7FA70D9E9D3A72FBCF9E69B9D193366240540AF66CF9EEDF4EFDFFF602E47879571903DC5EB9CF573479DD85C22FBF4189538B020EC9864A4976C7A849FE3E75581E0E2C58BDFBFE5965B9C4F3FFDD449853EFBEC3347A07A70C08001BF08AA83A86D5DFDD2090EA2FBA8C081056155233C3D6F3F30C4CFB134F9B946820A41EDF34BA5F4F3242ADC1F89440A03E920870F3B9BDEFDDD89CD25B24F8F51890307C2EA3673D24C8A9F63E9F073ED13D4E6D05445827E9161DFBE7D4B05862D82E420FA44894F97FF266EDF811EE3A913810261A71441AC1330C4CFB114FAB98E0E7DE081078E689F603A3573E6CC830505052B02E1207207B873D342E7CFB3EF89EB1CAE691A4DCB5D63CE8330D5A33F890CF1732C557E3E6DDAB4577474E8DFFFFE7727DD1A3C78F0AE5C6A22F573908AEE0EB96B0C2408BD035DBE27D6CF2C9391F73C06D0E0E75875FD5CA3419D27A853246A421F7EF8E1915C8A0AFD1CA432778789EE1AA9D43907426FE4A6107B3674EC79A2CF2601C378E70143FC1C3FAF8E9FEB136374804C75A64924ABFEFDFBEFBAF1C61B2FCCE48A5F5454746E551DA4AACEE11A953AA740E8D77CD9CFC0CC49028636045DEB4B9F61ED81103FCF213FD7C7A64D9C38D1A9498D1F3F7EAD80707826577CF97D1BC41EAB0888BCB013105661408B1FD412C1D02FFD449FF4F419D6D260192CCBFD5C9F1DAA8F4DAB49BDFBEEBB9F096466643808B7EAB354C3E170A92CEFCBCFCFAF878304CF412291C83CB11FA761604C65615859088668264D5FF9E2E7390E427D80F6CE9D3B6B1484BB76ED2A11B86CCF7010EE5610BA668058949797571707098E83B8E5AF174CA903975771604CA88A304C1682F6F7F3D68A14962F7E9EE320D4B748B80FD0AE29E9F749E53B940D0EE2631BC4693AE120C102A165B32A8820926D9E8C07C33A5584207D8669285FFC3CC741A8855F1B3295EEA8D841B1BD2602DB21B64DEC2F0A1CB9435B27CB0FC456882D155B20FB666BB3AAD81B62AF4BA59D24F69CAC3F23F6A41C1F2FDB8FCAFA18B1D1B27DAF6CFF526C986CFF426CA0ECFB994EE19075590DF792F56ED168F45A595E25FBDAEB9D610210BAF681A4EF8983040E84651184CF05B3AA7D747E30FCA41A10A4CF30C5E58B9FE73808FBF5EBF75D4D4784070F1ED451A387B499B15BB76E67E4E7E79F2395EEBCC2C2C286B2FE4301D18FF40934050505FF22EB171B30B5575029B064BBAB6C5F2FDBBD65BD40C1A68053D029F0647B84ACDF23364AB61F52302A2015940A4C03CE97C55E139B2AC7DE32805D6080BBA21220FC46418E830413847604619AD4AA1B81F9C1B03A10A4CF3085E58B9FE738086FB9E5962335DD47B863C78E4FB2A08F309E634C11CBE34E317BAC1217BB6A59AF5EBD5C608DAF66B5ABE313097E62F65747E3D39D07028BB4E7736DFF167C2987413872E4C84D353D6A74CE9C39EF64F2A8511D21EA7182431A518AB5A2EF8088D0D82A6D99B0064F55F7F1698922C267333C2274E7459E5F413AC78A9835DF1A899D22D6CA6CAB3A8835B0D6AF31FFA1AB393F6C7D5E3B73AEDFF78C4D65F9E2E7390EC2C71E7B6C624DCF231C356AD4CC4C9E47A893FD8D33EC377D8EE765C268326DC2DEB367CF09FBE2A5DFB66D5B4ABE77E3C68DCEBA75957F9FDAD6AD5B9D458B16E52A08BD00F442677F9AFA08AB02C39AE8233CDFFCBED66679B64F9AE506685F5BCB06267D63B3BCC9F379579848B8A1D9FEA3D93EC3077ABD7CF63511DB98AAF2CD2610EEDAB5EB847D070E1C70962D5BE69B5E5FA4AEC7E35D53F6EFDF9FFB20BCEFBEFB7E3464C8906F6BF0C93287A2D1E8E64C7EB28C4484DFD781369579BA4C3A1CC4BE00FA1D533069652F2D2D8D6D77EBD6CD993E7D7A6C7DD2A449E52AB3EEDBB46953AC9248BEC74CD34E9D3AB5DCE72B342FBAE8A2B8BFE7C1071F8C0BC9ABAFBE3A667A219932658A73F7DD77C7CE193E7C78D93EDDBEFFFEFBB319842B7470541C005627028B3745A24E28B949F7B5316AF434F3BB2266DB85E1259E7475AD88F1B0D82B2612D47D1798A537B2738F5F6681D685663B4F5A7DA3CD1B622F9BFCD7347F10EB5E51945AD9F2CD2610EAFF7FF4D14763D70035059DC2CCBD16E872C99225E5D28F1B37CE69D6AC59D97564EEDCB94EE7CE9DCB7CF7F7BFFF7DEE3F38E3F6DB6FFF4B4D3D6B74CE9C3993A4D22DCB95CEF67482D0BE9B6BDCB8B1F3C20B2F38575C714559655538E95281B863C78EB28AEE7EC695575E19ABF09B376F3EF181C1C631DC6D0568616161DCDF3373E6CC84BF599D4DA355B5B66DDBC6CCDD5EB060413647848922C0EA466215CD13FC5E1561786928FDF3081B99DFB3C0FCDF37CCF2D7D66F3DDF13A55D6045816D4CC436C1402F64F67731691A7A4038D0DAD756ACA995B681F9EE2ED677855359BED90242F5B5162D5A945D23F47A70FAE9A73B6BD6AC719E7EFAE918EC66CD9A55EEDAA2E9347D9B366DCAFC5DB76DFFB7B773168437DD7453FE1D77DC71B406A2C2528948D6E4FADB27520D427BBF363B6A33A542D1DDF7F1C71FC796AB57AF2E97F6F5D75F8FFFFE340F08FBF6ED5B164DFA7D6F8F1E3D2AFCCD9A469DAC49932631D375353DB662C58AA03D62ADA288ACB293E59385A1DB3CDB338DFFAD894F04E778BED3EDE7AB2F365BEC2DB167CCEF7BC5C0EC4B03D40E3E9FD5D22C9B9AA50DB92E9EB4ED7CCE0B67BA9FA72B1AD4D61DBDF95DBE7C79AC8BA265CB968E767F356FDE3CB6D4347AE3AAE99F7BEEB9D84DB6FAA902D305A89E7BDD75D7956D6B0B52201EA53868D0A075E97E1FA1F6476A3498E4DD75E0416837736A53A45BD95DC86833A91D0D5605847AA7A8908DF77B5AB76E5DE16F6EDFBE7DAC29A551A34631D375B769E5F3CF3F0FE2B346E34586C93E31A6B23074BFAF670DFD3F8DEA5EB49A23C306782F7AD229B8D69A88AEA515C5D9CB2E7140D8C76AEAEC68C1D10F84A16423C25C02A1DE20EBCDACFE7FBDB1D5561CBD46A86F7B7DD58DF0CE3CF34CA755AB56B1746E4468478B158D43C839106A9F5DFFFEFD0FA6EB0DF55248D3E53B7606ED0DF5A900E1F6EDDB63CD9CDA66AF15DC35F76E6DF7EEDDB1A8B0AA1161A2FE41379D3A4BA24139727313333F10EA9DA6F63904F4ED139D7C9A29FB85929F2798896F9FA89B2022F48270BD59AF67D2D637CB666679AFE7B35A7922C236565368E304206C67F6750C1A085D70E9FF5FBF7EBDD3AE5DBB18E04E3AE92467E8D0A1E5AE196E2B92DEA0BAAD377644A8FFF7E28B2F2EDB7EFCF1C783F370FDC2C2C202890C0F949494A4148292D97F8A46A3DB72A949B4A69B46B5A94207C5A8295C4E3EF9E41820359D3B1ACCADC0C982B0A2FE41ED48773BD9B53FB2A2DF7FD96597C5CCFE8C61C386C5FA3103FA3E42EFD40A1B6AC94C968F775E264C9AF782B0B107840743C7A7416C37FD827B2DB885CC201BC70C7E5927B6C68C12AD6F060FB5374DAA0ACFB32DE0BD27F65B93B6AED51F59CF133DE63408B545C71D04A75D277A9DD09B530560BC8850FBF01B366CE81B11BAA074C119A8B7CC141414F41F3870E0FE5445861A092A04C3E1F05DA11C544D8150B7ED4127EE5D9F5DA9B522EB5D60B2208CD73FE83A8136C7BA9F3972E4C8726914C23FFDE94F6323EFDC3B4EED7350D375F78E52FB0F75E08EFDDFE2ADE7F81BEAED97F3F60D55ED0DF5F6799D6A0982DBC4068B0D354D9E9DCC52ADB9294F77104C6BD3D41932FB9A868E8F0A6D627D66BD50F9E9176D4DF4FCA4691A3D6C45960DACCF74BF236C7ED39306B2EF85AAFF3082ACEA23747D69DAB469B1F54411613C10BA00D4EB879E5B5B37B0B5EEE702AD1B2542D8F7E69B6F7E5D8D0134A5BFFAD5AF9ED7E6507D6B4328479509205438B95329DC690EC980D0AF7FD01D85EA9D3FA8FBBC4FD950182AE8D4E2F511BABF3DC0204CD46798CA665794257E9E4E106A9FBEB61855D4476883509B46870C19E25C7BEDB5B1EE8E575F7D359636B02074FB0C25925B3068D0A05D6BD6AC3998CC3CC1B973E74E1690AED28131B9D627585B203CEBACB362CD1C7694E582504788B96DFE763F811F08B552EBDDA202EA9C73CEF1FD7EED6BAC5FBF7E4280867C4682EA676BC7BA7E76260DB7CE2010A612863C501B10C6BD7EB837AB3A6046478BBA539CDE7FFFFDD8719D4EE182506F5A359DF609BA9FA1FBF4065707506A7A1D6D1AE817704B86DEA0402C2A2A2A193B76EC477FFAD39FB6151717EF741FD4AD0FD0D66787CE9F3FFFEDD1A347CF2A2828D8A200F47B771F0E52393BF5D453CBCC9EB8EE377ACBAED4892248DBBEFEFAEBD8F10913269CB05F9B56478C1871C27E85AE2E6D58FA75D6EB70ED50860DB7CE3010A6A239B3B69A4301611698FD2418F5D3ABAEBAAA6C5B6F50EDFFB26FDFBED84039EDC31F306040AC49542343DDEFA6D1F101B539EA3BA3FC5C00F703F32AA329E6EDED87DCE770EA03B4CDAB918667F2136382EE20AEB991A42EABB33F10CF204C3F0C938DE8789B047E8E658F9FE3208010074971F326CDA1F839060871104098730E5259B8E963D3D2FDC41804080121028480B0D69A49F72768EE7447870241FC1C0384380820CC5907891719D21C8A9F6380100701848171102FF480207E8E01421C041006CE415CF88D0782F8390608711040185407E9A45393424C91C0CF3140888300C2A03A880121C2CF3140888300424088F0730C10E22080101022FC1C03843808200484083FC70061062ADE83AD0161C6D8217190A3801005CDCF036659E9E739A3A54B97EE2C2929C9AA4AE3F73689AAECCF062B2E2E7E4D1C6403204441F3F32059B6FA79CE68E1C2853D162F5EBCF78B2FBE384885CCAC3B44758EF9F3E76F13BB011022FC1C3F476994144057B91B59A5A1B9B65367AB4D9E3C39F642CF6CFE0F9669596CC856E70084F8793A0D3F4728FEC557DF29E904E185CA80100555F9F9F9A748FD3A424E20E451381CBE5C9CE3A85E802391084F340184287741584FEAD77E7202A11341384D2FBEC65691238010E52C08FF41EAD71E7202A1F217DD4BDD68D03501230F7B0684283741F87DA95F3BC90984CA5F7467D81074A342FA0A0121CA4910FE50EAD7367202A104D1A06B91488437A20342947B206C26F56B133981D0F10BEE2C3F081A5B410E01429473206C2937B91F91130855100DD2570808516E2A1A8DB611BFFE1F7202A150DCBEC113FA0AC9294088720A84FF4FEAD77BE404425C80290714484522911F4BFD5A464E20C4059872404105E15552BF169013087101A61C505041D84907C99113087101A61CAA27E698666FDDEA2E369D9C400810665339E87A570B408DC44E116BE503A426267D3DB3BCCCE7E33B8835B0D6AF11EB68BE43CF095B69DB99EFF14AD38DA5A4B2B26EDD2036859C4008106643392C3790FADA5A3630106A6C9637F9006A8C05B1663E1F7FBE497785581DB18666FB8F66FB0C9FCFECE5B34FA1BB91D2CABABA15157B859C400810664339D435C051701D167BC54482BAEF02B3B4A3B59F98745E60F58BF335A75851A32E5B5B806DE749DB42EC0DB1974DF4A869FE20D6DDFC3E943D75AB48EC7972022140982DE560434F21D5C64461130CC85C35B76056CF32B7B9738501967E4617B3AFA1078403AD7D6DC59A5A691B180076B17E579892CACABA3550EC197202214098D1EAD5AB9796C36CB1B7C49E31107AC500EACBD0B17EC20E26F9D9629798A5DB37F8336B5DA3C69EA1F2FD89BABFA55936354B1B725D3C69DBF99C0708B350E1707888F8F96FC809840061369483C268AD89D25A5A9199BDECE273BA63C0E75D0FC501619FD0F1A6CE8E161CFD40182222CC7A10DE1E89447E454E200408B30584EBCD2E37BAAB6F96CDCCF25ECFA90AB2CD1E60758F03C2569E88B04DE8785368E304206C67F675A4A4B212847709081F2627100284D902C283A1E3531BB6878EF50BEEB58065ABA1152D6ABA33CC76272BCD25669F0E7E5927B6C6A453C0EA88D1F6A163CDAF0ADAB32DE0E9B3297F6BD2BA83782E30806E4A89651508FF4B40783F39811020CC8672D0812F2DCDAE530C70DC919E4D3CA7CC33E6CA1D3CE3BDE0D5338073A5D0D351A54F868E358D1EB6A2D006D6F787CCEFD1E6D0C126FD5E03C83A9458F64820F890C0F05E720221404839A0A082F05101E1087202212EC094030A2A081F1710DE4A4E20C4053893F29CF742A29AAC6FBF1510FE9C9C40081066529E5F2A76341108E5C2D5959C4229AA6F13C56E22271002849996EFB3128070455E5E1E6F7B40A9AA6B2F89F52127100284991815FA82301289F42487500AEBDA6B623C0C012140989179EFD757B88A6810A5B89EBD21763D39811020CCD4A8F0287D8328CDF5EC6DB1EBC809840061464AC0378D6810A5D9C7E7462291ABC909840061A682F072AB6FB0133982D2E0E38BA56EFD849C400810667219C4FA0A8906519AEAD7BB02C22BC8098400612697C1A594034A63FD5A1D8D462F212710CA31103A8E5377CB962D5356AE5CF9ED82050B9C79F3E6611960F3E7CF77962E5DFA37B142BC2B33140E87D7151414FC0B3981508E815021B86CD932A7A4A4C43972E4089641B67BF76E67C99225FB048A37E061B5AF4824B2313F3FFF9FC90984720C841A0902C18C86E111891037E06119E1E35B048417911308E51808B53914E064B609088FE26119E1E39F0B081B911308E51808B53F0AD8643C08190094193E5E22203C9F9C4028A020FC7AEF4E67CBAAE79D8FE63F10335DD77D800A1006C8C7F70A08CF2127100A2008F797163BEBE78C743E9C39A29CE93E3D06AC0061407CFCA080F0747202A1008270FB476F9D0041D73EFF6806B0028441F1F16F0484279113080510841B163D1217847A0C5801C25CD7E8D1A3EB888F7F4B4E20145010AE9F373A2E08F518B00284B9AEA2A2A2D3C4C70F911308014240080803A9828282B3C5C7F79113080514843A4A341E08F518B00284B9AE4824729EF8F86E7202A1808270D3F227E382508F012B401800FFFE3F62C5E404420105E19EE275CEFAB9A34E6C16957D7A0C5801C200F8F785625BC90984020A42B5ADAB5F3A0184BA0F5001C220281C0E37171FFF849C4028A8203C7CD8D9F4EEEF4E6C16957D7A0C5801C20080B095F8F89FC909840208427D72CCA7CB7F13B78F508FF17419401800105E2C3EFE0139815090402891DECE4D0B9D3FCFBE272E045DD3349A96E81010E630082F171F5F414E20141010561405121D02C2A0A977EFDE5746229125E4044201016165A2C044D121F002843908C28E02C279E404420101615521E81AF00284B9A66834DA251C0ECF2427100A0808314088CA4BA2C19E02C269E40442801003844105616FF1F1D7C9098400210608830AC242F1F197C909840021060883EADFFDC59E252710028418200CAA7FDF2CF63B720221408801C2A0FAF750B127C809840021060883EADFC3C51E232710028418200CAA7FDF2336869C400810A6CC0E1C3850619A7DFBF69DB06FC58A15CEA14387CAB6B76FDFEE9BEE84D7486DDDEAAC5FBF3EEE71FB336D7BFFFDF79D1D3B760042FC7BB4D8A80449EA924B08470184498350BEDED9B871A33375EA54A761C386CE8001031CCD47B52953A6C48EBFFEFAEB4E6969A973F1C51797ED7BEAA9A7624B059B2E870E1D1AFBCCDDBB77C7FD3EFD9C33CF3C33E16F723F53A1F9F9E79F3B7BF6EC89ED1B3C78B0B379F3E6D8FAB66DDB006130FDFBFF472291BBCDA696472BB1B3C5EA7BF6E9B28975AA6E2F17BB42AC91D91E22D6D0ACB7247711200C70D3A8465A0B162C70A2D168CC5C18DD79E79DCEAE5DBBCA40A9FB1B376E1C4BABFB66CD9AE5346AD4A80CA693264D72C68D1B57764CD32B5C7BF7EEEDF4EFDFDF993E7DBA73FEF9E73BCD9B378FADAB8D1933C639E9A493CAFD1EFD4E4DA7BF6BD3A64DB1A57EE6EAD5AB6320D6EF21220CA6C2E1F03801E11D06725A1ECBC47A9AF53666D9C12C4FF3807091D87BD676179F758400615041A84B05D3D5575F1D8BDAF4E2D0B97367F7E25FD684EA0249970A29379D0B4ADD9E3B776EB9E86EE6CC9965DBCD9A3573AEBDF6DAB2EDCB2EBB2C66F6EFD168D0FDBE193366C47E977ECE0B2FBCE05C79E595CE134F3C0108830BC20902C25B0CBCBA8B9D620E29C81A9BFDED8DB9BAC482DD5EB18E66BBA3B5DE9CDC4580308020FCF8E38F9D75EBD6C520B368D1A2187034C2D3FE3EDDB76CD9B258F3E779E79D570E6C6E93A8024F233EDDAF692FBAE82267D8B061E5BE43A3BF366DDA944580DE88509B49DD26556D0A9D366D5AECB3972F5FEE2C59B2C4E9D1A3475953ECCD37DF5CB65E1B512120CC08103EFDF6DB6F0F97D57C317D2FE1DD1600FB883530A6DBD798D3869BED07AD88F00CEB631B91B30810063C22D48B84425121A4119736896AF3A79AC2488FEFDFBF3F9676CD9A3531E029CC264E9C183B478F29989E7EFAE95833E7902143CA4590C946847A8E4252D7159C575D7595D3B76FDFD83EFD6E5D27220CA6241A7C6EEDDAB583AC26CDA6A1E3FD7C6F893D6345792D4D73E905665BE1B94D6C89396FB275EE35E42E02848030B6742344055BFDFAF56311D8C9279F1C4BA7C734BA73CFD12655DDA7C074477B6ADFA0F623EA7E379D366F561584BAAEC0D50133EEA019F718200C2408272D5CB870B0AC763500FBB5586BB3DEDA4AAADB3D3DDBDA47382F747C60CC7BC67E42CE22400808CB40E88ECAD46D8596824DB75DD0E9B4090591468EBA1C3972A473C1051738F7DE7B6F2C5253D33E44F7B33582D3012EF19A4615B66ED3A8FD7B34F27407EA141616C6468CBA8374B4191610061684FF1D0E87F32DB835B6223EBF88D0066144EC4BB171A639B49FD95F9F9C458010103AA79E7AAA73FAE9A7976D6B33A72EBD8365EC73B41FCF1DC8A29163BB76ED9CBCBCBC84DFE58D0813FD1E77BD6DDBB6E5A67200C240FBF79B02C21E16DC76268800FD2242B78F5047948E0C1D9F6E8110200C3A08152EBAD449F12EF474F08AF6EFE97E9D1B684F76D77D7A5C41D8B265CB729F77D65967C5A0E5F75DDA6CAAA34C2BFA3D6E73AA1B9DEA6F7223428D16016160FDFB1D016167B3D9C1033A8D0ECF0E1D9F56E1AA8ED9F776E8D83CC2B6629BCDFEFAA1E3730A1102844105A1DADAB56B7DF7BB532414820A248598C24FF35997EEDC435D7707B468C43776EC58DFCFD33E469D53980CA435F2D475B78F908830D0FE3D5FEC3FC809840021060883EADF4BC5DA93130801420C1006D5BF578AB5252710028418200CAA7FAF11FB37720221408801C2A0FAF7FA4824F27FC909840021060883EADF9F46A3D17F222710028418200CAA7F7F26206C424E20040831401854FFDE515858D8909C400810628030A8FEFDB7BE7DFB36202710028418200CA42291C857DDBB773F8B9C400810628030A8FE7DB873E7CEA792130801420C1006D5BFBF93C5F7C809840021060803A7BCBCBCBAE2DF47C90984721484FA66056093D1764840C845B816D5AD5BB733C4BF0F901308E52808972E5DBAB3A4A404E064A8151717BF2620DC8087D59E8A8A8ACE0D87C3A5E40442390AC2850B17F658BC78F1DE2FBEF8E220E0C9AC485021387FFEFC6D6237E061B5A73E7DFAFCA3F8F717E40442390A42955C68BB4AD4B14A9BE0B43F2A9B4DCB21DBFF83312D8B0D40B0F6555050F003A957DBC90984721884940342F1158D469B4ABDDA4C4E20C405987240815424126921F58A7E5A84B800530E28B0206C2DF5EA437202212EC094030A6A9DBA546C153981101760CA0105B54EFDBBD8727202212EC094030A6A9DCA135B444E20C4059872408154381CBE46EAD51C7202212EC094030A2A08BB4ABD9A414E20C4059872404105612FA95753C90984B800530E28A820BC3112894C262710E2024C39A0A082B0AF80F0457202212EC094030AA404820304867F202710E2024C39A0A08270B080F0297202212EC094030A2A08870908C79313087101A61C505041F84B01E123E404425C80290714D43A759FD883E404425C80290714D43AF580D8487202212EC094030A6A9D1A2B76273981101760CA0105B54EFD5AEC367202212EC094030A6A9D7A52EC17E4044255BF00D74DF2A3CE20370121CAA83AF57BB1FF242750AEAA9D5847B1AE62FABEB188D841B1C77DD25E20A617D906066E8DCDFACF74FFF5D75F1FEF02EC98CFF7535BF31BBCE9DD8EF9E614112044B55EA75E884422FDC809948B5A606C82587B03A0DF9AF52E625F5969B78A7537D0FB46ACC0A46FEF7301AE27B64D6CB281ACEE1F67D6BF140BFB80AFA5D8722BBD7E57BED8C714132044B55EA75E151046C809948B3A4DAC99D829C6F402DA2274AC69B28DD9E705560BB36C64969DE28050D79B5AE7B5B5D6BD2074BFA7A1F5B90AC6B7C506524C8010D5AEC2E1F01F85833F252750AE4A2F9A6F5811614FB16BCC7A5D0B505D0DC01C13B5DD6DD635ED66B18D3D7AF4F082B0C09CEBC2AFA1754EC840AFA91559FEB7F9ECF5264A75A3C37614535CE8CD50F05560ABC829544D10BE2520EC464EA05C06E19D16A42E091DEB97734CC4E897BE89891875FD7CB3EC5A8D88D031DFA9307C2F74AC7FB2A3055D141F84978A1D4D04427DBB383985AA09C2D9D168F45A7202E53208DFB1C0936FA2BFDD9E741D4DB4E81850FD24747CE04C3C10C68B08C7C50161D87CEFFDD6EF61B04CC5309C9500842BF2F2F2EA924BA8B292C8EF3CA937171615159D6BED5BD8BB77EF0EE40ECA45B94D9E1D3D20749B469B596975808C0EA0D1C12BDA94DAC1A4A91707842D3CA07323428D26CFF601E14EF3F9DA2CDACE82666B8AA95251A12F08E502D6931C4249467F7725685D2895E556B10D362811CA76D5F500C96E466BE589F0DCA53BA0658C7D5E82411A8E8920FDE40ED2B9426C8931FBBCF61451A560E8D757B88A6810252B01DC6952777656D0EFFC1839857241DAB7A74D94378B0D35115807B31C6A45640AB0FAE61C9DD2B0CE448AAD3DC0EA50010813F5F5B9A346758AC6F3D677B97D96A87251E151FA06518AEAD3F004103CA4CDA7E41242FECEC3B0FD5A94806F1AD1204A854C3FE1FE38201C4D0E210408331584975B7D839DC811544D7F7ECCAF8F90BE41840061A69741ACAF906810A5202A6CE133F86A0039831020CCF432B8B457AF5E94034A557D7AD98A06377183851020CC06699368B947DF215455E5E7E737B30661F11A26840061C64B47E6968A8D374B468DA254F8B536B77F2B503C87DC400810660304BB5A91E16E608892554141C10FC2E1F010F1E729629BC40EB8D3267432BD199D3C5CD3915B0801C24C856045FB113A41FA1422B17962472AF12077D71649FA42720F2140589BEA5401ECDCE3F419A2787E7BA1C06C7612F0F3B365DA9F486E221C0A10D616042B821C9121F255381CBE311A8D7E6943ADA0A0C079F8E1879D850B173A7FFDEB5F9DAFBEFACA511D3870C0292E2E76962F5FEE8C1F3FDEE9D3A78F1786FB890E1120048435A98E49467AC9A647B90FC1AE02AE6F6C004E9A34C9292929712AA3D2D2D2587A3D8FB9860801C2DA8260D72A9CB71F18228D046D08DE7EFBEDB1E8AF2AD2F3468C18E185219121028428E32098AAF351F6FBE9857673E8A851A3CA9A3FAB2A6D361D33668CB799B405B98D00214AB52A1A1853D39F83B25002C1F97624585D08DA30F44486CBC86D0408513A2098AA664D22C3004AA748D87D82556D0E4DD44C6AF719D2448A00214A95BC035DBE27D6CF2C9391F73C06D0040F84F35C48E940977468F2E4C944850810A2B440B0AB05B36743C79E27FA6C12308C771E30CC72E5E7E77F5F7CEF3E59D64B944E9F04E30E90D1A86DCF9E3D6901A18E26F54CADB89052428010A50A822113D1399655068636045DEB6B1DA7CF30BBFDEE42F75D816277C57B7BBC796C5A0C4E8F3EFAA8934EE93C430B84C3292504085155140F4E7E504B0443BFF4137DD2D36798BD11613DCFC4767D26E86302BE561EFF9CE2A659BC78715A41A893EEADDF3383524280105515829D92809B1F0C2B0B412F0C6926CD42DFF333890E27BB40340FD08EED4FF52019AFF40934D6EFD84E092140889251656154110C9385A0FDFDBCB522474068D92CB183EE76AAA64C249A4A6147A894100284285908561642F16058A78A10F446A4C0B08A1A3D7A749DFCFCFCD3F51D7E7DFAF4F947F18DC61299FD48B65BCAFABF89B5EDDDBBF79512B15D2DEBD7C9B15EB21E91F522B181B27A8BF6AD89DD23EBF7CB72ACD8AF25DD53B29C28F692D8EB626F8ABD5309107E636FD784ECEFA346204088D201C14430FCA41A10ACEEEFA951E5E5E5D515D09C2980F9071D3D198D469B082C9A6B73A0AC5F2275F2DFC5F264FD5A597617BB418E15C8B2BFD8CDB27EAB80E6973AEA52EC41597F54964F88FD4ED69F93E52BDAB726E9DE92E51C7DED90D8BB621F88FD59EC53B16D623BC5BE34EFEED337BA7F6B22B0BD625F88FD55EC2FF2991FC9728DD84A595F22CBB9626F8B4D157B55EC05B167E4FB26888D93F531B2FC2F59DE29769B9C3358963789F591F5DE72AC8758E7780094639B7490CC75D75D575F9FF64244881020CC54553702F383617520E885612781CC29DDBB773F4B4724CA7A23B18BF4115A7291FD57B1CB64FDC752FEFFA1176533693B6C2ED60364F90BBD88EB8846598E321777BDC8FF462FFA7AF1D7BE2C0383B7CD3BF114122B25DDFFC8F2638588F635899518B81C32B051E87C2DB6C7C0E833B14F0CA4568B2D5778C9E7E86B86A62BD4E4B327C9F25903BBC7E5D8230A4185A1AC8F50381A48FECC40F30649D7CDC0344FD6AF90FD171BD8FE93E4C50F0D84EB77EBD6ED0C85732DF8DE6E0F004B35EF8B8A8A4EB3D2D04788504D8010AB9A49F68DAF66F6D7F189043F31FBABA3F17251D5DF78442EAC5F990B6EB1D816B10D621F8ABDAF13A7C5F4D15DEF983798BFA6CD77B2FE07593EA9CD7A72FEC3B21C6D9AFBEE30C3F9B519B09F3E045A9B07B599B077EFDE1DB5D9509B0F052E6DB439519B15751E9C36336A73A35EE0B5F911AF2BF3BDADD688D1D1923FE7FAA461D4284228E323C2AA8ED64C14112633E93E6E444811653C0837C8CDC2F878730855CC23440865BADC5724A5A38FB02A30645E6116C92F02F44A236AD3949CF627CB1416167EC793651042351181C59B22E1376A341918326A3447C5B3461142D904C38A2054D13CC1649F40E3EAD210F308731984697FFB44341AFD8EB74F2084AAAB8A22B2CA4E964F16866EF36C4F8A207765A680A4E57D8477DC71873D5F71596D8CA04508E57E6498EC13632A0B43F7FB8060EE83F0427BBA450ADF50FF1D6FA84708A52332F43653F60B253F4F90B74FA072D2E92AEEC0193732AC6A33A99EE7890469124508A51C86DE97F23E1B4A7EB27CBCF3982211DCC8B0C886A1F619EA001A1DF559D9D1A13A30C6EE133493F9EF22771142A996DFCB79FB86AAF6867AFBBCEACE5F44391019EA53686C902910759EA14EBAD768CF6D36D5E64F7D628C4E969F306182D3AF5FBF6F3D0F86D047B81591AB08A19A82612A224D4687A2589FA13DADA28AB68C3E41845036C190C9F2C80F883718201E4D06801A05323A14215493AA6E7326CDA128A1F4093402C461E6D9A45BCDF34BDDE798EA83CF679857445D486E21846A1B86C946740C8C41082194334AB67993E6508410428185A13E368D27C6208410CA49753290EB94E0F86E2088104228889121CDA1082184020B432088104228B0301C0F041142080555DA27E884982281104228C03A972C400821841042082184104208218410420821841042082184104208218410420821841042A8F2FA5FF50399A9369EC6370000000049454E44AE426082, '1');
INSERT INTO `act_ge_bytearray` VALUES ('7517', '1', 'hist.var-users', null, 0xACED00057372001A6A6176612E7574696C2E4172726179732441727261794C697374D9A43CBECD8806D20200015B0001617400135B4C6A6176612F6C616E672F4F626A6563743B7870757200135B4C6A6176612E6C616E672E537472696E673BADD256E7E91D7B47020000787000000002740007617869616E6C7574000572656E736D, null);

-- ----------------------------
-- Table structure for act_ge_property
-- ----------------------------
DROP TABLE IF EXISTS `act_ge_property`;
CREATE TABLE `act_ge_property` (
  `NAME_` varchar(64) COLLATE utf8_bin NOT NULL,
  `VALUE_` varchar(300) COLLATE utf8_bin DEFAULT NULL,
  `REV_` int(11) DEFAULT NULL,
  PRIMARY KEY (`NAME_`)
) ENGINE=InnoDB DEFAULT CHARSET=utf8 COLLATE=utf8_bin;

-- ----------------------------
-- Records of act_ge_property
-- ----------------------------
INSERT INTO `act_ge_property` VALUES ('cfg.execution-related-entities-count', 'false', '1');
INSERT INTO `act_ge_property` VALUES ('next.dbid', '10001', '5');
INSERT INTO `act_ge_property` VALUES ('schema.history', 'create(6.0.0.4)', '1');
INSERT INTO `act_ge_property` VALUES ('schema.version', '6.0.0.4', '1');

-- ----------------------------
-- Table structure for act_hi_actinst
-- ----------------------------
DROP TABLE IF EXISTS `act_hi_actinst`;
CREATE TABLE `act_hi_actinst` (
  `ID_` varchar(64) COLLATE utf8_bin NOT NULL,
  `PROC_DEF_ID_` varchar(64) COLLATE utf8_bin NOT NULL,
  `PROC_INST_ID_` varchar(64) COLLATE utf8_bin NOT NULL,
  `EXECUTION_ID_` varchar(64) COLLATE utf8_bin NOT NULL,
  `ACT_ID_` varchar(255) COLLATE utf8_bin NOT NULL,
  `TASK_ID_` varchar(64) COLLATE utf8_bin DEFAULT NULL,
  `CALL_PROC_INST_ID_` varchar(64) COLLATE utf8_bin DEFAULT NULL,
  `ACT_NAME_` varchar(255) COLLATE utf8_bin DEFAULT NULL,
  `ACT_TYPE_` varchar(255) COLLATE utf8_bin NOT NULL,
  `ASSIGNEE_` varchar(255) COLLATE utf8_bin DEFAULT NULL,
  `START_TIME_` datetime(3) NOT NULL,
  `END_TIME_` datetime(3) DEFAULT NULL,
  `DURATION_` bigint(20) DEFAULT NULL,
  `DELETE_REASON_` varchar(4000) COLLATE utf8_bin DEFAULT NULL,
  `TENANT_ID_` varchar(255) COLLATE utf8_bin DEFAULT '',
  PRIMARY KEY (`ID_`),
  KEY `ACT_IDX_HI_ACT_INST_START` (`START_TIME_`),
  KEY `ACT_IDX_HI_ACT_INST_END` (`END_TIME_`),
  KEY `ACT_IDX_HI_ACT_INST_PROCINST` (`PROC_INST_ID_`,`ACT_ID_`),
  KEY `ACT_IDX_HI_ACT_INST_EXEC` (`EXECUTION_ID_`,`ACT_ID_`)
) ENGINE=InnoDB DEFAULT CHARSET=utf8 COLLATE=utf8_bin;

-- ----------------------------
-- Records of act_hi_actinst
-- ----------------------------
INSERT INTO `act_hi_actinst` VALUES ('2505', 'leave:1:4', '2501', '2504', 'startevent1', null, null, 'Start', 'startEvent', null, '2020-08-19 14:03:16.599', '2020-08-19 14:03:16.615', '16', null, '');
INSERT INTO `act_hi_actinst` VALUES ('2506', 'leave:1:4', '2501', '2504', 'deptLeaderVerify', '2507', null, '', 'userTask', null, '2020-08-19 14:03:16.630', null, null, null, '');
INSERT INTO `act_hi_actinst` VALUES ('7519', 'leaveCounterSign:1:7511', '7512', '7518', 'startevent1', null, null, 'Start', 'startEvent', null, '2020-08-19 14:45:33.545', '2020-08-19 14:45:33.546', '1', null, '');
INSERT INTO `act_hi_actinst` VALUES ('7530', 'leaveCounterSign:1:7511', '7512', '7524', 'countersign', '7531', null, '[/]', 'userTask', 'axianlu', '2020-08-19 14:45:33.768', '2020-08-19 14:52:03.372', '389604', null, '');
INSERT INTO `act_hi_actinst` VALUES ('7533', 'leaveCounterSign:1:7511', '7512', '7525', 'countersign', '7534', null, '[/]', 'userTask', 'rensm', '2020-08-19 14:45:33.778', '2020-08-19 14:55:00.160', '566382', null, '');
INSERT INTO `act_hi_actinst` VALUES ('7538', 'leaveCounterSign:1:7511', '7512', '7518', 'exclusivegateway1', null, null, 'Exclusive Gateway', 'exclusiveGateway', null, '2020-08-19 14:55:00.352', '2020-08-19 14:55:00.478', '126', null, '');
INSERT INTO `act_hi_actinst` VALUES ('7539', 'leaveCounterSign:1:7511', '7512', '7518', 'reportBack', '7540', null, '', 'userTask', 'yuangong', '2020-08-19 14:55:00.490', '2020-08-19 14:58:41.815', '221325', null, '');
INSERT INTO `act_hi_actinst` VALUES ('7544', 'leaveCounterSign:1:7511', '7512', '7518', 'endevent1', null, null, 'End', 'endEvent', null, '2020-08-19 14:58:41.817', '2020-08-19 14:58:41.818', '1', null, '');

-- ----------------------------
-- Table structure for act_hi_attachment
-- ----------------------------
DROP TABLE IF EXISTS `act_hi_attachment`;
CREATE TABLE `act_hi_attachment` (
  `ID_` varchar(64) COLLATE utf8_bin NOT NULL,
  `REV_` int(11) DEFAULT NULL,
  `USER_ID_` varchar(255) COLLATE utf8_bin DEFAULT NULL,
  `NAME_` varchar(255) COLLATE utf8_bin DEFAULT NULL,
  `DESCRIPTION_` varchar(4000) COLLATE utf8_bin DEFAULT NULL,
  `TYPE_` varchar(255) COLLATE utf8_bin DEFAULT NULL,
  `TASK_ID_` varchar(64) COLLATE utf8_bin DEFAULT NULL,
  `PROC_INST_ID_` varchar(64) COLLATE utf8_bin DEFAULT NULL,
  `URL_` varchar(4000) COLLATE utf8_bin DEFAULT NULL,
  `CONTENT_ID_` varchar(64) COLLATE utf8_bin DEFAULT NULL,
  `TIME_` datetime(3) DEFAULT NULL,
  PRIMARY KEY (`ID_`)
) ENGINE=InnoDB DEFAULT CHARSET=utf8 COLLATE=utf8_bin;

-- ----------------------------
-- Records of act_hi_attachment
-- ----------------------------

-- ----------------------------
-- Table structure for act_hi_comment
-- ----------------------------
DROP TABLE IF EXISTS `act_hi_comment`;
CREATE TABLE `act_hi_comment` (
  `ID_` varchar(64) COLLATE utf8_bin NOT NULL,
  `TYPE_` varchar(255) COLLATE utf8_bin DEFAULT NULL,
  `TIME_` datetime(3) NOT NULL,
  `USER_ID_` varchar(255) COLLATE utf8_bin DEFAULT NULL,
  `TASK_ID_` varchar(64) COLLATE utf8_bin DEFAULT NULL,
  `PROC_INST_ID_` varchar(64) COLLATE utf8_bin DEFAULT NULL,
  `ACTION_` varchar(255) COLLATE utf8_bin DEFAULT NULL,
  `MESSAGE_` varchar(4000) COLLATE utf8_bin DEFAULT NULL,
  `FULL_MSG_` longblob,
  PRIMARY KEY (`ID_`)
) ENGINE=InnoDB DEFAULT CHARSET=utf8 COLLATE=utf8_bin;

-- ----------------------------
-- Records of act_hi_comment
-- ----------------------------

-- ----------------------------
-- Table structure for act_hi_detail
-- ----------------------------
DROP TABLE IF EXISTS `act_hi_detail`;
CREATE TABLE `act_hi_detail` (
  `ID_` varchar(64) COLLATE utf8_bin NOT NULL,
  `TYPE_` varchar(255) COLLATE utf8_bin NOT NULL,
  `PROC_INST_ID_` varchar(64) COLLATE utf8_bin DEFAULT NULL,
  `EXECUTION_ID_` varchar(64) COLLATE utf8_bin DEFAULT NULL,
  `TASK_ID_` varchar(64) COLLATE utf8_bin DEFAULT NULL,
  `ACT_INST_ID_` varchar(64) COLLATE utf8_bin DEFAULT NULL,
  `NAME_` varchar(255) COLLATE utf8_bin NOT NULL,
  `VAR_TYPE_` varchar(255) COLLATE utf8_bin DEFAULT NULL,
  `REV_` int(11) DEFAULT NULL,
  `TIME_` datetime(3) NOT NULL,
  `BYTEARRAY_ID_` varchar(64) COLLATE utf8_bin DEFAULT NULL,
  `DOUBLE_` double DEFAULT NULL,
  `LONG_` bigint(20) DEFAULT NULL,
  `TEXT_` varchar(4000) COLLATE utf8_bin DEFAULT NULL,
  `TEXT2_` varchar(4000) COLLATE utf8_bin DEFAULT NULL,
  PRIMARY KEY (`ID_`),
  KEY `ACT_IDX_HI_DETAIL_PROC_INST` (`PROC_INST_ID_`),
  KEY `ACT_IDX_HI_DETAIL_ACT_INST` (`ACT_INST_ID_`),
  KEY `ACT_IDX_HI_DETAIL_TIME` (`TIME_`),
  KEY `ACT_IDX_HI_DETAIL_NAME` (`NAME_`),
  KEY `ACT_IDX_HI_DETAIL_TASK_ID` (`TASK_ID_`)
) ENGINE=InnoDB DEFAULT CHARSET=utf8 COLLATE=utf8_bin;

-- ----------------------------
-- Records of act_hi_detail
-- ----------------------------

-- ----------------------------
-- Table structure for act_hi_identitylink
-- ----------------------------
DROP TABLE IF EXISTS `act_hi_identitylink`;
CREATE TABLE `act_hi_identitylink` (
  `ID_` varchar(64) COLLATE utf8_bin NOT NULL,
  `GROUP_ID_` varchar(255) COLLATE utf8_bin DEFAULT NULL,
  `TYPE_` varchar(255) COLLATE utf8_bin DEFAULT NULL,
  `USER_ID_` varchar(255) COLLATE utf8_bin DEFAULT NULL,
  `TASK_ID_` varchar(64) COLLATE utf8_bin DEFAULT NULL,
  `PROC_INST_ID_` varchar(64) COLLATE utf8_bin DEFAULT NULL,
  PRIMARY KEY (`ID_`),
  KEY `ACT_IDX_HI_IDENT_LNK_USER` (`USER_ID_`),
  KEY `ACT_IDX_HI_IDENT_LNK_TASK` (`TASK_ID_`),
  KEY `ACT_IDX_HI_IDENT_LNK_PROCINST` (`PROC_INST_ID_`)
) ENGINE=InnoDB DEFAULT CHARSET=utf8 COLLATE=utf8_bin;

-- ----------------------------
-- Records of act_hi_identitylink
-- ----------------------------
INSERT INTO `act_hi_identitylink` VALUES ('2503', null, 'starter', 'chengxy', null, '2501');
INSERT INTO `act_hi_identitylink` VALUES ('2508', 'deptLeader', 'candidate', null, '2507', null);
INSERT INTO `act_hi_identitylink` VALUES ('7514', null, 'starter', 'yuangong', null, '7512');
INSERT INTO `act_hi_identitylink` VALUES ('7532', null, 'participant', 'axianlu', null, '7512');
INSERT INTO `act_hi_identitylink` VALUES ('7535', null, 'participant', 'rensm', null, '7512');

-- ----------------------------
-- Table structure for act_hi_procinst
-- ----------------------------
DROP TABLE IF EXISTS `act_hi_procinst`;
CREATE TABLE `act_hi_procinst` (
  `ID_` varchar(64) COLLATE utf8_bin NOT NULL,
  `PROC_INST_ID_` varchar(64) COLLATE utf8_bin NOT NULL,
  `BUSINESS_KEY_` varchar(255) COLLATE utf8_bin DEFAULT NULL,
  `PROC_DEF_ID_` varchar(64) COLLATE utf8_bin NOT NULL,
  `START_TIME_` datetime(3) NOT NULL,
  `END_TIME_` datetime(3) DEFAULT NULL,
  `DURATION_` bigint(20) DEFAULT NULL,
  `START_USER_ID_` varchar(255) COLLATE utf8_bin DEFAULT NULL,
  `START_ACT_ID_` varchar(255) COLLATE utf8_bin DEFAULT NULL,
  `END_ACT_ID_` varchar(255) COLLATE utf8_bin DEFAULT NULL,
  `SUPER_PROCESS_INSTANCE_ID_` varchar(64) COLLATE utf8_bin DEFAULT NULL,
  `DELETE_REASON_` varchar(4000) COLLATE utf8_bin DEFAULT NULL,
  `TENANT_ID_` varchar(255) COLLATE utf8_bin DEFAULT '',
  `NAME_` varchar(255) COLLATE utf8_bin DEFAULT NULL,
  PRIMARY KEY (`ID_`),
  UNIQUE KEY `PROC_INST_ID_` (`PROC_INST_ID_`),
  KEY `ACT_IDX_HI_PRO_INST_END` (`END_TIME_`),
  KEY `ACT_IDX_HI_PRO_I_BUSKEY` (`BUSINESS_KEY_`)
) ENGINE=InnoDB DEFAULT CHARSET=utf8 COLLATE=utf8_bin;

-- ----------------------------
-- Records of act_hi_procinst
-- ----------------------------
INSERT INTO `act_hi_procinst` VALUES ('2501', '2501', '1', 'leave:1:4', '2020-08-19 14:03:16.509', null, null, 'chengxy', 'startevent1', null, null, null, '', null);
INSERT INTO `act_hi_procinst` VALUES ('7512', '7512', '2', 'leaveCounterSign:1:7511', '2020-08-19 14:45:33.510', '2020-08-19 14:58:42.055', '788545', 'yuangong', 'startevent1', 'endevent1', null, null, '', null);

-- ----------------------------
-- Table structure for act_hi_taskinst
-- ----------------------------
DROP TABLE IF EXISTS `act_hi_taskinst`;
CREATE TABLE `act_hi_taskinst` (
  `ID_` varchar(64) COLLATE utf8_bin NOT NULL,
  `PROC_DEF_ID_` varchar(64) COLLATE utf8_bin DEFAULT NULL,
  `TASK_DEF_KEY_` varchar(255) COLLATE utf8_bin DEFAULT NULL,
  `PROC_INST_ID_` varchar(64) COLLATE utf8_bin DEFAULT NULL,
  `EXECUTION_ID_` varchar(64) COLLATE utf8_bin DEFAULT NULL,
  `NAME_` varchar(255) COLLATE utf8_bin DEFAULT NULL,
  `PARENT_TASK_ID_` varchar(64) COLLATE utf8_bin DEFAULT NULL,
  `DESCRIPTION_` varchar(4000) COLLATE utf8_bin DEFAULT NULL,
  `OWNER_` varchar(255) COLLATE utf8_bin DEFAULT NULL,
  `ASSIGNEE_` varchar(255) COLLATE utf8_bin DEFAULT NULL,
  `START_TIME_` datetime(3) NOT NULL,
  `CLAIM_TIME_` datetime(3) DEFAULT NULL,
  `END_TIME_` datetime(3) DEFAULT NULL,
  `DURATION_` bigint(20) DEFAULT NULL,
  `DELETE_REASON_` varchar(4000) COLLATE utf8_bin DEFAULT NULL,
  `PRIORITY_` int(11) DEFAULT NULL,
  `DUE_DATE_` datetime(3) DEFAULT NULL,
  `FORM_KEY_` varchar(255) COLLATE utf8_bin DEFAULT NULL,
  `CATEGORY_` varchar(255) COLLATE utf8_bin DEFAULT NULL,
  `TENANT_ID_` varchar(255) COLLATE utf8_bin DEFAULT '',
  PRIMARY KEY (`ID_`),
  KEY `ACT_IDX_HI_TASK_INST_PROCINST` (`PROC_INST_ID_`)
) ENGINE=InnoDB DEFAULT CHARSET=utf8 COLLATE=utf8_bin;

-- ----------------------------
-- Records of act_hi_taskinst
-- ----------------------------
INSERT INTO `act_hi_taskinst` VALUES ('2507', 'leave:1:4', 'deptLeaderVerify', '2501', '2504', '', null, null, null, null, '2020-08-19 14:03:16.830', null, null, null, null, '50', null, null, null, '');
INSERT INTO `act_hi_taskinst` VALUES ('7531', 'leaveCounterSign:1:7511', 'countersign', '7512', '7524', '[/]', null, null, null, 'axianlu', '2020-08-19 14:45:33.769', '2020-08-19 14:52:02.877', '2020-08-19 14:52:03.325', '389556', null, '50', null, null, null, '');
INSERT INTO `act_hi_taskinst` VALUES ('7534', 'leaveCounterSign:1:7511', 'countersign', '7512', '7525', '[/]', null, null, null, 'rensm', '2020-08-19 14:45:33.783', '2020-08-19 14:54:59.777', '2020-08-19 14:55:00.134', '566351', null, '50', null, null, null, '');
INSERT INTO `act_hi_taskinst` VALUES ('7540', 'leaveCounterSign:1:7511', 'reportBack', '7512', '7518', '', null, null, null, 'yuangong', '2020-08-19 14:55:00.504', '2020-08-19 14:58:41.422', '2020-08-19 14:58:41.788', '221284', null, '50', null, null, null, '');

-- ----------------------------
-- Table structure for act_hi_varinst
-- ----------------------------
DROP TABLE IF EXISTS `act_hi_varinst`;
CREATE TABLE `act_hi_varinst` (
  `ID_` varchar(64) COLLATE utf8_bin NOT NULL,
  `PROC_INST_ID_` varchar(64) COLLATE utf8_bin DEFAULT NULL,
  `EXECUTION_ID_` varchar(64) COLLATE utf8_bin DEFAULT NULL,
  `TASK_ID_` varchar(64) COLLATE utf8_bin DEFAULT NULL,
  `NAME_` varchar(255) COLLATE utf8_bin NOT NULL,
  `VAR_TYPE_` varchar(100) COLLATE utf8_bin DEFAULT NULL,
  `REV_` int(11) DEFAULT NULL,
  `BYTEARRAY_ID_` varchar(64) COLLATE utf8_bin DEFAULT NULL,
  `DOUBLE_` double DEFAULT NULL,
  `LONG_` bigint(20) DEFAULT NULL,
  `TEXT_` varchar(4000) COLLATE utf8_bin DEFAULT NULL,
  `TEXT2_` varchar(4000) COLLATE utf8_bin DEFAULT NULL,
  `CREATE_TIME_` datetime(3) DEFAULT NULL,
  `LAST_UPDATED_TIME_` datetime(3) DEFAULT NULL,
  PRIMARY KEY (`ID_`),
  KEY `ACT_IDX_HI_PROCVAR_PROC_INST` (`PROC_INST_ID_`),
  KEY `ACT_IDX_HI_PROCVAR_NAME_TYPE` (`NAME_`,`VAR_TYPE_`),
  KEY `ACT_IDX_HI_PROCVAR_TASK_ID` (`TASK_ID_`)
) ENGINE=InnoDB DEFAULT CHARSET=utf8 COLLATE=utf8_bin;

-- ----------------------------
-- Records of act_hi_varinst
-- ----------------------------
INSERT INTO `act_hi_varinst` VALUES ('2502', '2501', '2501', null, 'applyUserId', 'string', '0', null, null, null, 'chengxy', null, '2020-08-19 14:03:16.579', '2020-08-19 14:03:16.579');
INSERT INTO `act_hi_varinst` VALUES ('7513', '7512', '7512', null, 'applyUserId', 'string', '0', null, null, null, 'yuangong', null, '2020-08-19 14:45:33.510', '2020-08-19 14:45:33.510');
INSERT INTO `act_hi_varinst` VALUES ('7516', '7512', '7512', null, 'users', 'serializable', '0', '7517', null, null, null, null, '2020-08-19 14:45:33.544', '2020-08-19 14:45:33.544');
INSERT INTO `act_hi_varinst` VALUES ('7520', '7512', '7512', null, 'approvedCounter', 'long', '2', null, null, '2', '2', null, '2020-08-19 14:45:33.660', '2020-08-19 14:55:00.082');
INSERT INTO `act_hi_varinst` VALUES ('7521', '7512', '7518', null, 'nrOfInstances', 'integer', '0', null, null, '2', '2', null, '2020-08-19 14:45:33.662', '2020-08-19 14:45:33.662');
INSERT INTO `act_hi_varinst` VALUES ('7522', '7512', '7518', null, 'nrOfCompletedInstances', 'integer', '2', null, null, '2', '2', null, '2020-08-19 14:45:33.662', '2020-08-19 14:55:00.166');
INSERT INTO `act_hi_varinst` VALUES ('7523', '7512', '7518', null, 'nrOfActiveInstances', 'integer', '2', null, null, '0', '0', null, '2020-08-19 14:45:33.662', '2020-08-19 14:55:00.174');
INSERT INTO `act_hi_varinst` VALUES ('7526', '7512', '7524', null, 'loopCounter', 'integer', '0', null, null, '0', '0', null, '2020-08-19 14:45:33.663', '2020-08-19 14:45:33.663');
INSERT INTO `act_hi_varinst` VALUES ('7527', '7512', '7524', null, 'user', 'string', '0', null, null, null, 'axianlu', null, '2020-08-19 14:45:33.663', '2020-08-19 14:45:33.663');
INSERT INTO `act_hi_varinst` VALUES ('7528', '7512', '7525', null, 'loopCounter', 'integer', '0', null, null, '1', '1', null, '2020-08-19 14:45:33.767', '2020-08-19 14:45:33.767');
INSERT INTO `act_hi_varinst` VALUES ('7529', '7512', '7525', null, 'user', 'string', '0', null, null, null, 'rensm', null, '2020-08-19 14:45:33.767', '2020-08-19 14:45:33.767');
INSERT INTO `act_hi_varinst` VALUES ('7536', '7512', '7512', null, 'approved', 'boolean', '3', null, null, '1', null, null, '2020-08-19 14:52:02.748', '2020-08-19 14:55:00.013');
INSERT INTO `act_hi_varinst` VALUES ('7537', '7512', '7512', null, 'comment', 'string', '3', null, null, null, '', null, '2020-08-19 14:52:02.748', '2020-08-19 14:55:00.025');
INSERT INTO `act_hi_varinst` VALUES ('7541', '7512', '7512', null, 'realityEndTime', 'date', '1', null, null, '1597834500000', null, null, '2020-08-19 14:58:41.284', '2020-08-19 14:58:41.728');
INSERT INTO `act_hi_varinst` VALUES ('7542', '7512', '7512', null, 'realityStartTime', 'date', '1', null, null, '1597818900000', null, null, '2020-08-19 14:58:41.284', '2020-08-19 14:58:41.735');
INSERT INTO `act_hi_varinst` VALUES ('7543', '7512', '7512', null, 'result', 'string', '0', null, null, null, 'ok', null, '2020-08-19 14:58:41.817', '2020-08-19 14:58:41.817');

-- ----------------------------
-- Table structure for act_procdef_info
-- ----------------------------
DROP TABLE IF EXISTS `act_procdef_info`;
CREATE TABLE `act_procdef_info` (
  `ID_` varchar(64) COLLATE utf8_bin NOT NULL,
  `PROC_DEF_ID_` varchar(64) COLLATE utf8_bin NOT NULL,
  `REV_` int(11) DEFAULT NULL,
  `INFO_JSON_ID_` varchar(64) COLLATE utf8_bin DEFAULT NULL,
  PRIMARY KEY (`ID_`),
  UNIQUE KEY `ACT_UNIQ_INFO_PROCDEF` (`PROC_DEF_ID_`),
  KEY `ACT_IDX_INFO_PROCDEF` (`PROC_DEF_ID_`),
  KEY `ACT_FK_INFO_JSON_BA` (`INFO_JSON_ID_`),
  CONSTRAINT `ACT_FK_INFO_JSON_BA` FOREIGN KEY (`INFO_JSON_ID_`) REFERENCES `act_ge_bytearray` (`ID_`),
  CONSTRAINT `ACT_FK_INFO_PROCDEF` FOREIGN KEY (`PROC_DEF_ID_`) REFERENCES `act_re_procdef` (`ID_`)
) ENGINE=InnoDB DEFAULT CHARSET=utf8 COLLATE=utf8_bin;

-- ----------------------------
-- Records of act_procdef_info
-- ----------------------------

-- ----------------------------
-- Table structure for act_re_deployment
-- ----------------------------
DROP TABLE IF EXISTS `act_re_deployment`;
CREATE TABLE `act_re_deployment` (
  `ID_` varchar(64) COLLATE utf8_bin NOT NULL,
  `NAME_` varchar(255) COLLATE utf8_bin DEFAULT NULL,
  `CATEGORY_` varchar(255) COLLATE utf8_bin DEFAULT NULL,
  `KEY_` varchar(255) COLLATE utf8_bin DEFAULT NULL,
  `TENANT_ID_` varchar(255) COLLATE utf8_bin DEFAULT '',
  `DEPLOY_TIME_` timestamp(3) NULL DEFAULT NULL,
  `ENGINE_VERSION_` varchar(255) COLLATE utf8_bin DEFAULT NULL,
  PRIMARY KEY (`ID_`)
) ENGINE=InnoDB DEFAULT CHARSET=utf8 COLLATE=utf8_bin;

-- ----------------------------
-- Records of act_re_deployment
-- ----------------------------
INSERT INTO `act_re_deployment` VALUES ('1', null, null, null, '', '2020-08-19 11:54:40.599', null);
INSERT INTO `act_re_deployment` VALUES ('5001', null, null, null, '', '2020-08-19 14:19:38.751', null);
INSERT INTO `act_re_deployment` VALUES ('7508', '-', null, null, '', '2020-08-19 14:44:13.333', null);

-- ----------------------------
-- Table structure for act_re_model
-- ----------------------------
DROP TABLE IF EXISTS `act_re_model`;
CREATE TABLE `act_re_model` (
  `ID_` varchar(64) COLLATE utf8_bin NOT NULL,
  `REV_` int(11) DEFAULT NULL,
  `NAME_` varchar(255) COLLATE utf8_bin DEFAULT NULL,
  `KEY_` varchar(255) COLLATE utf8_bin DEFAULT NULL,
  `CATEGORY_` varchar(255) COLLATE utf8_bin DEFAULT NULL,
  `CREATE_TIME_` timestamp(3) NULL DEFAULT NULL,
  `LAST_UPDATE_TIME_` timestamp(3) NULL DEFAULT NULL,
  `VERSION_` int(11) DEFAULT NULL,
  `META_INFO_` varchar(4000) COLLATE utf8_bin DEFAULT NULL,
  `DEPLOYMENT_ID_` varchar(64) COLLATE utf8_bin DEFAULT NULL,
  `EDITOR_SOURCE_VALUE_ID_` varchar(64) COLLATE utf8_bin DEFAULT NULL,
  `EDITOR_SOURCE_EXTRA_VALUE_ID_` varchar(64) COLLATE utf8_bin DEFAULT NULL,
  `TENANT_ID_` varchar(255) COLLATE utf8_bin DEFAULT '',
  PRIMARY KEY (`ID_`),
  KEY `ACT_FK_MODEL_SOURCE` (`EDITOR_SOURCE_VALUE_ID_`),
  KEY `ACT_FK_MODEL_SOURCE_EXTRA` (`EDITOR_SOURCE_EXTRA_VALUE_ID_`),
  KEY `ACT_FK_MODEL_DEPLOYMENT` (`DEPLOYMENT_ID_`),
  CONSTRAINT `ACT_FK_MODEL_DEPLOYMENT` FOREIGN KEY (`DEPLOYMENT_ID_`) REFERENCES `act_re_deployment` (`ID_`),
  CONSTRAINT `ACT_FK_MODEL_SOURCE` FOREIGN KEY (`EDITOR_SOURCE_VALUE_ID_`) REFERENCES `act_ge_bytearray` (`ID_`),
  CONSTRAINT `ACT_FK_MODEL_SOURCE_EXTRA` FOREIGN KEY (`EDITOR_SOURCE_EXTRA_VALUE_ID_`) REFERENCES `act_ge_bytearray` (`ID_`)
) ENGINE=InnoDB DEFAULT CHARSET=utf8 COLLATE=utf8_bin;

-- ----------------------------
-- Records of act_re_model
-- ----------------------------
INSERT INTO `act_re_model` VALUES ('5', '2', '', 'work_order_model', null, '2020-08-19 11:56:45.605', '2020-08-19 11:56:45.672', '1', '{\"name\":\"\",\"revision\":1,\"description\":\"\"}', null, '6', null, '');
INSERT INTO `act_re_model` VALUES ('7501', '4', '-', 'leave-countersign', '5001', '2020-08-19 14:40:02.318', '2020-08-19 14:44:00.980', '1', '{\"name\":\"-\",\"revision\":1,\"description\":\"-\"}', null, '7502', '7507', '');

-- ----------------------------
-- Table structure for act_re_procdef
-- ----------------------------
DROP TABLE IF EXISTS `act_re_procdef`;
CREATE TABLE `act_re_procdef` (
  `ID_` varchar(64) COLLATE utf8_bin NOT NULL,
  `REV_` int(11) DEFAULT NULL,
  `CATEGORY_` varchar(255) COLLATE utf8_bin DEFAULT NULL,
  `NAME_` varchar(255) COLLATE utf8_bin DEFAULT NULL,
  `KEY_` varchar(255) COLLATE utf8_bin NOT NULL,
  `VERSION_` int(11) NOT NULL,
  `DEPLOYMENT_ID_` varchar(64) COLLATE utf8_bin DEFAULT NULL,
  `RESOURCE_NAME_` varchar(4000) COLLATE utf8_bin DEFAULT NULL,
  `DGRM_RESOURCE_NAME_` varchar(4000) COLLATE utf8_bin DEFAULT NULL,
  `DESCRIPTION_` varchar(4000) COLLATE utf8_bin DEFAULT NULL,
  `HAS_START_FORM_KEY_` tinyint(4) DEFAULT NULL,
  `HAS_GRAPHICAL_NOTATION_` tinyint(4) DEFAULT NULL,
  `SUSPENSION_STATE_` int(11) DEFAULT NULL,
  `TENANT_ID_` varchar(255) COLLATE utf8_bin DEFAULT '',
  `ENGINE_VERSION_` varchar(255) COLLATE utf8_bin DEFAULT NULL,
  PRIMARY KEY (`ID_`),
  UNIQUE KEY `ACT_UNIQ_PROCDEF` (`KEY_`,`VERSION_`,`TENANT_ID_`)
) ENGINE=InnoDB DEFAULT CHARSET=utf8 COLLATE=utf8_bin;

-- ----------------------------
-- Records of act_re_procdef
-- ----------------------------
INSERT INTO `act_re_procdef` VALUES ('leave-countersign:1:5004', '1', 'http://www.activiti.org/test', '-', 'leave-countersign', '1', '5001', 'D:/ronde/uploadPath/processDefiniton/2020/08/19/151b0977de665889efc7666cc3ddd169.bpmn', 'D:/ronde/uploadPath/processDefiniton/2020/08/19/151b0977de665889efc7666cc3ddd169.leave-countersign.png', '-', '0', '1', '1', '', null);
INSERT INTO `act_re_procdef` VALUES ('leave:1:4', '1', 'http://www.kafeitu.me/activiti/leave', '-', 'leave', '1', '1', 'D:/ronde/uploadPath/processDefiniton/2020/08/19/a499453db2d06a63f3a1128967ab1725.bpmn', 'D:/ronde/uploadPath/processDefiniton/2020/08/19/a499453db2d06a63f3a1128967ab1725.leave.png', '', '0', '1', '1', '', null);
INSERT INTO `act_re_procdef` VALUES ('leaveCounterSign:1:7511', '1', 'http://www.activiti.org/test', '-', 'leaveCounterSign', '1', '7508', '-.bpmn20.xml', '-.leaveCounterSign.png', '-', '0', '1', '1', '', null);

-- ----------------------------
-- Table structure for act_ru_deadletter_job
-- ----------------------------
DROP TABLE IF EXISTS `act_ru_deadletter_job`;
CREATE TABLE `act_ru_deadletter_job` (
  `ID_` varchar(64) COLLATE utf8_bin NOT NULL,
  `REV_` int(11) DEFAULT NULL,
  `TYPE_` varchar(255) COLLATE utf8_bin NOT NULL,
  `EXCLUSIVE_` tinyint(1) DEFAULT NULL,
  `EXECUTION_ID_` varchar(64) COLLATE utf8_bin DEFAULT NULL,
  `PROCESS_INSTANCE_ID_` varchar(64) COLLATE utf8_bin DEFAULT NULL,
  `PROC_DEF_ID_` varchar(64) COLLATE utf8_bin DEFAULT NULL,
  `EXCEPTION_STACK_ID_` varchar(64) COLLATE utf8_bin DEFAULT NULL,
  `EXCEPTION_MSG_` varchar(4000) COLLATE utf8_bin DEFAULT NULL,
  `DUEDATE_` timestamp(3) NULL DEFAULT NULL,
  `REPEAT_` varchar(255) COLLATE utf8_bin DEFAULT NULL,
  `HANDLER_TYPE_` varchar(255) COLLATE utf8_bin DEFAULT NULL,
  `HANDLER_CFG_` varchar(4000) COLLATE utf8_bin DEFAULT NULL,
  `TENANT_ID_` varchar(255) COLLATE utf8_bin DEFAULT '',
  PRIMARY KEY (`ID_`),
  KEY `ACT_FK_DEADLETTER_JOB_EXECUTION` (`EXECUTION_ID_`),
  KEY `ACT_FK_DEADLETTER_JOB_PROCESS_INSTANCE` (`PROCESS_INSTANCE_ID_`),
  KEY `ACT_FK_DEADLETTER_JOB_PROC_DEF` (`PROC_DEF_ID_`),
  KEY `ACT_FK_DEADLETTER_JOB_EXCEPTION` (`EXCEPTION_STACK_ID_`),
  CONSTRAINT `ACT_FK_DEADLETTER_JOB_EXCEPTION` FOREIGN KEY (`EXCEPTION_STACK_ID_`) REFERENCES `act_ge_bytearray` (`ID_`),
  CONSTRAINT `ACT_FK_DEADLETTER_JOB_EXECUTION` FOREIGN KEY (`EXECUTION_ID_`) REFERENCES `act_ru_execution` (`ID_`),
  CONSTRAINT `ACT_FK_DEADLETTER_JOB_PROCESS_INSTANCE` FOREIGN KEY (`PROCESS_INSTANCE_ID_`) REFERENCES `act_ru_execution` (`ID_`),
  CONSTRAINT `ACT_FK_DEADLETTER_JOB_PROC_DEF` FOREIGN KEY (`PROC_DEF_ID_`) REFERENCES `act_re_procdef` (`ID_`)
) ENGINE=InnoDB DEFAULT CHARSET=utf8 COLLATE=utf8_bin;

-- ----------------------------
-- Records of act_ru_deadletter_job
-- ----------------------------

-- ----------------------------
-- Table structure for act_ru_event_subscr
-- ----------------------------
DROP TABLE IF EXISTS `act_ru_event_subscr`;
CREATE TABLE `act_ru_event_subscr` (
  `ID_` varchar(64) COLLATE utf8_bin NOT NULL,
  `REV_` int(11) DEFAULT NULL,
  `EVENT_TYPE_` varchar(255) COLLATE utf8_bin NOT NULL,
  `EVENT_NAME_` varchar(255) COLLATE utf8_bin DEFAULT NULL,
  `EXECUTION_ID_` varchar(64) COLLATE utf8_bin DEFAULT NULL,
  `PROC_INST_ID_` varchar(64) COLLATE utf8_bin DEFAULT NULL,
  `ACTIVITY_ID_` varchar(64) COLLATE utf8_bin DEFAULT NULL,
  `CONFIGURATION_` varchar(255) COLLATE utf8_bin DEFAULT NULL,
  `CREATED_` timestamp(3) NOT NULL DEFAULT CURRENT_TIMESTAMP(3),
  `PROC_DEF_ID_` varchar(64) COLLATE utf8_bin DEFAULT NULL,
  `TENANT_ID_` varchar(255) COLLATE utf8_bin DEFAULT '',
  PRIMARY KEY (`ID_`),
  KEY `ACT_IDX_EVENT_SUBSCR_CONFIG_` (`CONFIGURATION_`),
  KEY `ACT_FK_EVENT_EXEC` (`EXECUTION_ID_`),
  CONSTRAINT `ACT_FK_EVENT_EXEC` FOREIGN KEY (`EXECUTION_ID_`) REFERENCES `act_ru_execution` (`ID_`)
) ENGINE=InnoDB DEFAULT CHARSET=utf8 COLLATE=utf8_bin;

-- ----------------------------
-- Records of act_ru_event_subscr
-- ----------------------------

-- ----------------------------
-- Table structure for act_ru_execution
-- ----------------------------
DROP TABLE IF EXISTS `act_ru_execution`;
CREATE TABLE `act_ru_execution` (
  `ID_` varchar(64) COLLATE utf8_bin NOT NULL,
  `REV_` int(11) DEFAULT NULL,
  `PROC_INST_ID_` varchar(64) COLLATE utf8_bin DEFAULT NULL,
  `BUSINESS_KEY_` varchar(255) COLLATE utf8_bin DEFAULT NULL,
  `PARENT_ID_` varchar(64) COLLATE utf8_bin DEFAULT NULL,
  `PROC_DEF_ID_` varchar(64) COLLATE utf8_bin DEFAULT NULL,
  `SUPER_EXEC_` varchar(64) COLLATE utf8_bin DEFAULT NULL,
  `ROOT_PROC_INST_ID_` varchar(64) COLLATE utf8_bin DEFAULT NULL,
  `ACT_ID_` varchar(255) COLLATE utf8_bin DEFAULT NULL,
  `IS_ACTIVE_` tinyint(4) DEFAULT NULL,
  `IS_CONCURRENT_` tinyint(4) DEFAULT NULL,
  `IS_SCOPE_` tinyint(4) DEFAULT NULL,
  `IS_EVENT_SCOPE_` tinyint(4) DEFAULT NULL,
  `IS_MI_ROOT_` tinyint(4) DEFAULT NULL,
  `SUSPENSION_STATE_` int(11) DEFAULT NULL,
  `CACHED_ENT_STATE_` int(11) DEFAULT NULL,
  `TENANT_ID_` varchar(255) COLLATE utf8_bin DEFAULT '',
  `NAME_` varchar(255) COLLATE utf8_bin DEFAULT NULL,
  `START_TIME_` datetime(3) DEFAULT NULL,
  `START_USER_ID_` varchar(255) COLLATE utf8_bin DEFAULT NULL,
  `LOCK_TIME_` timestamp(3) NULL DEFAULT NULL,
  `IS_COUNT_ENABLED_` tinyint(4) DEFAULT NULL,
  `EVT_SUBSCR_COUNT_` int(11) DEFAULT NULL,
  `TASK_COUNT_` int(11) DEFAULT NULL,
  `JOB_COUNT_` int(11) DEFAULT NULL,
  `TIMER_JOB_COUNT_` int(11) DEFAULT NULL,
  `SUSP_JOB_COUNT_` int(11) DEFAULT NULL,
  `DEADLETTER_JOB_COUNT_` int(11) DEFAULT NULL,
  `VAR_COUNT_` int(11) DEFAULT NULL,
  `ID_LINK_COUNT_` int(11) DEFAULT NULL,
  PRIMARY KEY (`ID_`),
  KEY `ACT_IDX_EXEC_BUSKEY` (`BUSINESS_KEY_`),
  KEY `ACT_IDC_EXEC_ROOT` (`ROOT_PROC_INST_ID_`),
  KEY `ACT_FK_EXE_PROCINST` (`PROC_INST_ID_`),
  KEY `ACT_FK_EXE_PARENT` (`PARENT_ID_`),
  KEY `ACT_FK_EXE_SUPER` (`SUPER_EXEC_`),
  KEY `ACT_FK_EXE_PROCDEF` (`PROC_DEF_ID_`),
  CONSTRAINT `ACT_FK_EXE_PARENT` FOREIGN KEY (`PARENT_ID_`) REFERENCES `act_ru_execution` (`ID_`) ON DELETE CASCADE,
  CONSTRAINT `ACT_FK_EXE_PROCDEF` FOREIGN KEY (`PROC_DEF_ID_`) REFERENCES `act_re_procdef` (`ID_`),
  CONSTRAINT `ACT_FK_EXE_PROCINST` FOREIGN KEY (`PROC_INST_ID_`) REFERENCES `act_ru_execution` (`ID_`) ON DELETE CASCADE ON UPDATE CASCADE,
  CONSTRAINT `ACT_FK_EXE_SUPER` FOREIGN KEY (`SUPER_EXEC_`) REFERENCES `act_ru_execution` (`ID_`) ON DELETE CASCADE
) ENGINE=InnoDB DEFAULT CHARSET=utf8 COLLATE=utf8_bin;

-- ----------------------------
-- Records of act_ru_execution
-- ----------------------------
INSERT INTO `act_ru_execution` VALUES ('2501', '1', '2501', '1', null, 'leave:1:4', null, '2501', null, '1', '0', '1', '0', '0', '1', null, '', null, '2020-08-19 14:03:16.509', 'chengxy', null, '0', '0', '0', '0', '0', '0', '0', '0', '0');
INSERT INTO `act_ru_execution` VALUES ('2504', '1', '2501', null, '2501', 'leave:1:4', null, '2501', 'deptLeaderVerify', '1', '0', '0', '0', '0', '1', null, '', null, '2020-08-19 14:03:16.587', null, null, '0', '0', '0', '0', '0', '0', '0', '0', '0');

-- ----------------------------
-- Table structure for act_ru_identitylink
-- ----------------------------
DROP TABLE IF EXISTS `act_ru_identitylink`;
CREATE TABLE `act_ru_identitylink` (
  `ID_` varchar(64) COLLATE utf8_bin NOT NULL,
  `REV_` int(11) DEFAULT NULL,
  `GROUP_ID_` varchar(255) COLLATE utf8_bin DEFAULT NULL,
  `TYPE_` varchar(255) COLLATE utf8_bin DEFAULT NULL,
  `USER_ID_` varchar(255) COLLATE utf8_bin DEFAULT NULL,
  `TASK_ID_` varchar(64) COLLATE utf8_bin DEFAULT NULL,
  `PROC_INST_ID_` varchar(64) COLLATE utf8_bin DEFAULT NULL,
  `PROC_DEF_ID_` varchar(64) COLLATE utf8_bin DEFAULT NULL,
  PRIMARY KEY (`ID_`),
  KEY `ACT_IDX_IDENT_LNK_USER` (`USER_ID_`),
  KEY `ACT_IDX_IDENT_LNK_GROUP` (`GROUP_ID_`),
  KEY `ACT_IDX_ATHRZ_PROCEDEF` (`PROC_DEF_ID_`),
  KEY `ACT_FK_TSKASS_TASK` (`TASK_ID_`),
  KEY `ACT_FK_IDL_PROCINST` (`PROC_INST_ID_`),
  CONSTRAINT `ACT_FK_ATHRZ_PROCEDEF` FOREIGN KEY (`PROC_DEF_ID_`) REFERENCES `act_re_procdef` (`ID_`),
  CONSTRAINT `ACT_FK_IDL_PROCINST` FOREIGN KEY (`PROC_INST_ID_`) REFERENCES `act_ru_execution` (`ID_`),
  CONSTRAINT `ACT_FK_TSKASS_TASK` FOREIGN KEY (`TASK_ID_`) REFERENCES `act_ru_task` (`ID_`)
) ENGINE=InnoDB DEFAULT CHARSET=utf8 COLLATE=utf8_bin;

-- ----------------------------
-- Records of act_ru_identitylink
-- ----------------------------
INSERT INTO `act_ru_identitylink` VALUES ('2503', '1', null, 'starter', 'chengxy', null, '2501', null);
INSERT INTO `act_ru_identitylink` VALUES ('2508', '1', 'deptLeader', 'candidate', null, '2507', null, null);

-- ----------------------------
-- Table structure for act_ru_job
-- ----------------------------
DROP TABLE IF EXISTS `act_ru_job`;
CREATE TABLE `act_ru_job` (
  `ID_` varchar(64) COLLATE utf8_bin NOT NULL,
  `REV_` int(11) DEFAULT NULL,
  `TYPE_` varchar(255) COLLATE utf8_bin NOT NULL,
  `LOCK_EXP_TIME_` timestamp(3) NULL DEFAULT NULL,
  `LOCK_OWNER_` varchar(255) COLLATE utf8_bin DEFAULT NULL,
  `EXCLUSIVE_` tinyint(1) DEFAULT NULL,
  `EXECUTION_ID_` varchar(64) COLLATE utf8_bin DEFAULT NULL,
  `PROCESS_INSTANCE_ID_` varchar(64) COLLATE utf8_bin DEFAULT NULL,
  `PROC_DEF_ID_` varchar(64) COLLATE utf8_bin DEFAULT NULL,
  `RETRIES_` int(11) DEFAULT NULL,
  `EXCEPTION_STACK_ID_` varchar(64) COLLATE utf8_bin DEFAULT NULL,
  `EXCEPTION_MSG_` varchar(4000) COLLATE utf8_bin DEFAULT NULL,
  `DUEDATE_` timestamp(3) NULL DEFAULT NULL,
  `REPEAT_` varchar(255) COLLATE utf8_bin DEFAULT NULL,
  `HANDLER_TYPE_` varchar(255) COLLATE utf8_bin DEFAULT NULL,
  `HANDLER_CFG_` varchar(4000) COLLATE utf8_bin DEFAULT NULL,
  `TENANT_ID_` varchar(255) COLLATE utf8_bin DEFAULT '',
  PRIMARY KEY (`ID_`),
  KEY `ACT_FK_JOB_EXECUTION` (`EXECUTION_ID_`),
  KEY `ACT_FK_JOB_PROCESS_INSTANCE` (`PROCESS_INSTANCE_ID_`),
  KEY `ACT_FK_JOB_PROC_DEF` (`PROC_DEF_ID_`),
  KEY `ACT_FK_JOB_EXCEPTION` (`EXCEPTION_STACK_ID_`),
  CONSTRAINT `ACT_FK_JOB_EXCEPTION` FOREIGN KEY (`EXCEPTION_STACK_ID_`) REFERENCES `act_ge_bytearray` (`ID_`),
  CONSTRAINT `ACT_FK_JOB_EXECUTION` FOREIGN KEY (`EXECUTION_ID_`) REFERENCES `act_ru_execution` (`ID_`),
  CONSTRAINT `ACT_FK_JOB_PROCESS_INSTANCE` FOREIGN KEY (`PROCESS_INSTANCE_ID_`) REFERENCES `act_ru_execution` (`ID_`),
  CONSTRAINT `ACT_FK_JOB_PROC_DEF` FOREIGN KEY (`PROC_DEF_ID_`) REFERENCES `act_re_procdef` (`ID_`)
) ENGINE=InnoDB DEFAULT CHARSET=utf8 COLLATE=utf8_bin;

-- ----------------------------
-- Records of act_ru_job
-- ----------------------------

-- ----------------------------
-- Table structure for act_ru_suspended_job
-- ----------------------------
DROP TABLE IF EXISTS `act_ru_suspended_job`;
CREATE TABLE `act_ru_suspended_job` (
  `ID_` varchar(64) COLLATE utf8_bin NOT NULL,
  `REV_` int(11) DEFAULT NULL,
  `TYPE_` varchar(255) COLLATE utf8_bin NOT NULL,
  `EXCLUSIVE_` tinyint(1) DEFAULT NULL,
  `EXECUTION_ID_` varchar(64) COLLATE utf8_bin DEFAULT NULL,
  `PROCESS_INSTANCE_ID_` varchar(64) COLLATE utf8_bin DEFAULT NULL,
  `PROC_DEF_ID_` varchar(64) COLLATE utf8_bin DEFAULT NULL,
  `RETRIES_` int(11) DEFAULT NULL,
  `EXCEPTION_STACK_ID_` varchar(64) COLLATE utf8_bin DEFAULT NULL,
  `EXCEPTION_MSG_` varchar(4000) COLLATE utf8_bin DEFAULT NULL,
  `DUEDATE_` timestamp(3) NULL DEFAULT NULL,
  `REPEAT_` varchar(255) COLLATE utf8_bin DEFAULT NULL,
  `HANDLER_TYPE_` varchar(255) COLLATE utf8_bin DEFAULT NULL,
  `HANDLER_CFG_` varchar(4000) COLLATE utf8_bin DEFAULT NULL,
  `TENANT_ID_` varchar(255) COLLATE utf8_bin DEFAULT '',
  PRIMARY KEY (`ID_`),
  KEY `ACT_FK_SUSPENDED_JOB_EXECUTION` (`EXECUTION_ID_`),
  KEY `ACT_FK_SUSPENDED_JOB_PROCESS_INSTANCE` (`PROCESS_INSTANCE_ID_`),
  KEY `ACT_FK_SUSPENDED_JOB_PROC_DEF` (`PROC_DEF_ID_`),
  KEY `ACT_FK_SUSPENDED_JOB_EXCEPTION` (`EXCEPTION_STACK_ID_`),
  CONSTRAINT `ACT_FK_SUSPENDED_JOB_EXCEPTION` FOREIGN KEY (`EXCEPTION_STACK_ID_`) REFERENCES `act_ge_bytearray` (`ID_`),
  CONSTRAINT `ACT_FK_SUSPENDED_JOB_EXECUTION` FOREIGN KEY (`EXECUTION_ID_`) REFERENCES `act_ru_execution` (`ID_`),
  CONSTRAINT `ACT_FK_SUSPENDED_JOB_PROCESS_INSTANCE` FOREIGN KEY (`PROCESS_INSTANCE_ID_`) REFERENCES `act_ru_execution` (`ID_`),
  CONSTRAINT `ACT_FK_SUSPENDED_JOB_PROC_DEF` FOREIGN KEY (`PROC_DEF_ID_`) REFERENCES `act_re_procdef` (`ID_`)
) ENGINE=InnoDB DEFAULT CHARSET=utf8 COLLATE=utf8_bin;

-- ----------------------------
-- Records of act_ru_suspended_job
-- ----------------------------

-- ----------------------------
-- Table structure for act_ru_task
-- ----------------------------
DROP TABLE IF EXISTS `act_ru_task`;
CREATE TABLE `act_ru_task` (
  `ID_` varchar(64) COLLATE utf8_bin NOT NULL,
  `REV_` int(11) DEFAULT NULL,
  `EXECUTION_ID_` varchar(64) COLLATE utf8_bin DEFAULT NULL,
  `PROC_INST_ID_` varchar(64) COLLATE utf8_bin DEFAULT NULL,
  `PROC_DEF_ID_` varchar(64) COLLATE utf8_bin DEFAULT NULL,
  `NAME_` varchar(255) COLLATE utf8_bin DEFAULT NULL,
  `PARENT_TASK_ID_` varchar(64) COLLATE utf8_bin DEFAULT NULL,
  `DESCRIPTION_` varchar(4000) COLLATE utf8_bin DEFAULT NULL,
  `TASK_DEF_KEY_` varchar(255) COLLATE utf8_bin DEFAULT NULL,
  `OWNER_` varchar(255) COLLATE utf8_bin DEFAULT NULL,
  `ASSIGNEE_` varchar(255) COLLATE utf8_bin DEFAULT NULL,
  `DELEGATION_` varchar(64) COLLATE utf8_bin DEFAULT NULL,
  `PRIORITY_` int(11) DEFAULT NULL,
  `CREATE_TIME_` timestamp(3) NULL DEFAULT NULL,
  `DUE_DATE_` datetime(3) DEFAULT NULL,
  `CATEGORY_` varchar(255) COLLATE utf8_bin DEFAULT NULL,
  `SUSPENSION_STATE_` int(11) DEFAULT NULL,
  `TENANT_ID_` varchar(255) COLLATE utf8_bin DEFAULT '',
  `FORM_KEY_` varchar(255) COLLATE utf8_bin DEFAULT NULL,
  `CLAIM_TIME_` datetime(3) DEFAULT NULL,
  PRIMARY KEY (`ID_`),
  KEY `ACT_IDX_TASK_CREATE` (`CREATE_TIME_`),
  KEY `ACT_FK_TASK_EXE` (`EXECUTION_ID_`),
  KEY `ACT_FK_TASK_PROCINST` (`PROC_INST_ID_`),
  KEY `ACT_FK_TASK_PROCDEF` (`PROC_DEF_ID_`),
  CONSTRAINT `ACT_FK_TASK_EXE` FOREIGN KEY (`EXECUTION_ID_`) REFERENCES `act_ru_execution` (`ID_`),
  CONSTRAINT `ACT_FK_TASK_PROCDEF` FOREIGN KEY (`PROC_DEF_ID_`) REFERENCES `act_re_procdef` (`ID_`),
  CONSTRAINT `ACT_FK_TASK_PROCINST` FOREIGN KEY (`PROC_INST_ID_`) REFERENCES `act_ru_execution` (`ID_`)
) ENGINE=InnoDB DEFAULT CHARSET=utf8 COLLATE=utf8_bin;

-- ----------------------------
-- Records of act_ru_task
-- ----------------------------
INSERT INTO `act_ru_task` VALUES ('2507', '1', '2504', '2501', 'leave:1:4', '', null, null, 'deptLeaderVerify', null, null, null, '50', '2020-08-19 14:03:16.630', null, null, '1', '', null, null);

-- ----------------------------
-- Table structure for act_ru_timer_job
-- ----------------------------
DROP TABLE IF EXISTS `act_ru_timer_job`;
CREATE TABLE `act_ru_timer_job` (
  `ID_` varchar(64) COLLATE utf8_bin NOT NULL,
  `REV_` int(11) DEFAULT NULL,
  `TYPE_` varchar(255) COLLATE utf8_bin NOT NULL,
  `LOCK_EXP_TIME_` timestamp(3) NULL DEFAULT NULL,
  `LOCK_OWNER_` varchar(255) COLLATE utf8_bin DEFAULT NULL,
  `EXCLUSIVE_` tinyint(1) DEFAULT NULL,
  `EXECUTION_ID_` varchar(64) COLLATE utf8_bin DEFAULT NULL,
  `PROCESS_INSTANCE_ID_` varchar(64) COLLATE utf8_bin DEFAULT NULL,
  `PROC_DEF_ID_` varchar(64) COLLATE utf8_bin DEFAULT NULL,
  `RETRIES_` int(11) DEFAULT NULL,
  `EXCEPTION_STACK_ID_` varchar(64) COLLATE utf8_bin DEFAULT NULL,
  `EXCEPTION_MSG_` varchar(4000) COLLATE utf8_bin DEFAULT NULL,
  `DUEDATE_` timestamp(3) NULL DEFAULT NULL,
  `REPEAT_` varchar(255) COLLATE utf8_bin DEFAULT NULL,
  `HANDLER_TYPE_` varchar(255) COLLATE utf8_bin DEFAULT NULL,
  `HANDLER_CFG_` varchar(4000) COLLATE utf8_bin DEFAULT NULL,
  `TENANT_ID_` varchar(255) COLLATE utf8_bin DEFAULT '',
  PRIMARY KEY (`ID_`),
  KEY `ACT_FK_TIMER_JOB_EXECUTION` (`EXECUTION_ID_`),
  KEY `ACT_FK_TIMER_JOB_PROCESS_INSTANCE` (`PROCESS_INSTANCE_ID_`),
  KEY `ACT_FK_TIMER_JOB_PROC_DEF` (`PROC_DEF_ID_`),
  KEY `ACT_FK_TIMER_JOB_EXCEPTION` (`EXCEPTION_STACK_ID_`),
  CONSTRAINT `ACT_FK_TIMER_JOB_EXCEPTION` FOREIGN KEY (`EXCEPTION_STACK_ID_`) REFERENCES `act_ge_bytearray` (`ID_`),
  CONSTRAINT `ACT_FK_TIMER_JOB_EXECUTION` FOREIGN KEY (`EXECUTION_ID_`) REFERENCES `act_ru_execution` (`ID_`),
  CONSTRAINT `ACT_FK_TIMER_JOB_PROCESS_INSTANCE` FOREIGN KEY (`PROCESS_INSTANCE_ID_`) REFERENCES `act_ru_execution` (`ID_`),
  CONSTRAINT `ACT_FK_TIMER_JOB_PROC_DEF` FOREIGN KEY (`PROC_DEF_ID_`) REFERENCES `act_re_procdef` (`ID_`)
) ENGINE=InnoDB DEFAULT CHARSET=utf8 COLLATE=utf8_bin;

-- ----------------------------
-- Records of act_ru_timer_job
-- ----------------------------

-- ----------------------------
-- Table structure for act_ru_variable
-- ----------------------------
DROP TABLE IF EXISTS `act_ru_variable`;
CREATE TABLE `act_ru_variable` (
  `ID_` varchar(64) COLLATE utf8_bin NOT NULL,
  `REV_` int(11) DEFAULT NULL,
  `TYPE_` varchar(255) COLLATE utf8_bin NOT NULL,
  `NAME_` varchar(255) COLLATE utf8_bin NOT NULL,
  `EXECUTION_ID_` varchar(64) COLLATE utf8_bin DEFAULT NULL,
  `PROC_INST_ID_` varchar(64) COLLATE utf8_bin DEFAULT NULL,
  `TASK_ID_` varchar(64) COLLATE utf8_bin DEFAULT NULL,
  `BYTEARRAY_ID_` varchar(64) COLLATE utf8_bin DEFAULT NULL,
  `DOUBLE_` double DEFAULT NULL,
  `LONG_` bigint(20) DEFAULT NULL,
  `TEXT_` varchar(4000) COLLATE utf8_bin DEFAULT NULL,
  `TEXT2_` varchar(4000) COLLATE utf8_bin DEFAULT NULL,
  PRIMARY KEY (`ID_`),
  KEY `ACT_IDX_VARIABLE_TASK_ID` (`TASK_ID_`),
  KEY `ACT_FK_VAR_EXE` (`EXECUTION_ID_`),
  KEY `ACT_FK_VAR_PROCINST` (`PROC_INST_ID_`),
  KEY `ACT_FK_VAR_BYTEARRAY` (`BYTEARRAY_ID_`),
  CONSTRAINT `ACT_FK_VAR_BYTEARRAY` FOREIGN KEY (`BYTEARRAY_ID_`) REFERENCES `act_ge_bytearray` (`ID_`),
  CONSTRAINT `ACT_FK_VAR_EXE` FOREIGN KEY (`EXECUTION_ID_`) REFERENCES `act_ru_execution` (`ID_`),
  CONSTRAINT `ACT_FK_VAR_PROCINST` FOREIGN KEY (`PROC_INST_ID_`) REFERENCES `act_ru_execution` (`ID_`)
) ENGINE=InnoDB DEFAULT CHARSET=utf8 COLLATE=utf8_bin;

-- ----------------------------
-- Records of act_ru_variable
-- ----------------------------
INSERT INTO `act_ru_variable` VALUES ('2502', '1', 'string', 'applyUserId', '2501', '2501', null, null, null, null, 'chengxy', null);

-- ----------------------------
-- Table structure for biz_leave
-- ----------------------------
DROP TABLE IF EXISTS `biz_leave`;
CREATE TABLE `biz_leave` (
  `id` bigint(20) NOT NULL AUTO_INCREMENT COMMENT 'ID',
  `type` char(20) DEFAULT NULL COMMENT '',
  `title` varchar(100) DEFAULT NULL COMMENT '',
  `reason` varchar(500) DEFAULT NULL COMMENT '',
  `start_time` datetime DEFAULT NULL COMMENT '',
  `end_time` datetime DEFAULT NULL COMMENT '',
  `total_time` bigint(11) DEFAULT NULL COMMENT '',
  `instance_id` varchar(32) DEFAULT NULL COMMENT 'ID',
  `create_by` varchar(64) DEFAULT '' COMMENT '',
  `create_time` datetime DEFAULT NULL COMMENT '',
  `update_by` varchar(64) DEFAULT '' COMMENT '',
  `update_time` datetime DEFAULT NULL COMMENT '',
  `apply_user` varchar(64) DEFAULT NULL COMMENT '',
  `apply_time` datetime DEFAULT NULL COMMENT '',
  `reality_start_time` datetime DEFAULT NULL COMMENT '',
  `reality_end_time` datetime DEFAULT NULL COMMENT '',
  PRIMARY KEY (`id`)
) ENGINE=InnoDB DEFAULT CHARSET=utf8;

-- ----------------------------
-- Records of biz_leave
-- ----------------------------

-- ----------------------------
-- Table structure for biz_product
-- ----------------------------
DROP TABLE IF EXISTS `biz_product`;
CREATE TABLE `biz_product` (
  `ID` bigint(20) NOT NULL AUTO_INCREMENT COMMENT 'ID',
  `NAME` varchar(100) DEFAULT NULL COMMENT '',
  PRIMARY KEY (`ID`)
) ENGINE=InnoDB AUTO_INCREMENT=8 DEFAULT CHARSET=utf8;

-- ----------------------------
-- Records of biz_product
-- ----------------------------
INSERT INTO `biz_product` VALUES ('1', '');
INSERT INTO `biz_product` VALUES ('2', '');
INSERT INTO `biz_product` VALUES ('3', '');
INSERT INTO `biz_product` VALUES ('4', '');
INSERT INTO `biz_product` VALUES ('5', '');
INSERT INTO `biz_product` VALUES ('6', '');
INSERT INTO `biz_product` VALUES ('7', '');

-- ----------------------------
-- Table structure for biz_purchase
-- ----------------------------
DROP TABLE IF EXISTS `biz_purchase`;
CREATE TABLE `biz_purchase` (
  `ID` bigint(20) NOT NULL AUTO_INCREMENT COMMENT 'ID',
  `TITLE` varchar(100) DEFAULT NULL COMMENT '',
  `AMOUNT` decimal(16,2) DEFAULT '0.00' COMMENT '',
  `INSTANCE_ID` varchar(32) DEFAULT NULL,
  `CREATE_BY` varchar(64) DEFAULT NULL COMMENT '',
  `CREATE_TIME` datetime DEFAULT NULL COMMENT '',
  `UPDATE_BY` varchar(64) DEFAULT NULL COMMENT '',
  `UPDATE_TIME` datetime DEFAULT NULL COMMENT '',
  `APPLY_USER` varchar(64) DEFAULT NULL COMMENT '',
  `APPLY_TIME` datetime DEFAULT NULL COMMENT '',
  PRIMARY KEY (`ID`)
) ENGINE=InnoDB DEFAULT CHARSET=utf8;

-- ----------------------------
-- Records of biz_purchase
-- ----------------------------

-- ----------------------------
-- Table structure for biz_purchase_product
-- ----------------------------
DROP TABLE IF EXISTS `biz_purchase_product`;
CREATE TABLE `biz_purchase_product` (
  `ID` bigint(20) NOT NULL AUTO_INCREMENT COMMENT 'ID',
  `PURCHASE_ID` bigint(20) DEFAULT NULL COMMENT 'ID',
  `PRODUCT_ID` bigint(20) DEFAULT NULL COMMENT 'ID',
  PRIMARY KEY (`ID`)
) ENGINE=InnoDB DEFAULT CHARSET=utf8;

-- ----------------------------
-- Records of biz_purchase_product
-- ----------------------------

-- ----------------------------
-- Table structure for biz_todo_item
-- ----------------------------
DROP TABLE IF EXISTS `biz_todo_item`;
CREATE TABLE `biz_todo_item` (
  `id` bigint(20) NOT NULL AUTO_INCREMENT COMMENT ' ID',
  `item_name` varchar(100) DEFAULT NULL COMMENT '',
  `item_content` varchar(500) DEFAULT NULL COMMENT '',
  `module` varchar(50) DEFAULT NULL COMMENT ' ( uri )',
  `task_id` varchar(64) DEFAULT NULL COMMENT ' ID',
  `instance_id` varchar(32) DEFAULT NULL COMMENT ' ID',
  `task_name` varchar(50) DEFAULT NULL COMMENT ' ()',
  `node_name` varchar(50) DEFAULT NULL COMMENT '',
  `is_view` char(1) DEFAULT '0' COMMENT ' default 0 (0  1 )',
  `is_handle` char(1) DEFAULT '0' COMMENT ' default 0 (0  1 )',
  `todo_user_id` varchar(20) DEFAULT NULL COMMENT ' ID',
  `todo_user_name` varchar(30) DEFAULT NULL COMMENT '',
  `handle_user_id` varchar(20) DEFAULT NULL COMMENT ' ID',
  `handle_user_name` varchar(30) DEFAULT NULL COMMENT '',
  `todo_time` datetime DEFAULT NULL COMMENT '',
  `handle_time` datetime DEFAULT NULL COMMENT '',
  PRIMARY KEY (`id`)
) ENGINE=InnoDB DEFAULT CHARSET=utf8 COMMENT='';

-- ----------------------------
-- Records of biz_todo_item
-- ----------------------------

-- ----------------------------
-- Table structure for gen_table
-- ----------------------------
DROP TABLE IF EXISTS `gen_table`;
CREATE TABLE `gen_table` (
  `table_id` bigint(20) NOT NULL AUTO_INCREMENT COMMENT '',
  `table_name` varchar(200) DEFAULT '' COMMENT '',
  `table_comment` varchar(500) DEFAULT '' COMMENT '',
  `class_name` varchar(100) DEFAULT '' COMMENT '',
  `tpl_category` varchar(200) DEFAULT 'crud' COMMENT 'crud tree',
  `package_name` varchar(100) DEFAULT NULL COMMENT '',
  `module_name` varchar(30) DEFAULT NULL COMMENT '',
  `business_name` varchar(30) DEFAULT NULL COMMENT '',
  `function_name` varchar(50) DEFAULT NULL COMMENT '',
  `function_author` varchar(50) DEFAULT NULL COMMENT '',
  `options` varchar(1000) DEFAULT NULL COMMENT '',
  `create_by` varchar(64) DEFAULT '' COMMENT '',
  `create_time` datetime DEFAULT NULL COMMENT '',
  `update_by` varchar(64) DEFAULT '' COMMENT '',
  `update_time` datetime DEFAULT NULL COMMENT '',
  `remark` varchar(500) DEFAULT NULL COMMENT '',
  PRIMARY KEY (`table_id`)
) ENGINE=InnoDB AUTO_INCREMENT=2 DEFAULT CHARSET=utf8 COMMENT='';

-- ----------------------------
-- Records of gen_table
-- ----------------------------
INSERT INTO `gen_table` VALUES ('1', 'biz_purchase', '', 'BizPurchase', 'crud', 'com.ruoyi.system', 'system', 'purchase', null, 'ruoyi', null, 'admin', '2020-04-02 19:56:11', '', null, null);

-- ----------------------------
-- Table structure for gen_table_column
-- ----------------------------
DROP TABLE IF EXISTS `gen_table_column`;
CREATE TABLE `gen_table_column` (
  `column_id` bigint(20) NOT NULL AUTO_INCREMENT COMMENT '',
  `table_id` varchar(64) DEFAULT NULL COMMENT '',
  `column_name` varchar(200) DEFAULT NULL COMMENT '',
  `column_comment` varchar(500) DEFAULT NULL COMMENT '',
  `column_type` varchar(100) DEFAULT NULL COMMENT '',
  `java_type` varchar(500) DEFAULT NULL COMMENT 'JAVA',
  `java_field` varchar(200) DEFAULT NULL COMMENT 'JAVA',
  `is_pk` char(1) DEFAULT NULL COMMENT '1',
  `is_increment` char(1) DEFAULT NULL COMMENT '1',
  `is_required` char(1) DEFAULT NULL COMMENT '1',
  `is_insert` char(1) DEFAULT NULL COMMENT '1',
  `is_edit` char(1) DEFAULT NULL COMMENT '1',
  `is_list` char(1) DEFAULT NULL COMMENT '1',
  `is_query` char(1) DEFAULT NULL COMMENT '1',
  `query_type` varchar(200) DEFAULT 'EQ' COMMENT '',
  `html_type` varchar(200) DEFAULT NULL COMMENT '',
  `dict_type` varchar(200) DEFAULT '' COMMENT '',
  `sort` int(11) DEFAULT NULL COMMENT '',
  `create_by` varchar(64) DEFAULT '' COMMENT '',
  `create_time` datetime DEFAULT NULL COMMENT '',
  `update_by` varchar(64) DEFAULT '' COMMENT '',
  `update_time` datetime DEFAULT NULL COMMENT '',
  PRIMARY KEY (`column_id`)
) ENGINE=InnoDB AUTO_INCREMENT=11 DEFAULT CHARSET=utf8 COMMENT='';

-- ----------------------------
-- Records of gen_table_column
-- ----------------------------
INSERT INTO `gen_table_column` VALUES ('1', '1', 'ID', 'ID', 'bigint(20)', 'Long', 'id', '1', '1', null, '1', null, null, null, 'EQ', 'input', '', '1', 'admin', '2020-04-02 19:56:11', '', null);
INSERT INTO `gen_table_column` VALUES ('2', '1', 'TITLE', '', 'varchar(100)', 'String', 'title', '0', '0', null, '1', '1', '1', '1', 'EQ', 'input', '', '2', 'admin', '2020-04-02 19:56:11', '', null);
INSERT INTO `gen_table_column` VALUES ('3', '1', 'AMOUNT', '', 'decimal(16,2)', 'Double', 'amount', '0', '0', null, '1', '1', '1', '1', 'EQ', 'input', '', '3', 'admin', '2020-04-02 19:56:11', '', null);
INSERT INTO `gen_table_column` VALUES ('4', '1', 'INSTANCE_ID', null, 'varchar(32)', 'String', 'instanceId', '0', '0', null, '1', '1', '1', '1', 'EQ', 'input', '', '4', 'admin', '2020-04-02 19:56:11', '', null);
INSERT INTO `gen_table_column` VALUES ('5', '1', 'CREATE_BY', '', 'varchar(64)', 'String', 'createBy', '0', '0', null, '1', '1', '1', '1', 'EQ', 'input', '', '5', 'admin', '2020-04-02 19:56:11', '', null);
INSERT INTO `gen_table_column` VALUES ('6', '1', 'CREATE_TIME', '', 'datetime', 'Date', 'createTime', '0', '0', null, '1', '1', '1', '1', 'EQ', 'datetime', '', '6', 'admin', '2020-04-02 19:56:11', '', null);
INSERT INTO `gen_table_column` VALUES ('7', '1', 'UPDATE_BY', '', 'varchar(64)', 'String', 'updateBy', '0', '0', null, '1', '1', '1', '1', 'EQ', 'input', '', '7', 'admin', '2020-04-02 19:56:11', '', null);
INSERT INTO `gen_table_column` VALUES ('8', '1', 'UPDATE_TIME', '', 'datetime', 'Date', 'updateTime', '0', '0', null, '1', '1', '1', '1', 'EQ', 'datetime', '', '8', 'admin', '2020-04-02 19:56:11', '', null);
INSERT INTO `gen_table_column` VALUES ('9', '1', 'APPLY_USER', '', 'varchar(64)', 'String', 'applyUser', '0', '0', null, '1', '1', '1', '1', 'EQ', 'input', '', '9', 'admin', '2020-04-02 19:56:11', '', null);
INSERT INTO `gen_table_column` VALUES ('10', '1', 'APPLY_TIME', '', 'datetime', 'Date', 'applyTime', '0', '0', null, '1', '1', '1', '1', 'EQ', 'datetime', '', '10', 'admin', '2020-04-02 19:56:11', '', null);

-- ----------------------------
-- Table structure for qrtz_blob_triggers
-- ----------------------------
DROP TABLE IF EXISTS `qrtz_blob_triggers`;
CREATE TABLE `qrtz_blob_triggers` (
  `sched_name` varchar(120) NOT NULL,
  `trigger_name` varchar(200) NOT NULL,
  `trigger_group` varchar(200) NOT NULL,
  `blob_data` blob,
  PRIMARY KEY (`sched_name`,`trigger_name`,`trigger_group`),
  CONSTRAINT `qrtz_blob_triggers_ibfk_1` FOREIGN KEY (`sched_name`, `trigger_name`, `trigger_group`) REFERENCES `qrtz_triggers` (`sched_name`, `trigger_name`, `trigger_group`)
) ENGINE=InnoDB DEFAULT CHARSET=utf8;

-- ----------------------------
-- Records of qrtz_blob_triggers
-- ----------------------------

-- ----------------------------
-- Table structure for qrtz_calendars
-- ----------------------------
DROP TABLE IF EXISTS `qrtz_calendars`;
CREATE TABLE `qrtz_calendars` (
  `sched_name` varchar(120) NOT NULL,
  `calendar_name` varchar(200) NOT NULL,
  `calendar` blob NOT NULL,
  PRIMARY KEY (`sched_name`,`calendar_name`)
) ENGINE=InnoDB DEFAULT CHARSET=utf8;

-- ----------------------------
-- Records of qrtz_calendars
-- ----------------------------

-- ----------------------------
-- Table structure for qrtz_cron_triggers
-- ----------------------------
DROP TABLE IF EXISTS `qrtz_cron_triggers`;
CREATE TABLE `qrtz_cron_triggers` (
  `sched_name` varchar(120) NOT NULL,
  `trigger_name` varchar(200) NOT NULL,
  `trigger_group` varchar(200) NOT NULL,
  `cron_expression` varchar(200) NOT NULL,
  `time_zone_id` varchar(80) DEFAULT NULL,
  PRIMARY KEY (`sched_name`,`trigger_name`,`trigger_group`),
  CONSTRAINT `qrtz_cron_triggers_ibfk_1` FOREIGN KEY (`sched_name`, `trigger_name`, `trigger_group`) REFERENCES `qrtz_triggers` (`sched_name`, `trigger_name`, `trigger_group`)
) ENGINE=InnoDB DEFAULT CHARSET=utf8;

-- ----------------------------
-- Records of qrtz_cron_triggers
-- ----------------------------
INSERT INTO `qrtz_cron_triggers` VALUES ('RuoyiScheduler', 'TASK_CLASS_NAME1', 'DEFAULT', '0/10 * * * * ?', 'Asia/Shanghai');
INSERT INTO `qrtz_cron_triggers` VALUES ('RuoyiScheduler', 'TASK_CLASS_NAME2', 'DEFAULT', '0/15 * * * * ?', 'Asia/Shanghai');
INSERT INTO `qrtz_cron_triggers` VALUES ('RuoyiScheduler', 'TASK_CLASS_NAME3', 'DEFAULT', '0/20 * * * * ?', 'Asia/Shanghai');

-- ----------------------------
-- Table structure for qrtz_fired_triggers
-- ----------------------------
DROP TABLE IF EXISTS `qrtz_fired_triggers`;
CREATE TABLE `qrtz_fired_triggers` (
  `sched_name` varchar(120) NOT NULL,
  `entry_id` varchar(95) NOT NULL,
  `trigger_name` varchar(200) NOT NULL,
  `trigger_group` varchar(200) NOT NULL,
  `instance_name` varchar(200) NOT NULL,
  `fired_time` bigint(13) NOT NULL,
  `sched_time` bigint(13) NOT NULL,
  `priority` int(11) NOT NULL,
  `state` varchar(16) NOT NULL,
  `job_name` varchar(200) DEFAULT NULL,
  `job_group` varchar(200) DEFAULT NULL,
  `is_nonconcurrent` varchar(1) DEFAULT NULL,
  `requests_recovery` varchar(1) DEFAULT NULL,
  PRIMARY KEY (`sched_name`,`entry_id`)
) ENGINE=InnoDB DEFAULT CHARSET=utf8;

-- ----------------------------
-- Records of qrtz_fired_triggers
-- ----------------------------

-- ----------------------------
-- Table structure for qrtz_job_details
-- ----------------------------
DROP TABLE IF EXISTS `qrtz_job_details`;
CREATE TABLE `qrtz_job_details` (
  `sched_name` varchar(120) NOT NULL,
  `job_name` varchar(200) NOT NULL,
  `job_group` varchar(200) NOT NULL,
  `description` varchar(250) DEFAULT NULL,
  `job_class_name` varchar(250) NOT NULL,
  `is_durable` varchar(1) NOT NULL,
  `is_nonconcurrent` varchar(1) NOT NULL,
  `is_update_data` varchar(1) NOT NULL,
  `requests_recovery` varchar(1) NOT NULL,
  `job_data` blob,
  PRIMARY KEY (`sched_name`,`job_name`,`job_group`)
) ENGINE=InnoDB DEFAULT CHARSET=utf8;

-- ----------------------------
-- Records of qrtz_job_details
-- ----------------------------
INSERT INTO `qrtz_job_details` VALUES ('RuoyiScheduler', 'TASK_CLASS_NAME1', 'DEFAULT', null, 'com.ruoyi.quartz.util.QuartzDisallowConcurrentExecution', '0', '1', '0', '0', 0xACED0005737200156F72672E71756172747A2E4A6F62446174614D61709FB083E8BFA9B0CB020000787200266F72672E71756172747A2E7574696C732E537472696E674B65794469727479466C61674D61708208E8C3FBC55D280200015A0013616C6C6F77735472616E7369656E74446174617872001D6F72672E71756172747A2E7574696C732E4469727479466C61674D617013E62EAD28760ACE0200025A000564697274794C00036D617074000F4C6A6176612F7574696C2F4D61703B787001737200116A6176612E7574696C2E486173684D61700507DAC1C31660D103000246000A6C6F6164466163746F724900097468726573686F6C6478703F4000000000000C7708000000100000000174000F5441534B5F50524F504552544945537372001E636F6D2E72756F79692E71756172747A2E646F6D61696E2E5379734A6F6200000000000000010200084C000A636F6E63757272656E747400124C6A6176612F6C616E672F537472696E673B4C000E63726F6E45787072657373696F6E71007E00094C000C696E766F6B6554617267657471007E00094C00086A6F6247726F757071007E00094C00056A6F6249647400104C6A6176612F6C616E672F4C6F6E673B4C00076A6F624E616D6571007E00094C000D6D697366697265506F6C69637971007E00094C000673746174757371007E000978720027636F6D2E72756F79692E636F6D6D6F6E2E636F72652E646F6D61696E2E42617365456E7469747900000000000000010200074C0008637265617465427971007E00094C000A63726561746554696D657400104C6A6176612F7574696C2F446174653B4C0006706172616D7371007E00034C000672656D61726B71007E00094C000B73656172636856616C756571007E00094C0008757064617465427971007E00094C000A75706461746554696D6571007E000C787074000561646D696E7372000E6A6176612E7574696C2E44617465686A81014B59741903000078707708000001622CDE29E078707400007070707400013174000E302F3130202A202A202A202A203F74001172795461736B2E72794E6F506172616D7374000744454641554C547372000E6A6176612E6C616E672E4C6F6E673B8BE490CC8F23DF0200014A000576616C7565787200106A6176612E6C616E672E4E756D62657286AC951D0B94E08B02000078700000000000000001740018E7B3BBE7BB9FE9BB98E8AEA4EFBC88E697A0E58F82EFBC8974000133740001317800);
INSERT INTO `qrtz_job_details` VALUES ('RuoyiScheduler', 'TASK_CLASS_NAME2', 'DEFAULT', null, 'com.ruoyi.quartz.util.QuartzDisallowConcurrentExecution', '0', '1', '0', '0', 0xACED0005737200156F72672E71756172747A2E4A6F62446174614D61709FB083E8BFA9B0CB020000787200266F72672E71756172747A2E7574696C732E537472696E674B65794469727479466C61674D61708208E8C3FBC55D280200015A0013616C6C6F77735472616E7369656E74446174617872001D6F72672E71756172747A2E7574696C732E4469727479466C61674D617013E62EAD28760ACE0200025A000564697274794C00036D617074000F4C6A6176612F7574696C2F4D61703B787001737200116A6176612E7574696C2E486173684D61700507DAC1C31660D103000246000A6C6F6164466163746F724900097468726573686F6C6478703F4000000000000C7708000000100000000174000F5441534B5F50524F504552544945537372001E636F6D2E72756F79692E71756172747A2E646F6D61696E2E5379734A6F6200000000000000010200084C000A636F6E63757272656E747400124C6A6176612F6C616E672F537472696E673B4C000E63726F6E45787072657373696F6E71007E00094C000C696E766F6B6554617267657471007E00094C00086A6F6247726F757071007E00094C00056A6F6249647400104C6A6176612F6C616E672F4C6F6E673B4C00076A6F624E616D6571007E00094C000D6D697366697265506F6C69637971007E00094C000673746174757371007E000978720027636F6D2E72756F79692E636F6D6D6F6E2E636F72652E646F6D61696E2E42617365456E7469747900000000000000010200074C0008637265617465427971007E00094C000A63726561746554696D657400104C6A6176612F7574696C2F446174653B4C0006706172616D7371007E00034C000672656D61726B71007E00094C000B73656172636856616C756571007E00094C0008757064617465427971007E00094C000A75706461746554696D6571007E000C787074000561646D696E7372000E6A6176612E7574696C2E44617465686A81014B59741903000078707708000001622CDE29E078707400007070707400013174000E302F3135202A202A202A202A203F74001572795461736B2E7279506172616D7328277279272974000744454641554C547372000E6A6176612E6C616E672E4C6F6E673B8BE490CC8F23DF0200014A000576616C7565787200106A6176612E6C616E672E4E756D62657286AC951D0B94E08B02000078700000000000000002740018E7B3BBE7BB9FE9BB98E8AEA4EFBC88E69C89E58F82EFBC8974000133740001317800);
INSERT INTO `qrtz_job_details` VALUES ('RuoyiScheduler', 'TASK_CLASS_NAME3', 'DEFAULT', null, 'com.ruoyi.quartz.util.QuartzDisallowConcurrentExecution', '0', '1', '0', '0', 0xACED0005737200156F72672E71756172747A2E4A6F62446174614D61709FB083E8BFA9B0CB020000787200266F72672E71756172747A2E7574696C732E537472696E674B65794469727479466C61674D61708208E8C3FBC55D280200015A0013616C6C6F77735472616E7369656E74446174617872001D6F72672E71756172747A2E7574696C732E4469727479466C61674D617013E62EAD28760ACE0200025A000564697274794C00036D617074000F4C6A6176612F7574696C2F4D61703B787001737200116A6176612E7574696C2E486173684D61700507DAC1C31660D103000246000A6C6F6164466163746F724900097468726573686F6C6478703F4000000000000C7708000000100000000174000F5441534B5F50524F504552544945537372001E636F6D2E72756F79692E71756172747A2E646F6D61696E2E5379734A6F6200000000000000010200084C000A636F6E63757272656E747400124C6A6176612F6C616E672F537472696E673B4C000E63726F6E45787072657373696F6E71007E00094C000C696E766F6B6554617267657471007E00094C00086A6F6247726F757071007E00094C00056A6F6249647400104C6A6176612F6C616E672F4C6F6E673B4C00076A6F624E616D6571007E00094C000D6D697366697265506F6C69637971007E00094C000673746174757371007E000978720027636F6D2E72756F79692E636F6D6D6F6E2E636F72652E646F6D61696E2E42617365456E7469747900000000000000010200074C0008637265617465427971007E00094C000A63726561746554696D657400104C6A6176612F7574696C2F446174653B4C0006706172616D7371007E00034C000672656D61726B71007E00094C000B73656172636856616C756571007E00094C0008757064617465427971007E00094C000A75706461746554696D6571007E000C787074000561646D696E7372000E6A6176612E7574696C2E44617465686A81014B59741903000078707708000001622CDE29E078707400007070707400013174000E302F3230202A202A202A202A203F74003872795461736B2E72794D756C7469706C65506172616D7328277279272C20747275652C20323030304C2C203331362E3530442C203130302974000744454641554C547372000E6A6176612E6C616E672E4C6F6E673B8BE490CC8F23DF0200014A000576616C7565787200106A6176612E6C616E672E4E756D62657286AC951D0B94E08B02000078700000000000000003740018E7B3BBE7BB9FE9BB98E8AEA4EFBC88E5A49AE58F82EFBC8974000133740001317800);

-- ----------------------------
-- Table structure for qrtz_locks
-- ----------------------------
DROP TABLE IF EXISTS `qrtz_locks`;
CREATE TABLE `qrtz_locks` (
  `sched_name` varchar(120) NOT NULL,
  `lock_name` varchar(40) NOT NULL,
  PRIMARY KEY (`sched_name`,`lock_name`)
) ENGINE=InnoDB DEFAULT CHARSET=utf8;

-- ----------------------------
-- Records of qrtz_locks
-- ----------------------------
INSERT INTO `qrtz_locks` VALUES ('RuoyiScheduler', 'STATE_ACCESS');
INSERT INTO `qrtz_locks` VALUES ('RuoyiScheduler', 'TRIGGER_ACCESS');

-- ----------------------------
-- Table structure for qrtz_paused_trigger_grps
-- ----------------------------
DROP TABLE IF EXISTS `qrtz_paused_trigger_grps`;
CREATE TABLE `qrtz_paused_trigger_grps` (
  `sched_name` varchar(120) NOT NULL,
  `trigger_group` varchar(200) NOT NULL,
  PRIMARY KEY (`sched_name`,`trigger_group`)
) ENGINE=InnoDB DEFAULT CHARSET=utf8;

-- ----------------------------
-- Records of qrtz_paused_trigger_grps
-- ----------------------------

-- ----------------------------
-- Table structure for qrtz_scheduler_state
-- ----------------------------
DROP TABLE IF EXISTS `qrtz_scheduler_state`;
CREATE TABLE `qrtz_scheduler_state` (
  `sched_name` varchar(120) NOT NULL,
  `instance_name` varchar(200) NOT NULL,
  `last_checkin_time` bigint(13) NOT NULL,
  `checkin_interval` bigint(13) NOT NULL,
  PRIMARY KEY (`sched_name`,`instance_name`)
) ENGINE=InnoDB DEFAULT CHARSET=utf8;

-- ----------------------------
-- Records of qrtz_scheduler_state
-- ----------------------------
INSERT INTO `qrtz_scheduler_state` VALUES ('RuoyiScheduler', 'rongbo-PC1597915657623', '1597916008814', '15000');

-- ----------------------------
-- Table structure for qrtz_simple_triggers
-- ----------------------------
DROP TABLE IF EXISTS `qrtz_simple_triggers`;
CREATE TABLE `qrtz_simple_triggers` (
  `sched_name` varchar(120) NOT NULL,
  `trigger_name` varchar(200) NOT NULL,
  `trigger_group` varchar(200) NOT NULL,
  `repeat_count` bigint(7) NOT NULL,
  `repeat_interval` bigint(12) NOT NULL,
  `times_triggered` bigint(10) NOT NULL,
  PRIMARY KEY (`sched_name`,`trigger_name`,`trigger_group`),
  CONSTRAINT `qrtz_simple_triggers_ibfk_1` FOREIGN KEY (`sched_name`, `trigger_name`, `trigger_group`) REFERENCES `qrtz_triggers` (`sched_name`, `trigger_name`, `trigger_group`)
) ENGINE=InnoDB DEFAULT CHARSET=utf8;

-- ----------------------------
-- Records of qrtz_simple_triggers
-- ----------------------------

-- ----------------------------
-- Table structure for qrtz_simprop_triggers
-- ----------------------------
DROP TABLE IF EXISTS `qrtz_simprop_triggers`;
CREATE TABLE `qrtz_simprop_triggers` (
  `sched_name` varchar(120) NOT NULL,
  `trigger_name` varchar(200) NOT NULL,
  `trigger_group` varchar(200) NOT NULL,
  `str_prop_1` varchar(512) DEFAULT NULL,
  `str_prop_2` varchar(512) DEFAULT NULL,
  `str_prop_3` varchar(512) DEFAULT NULL,
  `int_prop_1` int(11) DEFAULT NULL,
  `int_prop_2` int(11) DEFAULT NULL,
  `long_prop_1` bigint(20) DEFAULT NULL,
  `long_prop_2` bigint(20) DEFAULT NULL,
  `dec_prop_1` decimal(13,4) DEFAULT NULL,
  `dec_prop_2` decimal(13,4) DEFAULT NULL,
  `bool_prop_1` varchar(1) DEFAULT NULL,
  `bool_prop_2` varchar(1) DEFAULT NULL,
  PRIMARY KEY (`sched_name`,`trigger_name`,`trigger_group`),
  CONSTRAINT `qrtz_simprop_triggers_ibfk_1` FOREIGN KEY (`sched_name`, `trigger_name`, `trigger_group`) REFERENCES `qrtz_triggers` (`sched_name`, `trigger_name`, `trigger_group`)
) ENGINE=InnoDB DEFAULT CHARSET=utf8;

-- ----------------------------
-- Records of qrtz_simprop_triggers
-- ----------------------------

-- ----------------------------
-- Table structure for qrtz_triggers
-- ----------------------------
DROP TABLE IF EXISTS `qrtz_triggers`;
CREATE TABLE `qrtz_triggers` (
  `sched_name` varchar(120) NOT NULL,
  `trigger_name` varchar(200) NOT NULL,
  `trigger_group` varchar(200) NOT NULL,
  `job_name` varchar(200) NOT NULL,
  `job_group` varchar(200) NOT NULL,
  `description` varchar(250) DEFAULT NULL,
  `next_fire_time` bigint(13) DEFAULT NULL,
  `prev_fire_time` bigint(13) DEFAULT NULL,
  `priority` int(11) DEFAULT NULL,
  `trigger_state` varchar(16) NOT NULL,
  `trigger_type` varchar(8) NOT NULL,
  `start_time` bigint(13) NOT NULL,
  `end_time` bigint(13) DEFAULT NULL,
  `calendar_name` varchar(200) DEFAULT NULL,
  `misfire_instr` smallint(2) DEFAULT NULL,
  `job_data` blob,
  PRIMARY KEY (`sched_name`,`trigger_name`,`trigger_group`),
  KEY `sched_name` (`sched_name`,`job_name`,`job_group`),
  CONSTRAINT `qrtz_triggers_ibfk_1` FOREIGN KEY (`sched_name`, `job_name`, `job_group`) REFERENCES `qrtz_job_details` (`sched_name`, `job_name`, `job_group`)
) ENGINE=InnoDB DEFAULT CHARSET=utf8;

-- ----------------------------
-- Records of qrtz_triggers
-- ----------------------------
INSERT INTO `qrtz_triggers` VALUES ('RuoyiScheduler', 'TASK_CLASS_NAME1', 'DEFAULT', 'TASK_CLASS_NAME1', 'DEFAULT', null, '1597915660000', '-1', '5', 'PAUSED', 'CRON', '1597915658000', '0', null, '2', '');
INSERT INTO `qrtz_triggers` VALUES ('RuoyiScheduler', 'TASK_CLASS_NAME2', 'DEFAULT', 'TASK_CLASS_NAME2', 'DEFAULT', null, '1597915665000', '-1', '5', 'PAUSED', 'CRON', '1597915659000', '0', null, '2', '');
INSERT INTO `qrtz_triggers` VALUES ('RuoyiScheduler', 'TASK_CLASS_NAME3', 'DEFAULT', 'TASK_CLASS_NAME3', 'DEFAULT', null, '1597915660000', '-1', '5', 'PAUSED', 'CRON', '1597915659000', '0', null, '2', '');

-- ----------------------------
-- Table structure for sys_config
-- ----------------------------
DROP TABLE IF EXISTS `sys_config`;
CREATE TABLE `sys_config` (
  `config_id` int(5) NOT NULL AUTO_INCREMENT COMMENT '',
  `config_name` varchar(100) DEFAULT '' COMMENT '',
  `config_key` varchar(100) DEFAULT '' COMMENT '',
  `config_value` varchar(500) DEFAULT '' COMMENT '',
  `config_type` char(1) DEFAULT 'N' COMMENT 'Y N',
  `create_by` varchar(64) DEFAULT '' COMMENT '',
  `create_time` datetime DEFAULT NULL COMMENT '',
  `update_by` varchar(64) DEFAULT '' COMMENT '',
  `update_time` datetime DEFAULT NULL COMMENT '',
  `remark` varchar(500) DEFAULT NULL COMMENT '',
  PRIMARY KEY (`config_id`)
) ENGINE=InnoDB AUTO_INCREMENT=4 DEFAULT CHARSET=utf8 COMMENT='';

-- ----------------------------
-- Records of sys_config
-- ----------------------------
INSERT INTO `sys_config` VALUES ('1', '-', 'sys.index.skinName', 'skin-blue', 'Y', 'admin', '2018-03-16 11:33:00', 'ry', '2018-03-16 11:33:00', ' skin-blue skin-green skin-purple skin-red skin-yellow');
INSERT INTO `sys_config` VALUES ('2', '-', 'sys.user.initPassword', '123456', 'Y', 'admin', '2018-03-16 11:33:00', 'ry', '2018-03-16 11:33:00', ' 123456');
INSERT INTO `sys_config` VALUES ('3', '-', 'sys.index.sideTheme', 'theme-dark', 'Y', 'admin', '2018-03-16 11:33:00', 'ry', '2018-03-16 11:33:00', 'theme-darktheme-lighttheme-blue');

-- ----------------------------
-- Table structure for sys_dept
-- ----------------------------
DROP TABLE IF EXISTS `sys_dept`;
CREATE TABLE `sys_dept` (
  `dept_id` bigint(20) NOT NULL AUTO_INCREMENT COMMENT 'id',
  `parent_id` bigint(20) DEFAULT '0' COMMENT 'id',
  `ancestors` varchar(50) DEFAULT '' COMMENT '',
  `dept_name` varchar(30) DEFAULT '' COMMENT '',
  `order_num` int(4) DEFAULT '0' COMMENT '',
  `leader` varchar(20) DEFAULT NULL COMMENT '',
  `phone` varchar(11) DEFAULT NULL COMMENT '',
  `email` varchar(50) DEFAULT NULL COMMENT '',
  `status` char(1) DEFAULT '0' COMMENT '0 1',
  `del_flag` char(1) DEFAULT '0' COMMENT '0 2',
  `create_by` varchar(64) DEFAULT '' COMMENT '',
  `create_time` datetime DEFAULT NULL COMMENT '',
  `update_by` varchar(64) DEFAULT '' COMMENT '',
  `update_time` datetime DEFAULT NULL COMMENT '',
  PRIMARY KEY (`dept_id`)
) ENGINE=InnoDB AUTO_INCREMENT=110 DEFAULT CHARSET=utf8 COMMENT='';

-- ----------------------------
-- Records of sys_dept
-- ----------------------------
INSERT INTO `sys_dept` VALUES ('100', '0', '0', '', '0', 'admin', '15888888888', '123456@qq.com', '0', '0', 'admin', '2018-03-16 11:33:00', 'ry', '2018-03-16 11:33:00');
INSERT INTO `sys_dept` VALUES ('101', '100', '0,100', '', '1', 'admin', '15888888888', '123456@qq.com', '0', '0', 'admin', '2018-03-16 11:33:00', 'ry', '2018-03-16 11:33:00');
INSERT INTO `sys_dept` VALUES ('102', '100', '0,100', '', '2', 'admin', '15888888888', '123456@qq.com', '0', '0', 'admin', '2018-03-16 11:33:00', 'ry', '2018-03-16 11:33:00');
INSERT INTO `sys_dept` VALUES ('103', '101', '0,100,101', '', '1', 'admin', '15888888888', '123456@qq.com', '0', '0', 'admin', '2018-03-16 11:33:00', 'ry', '2018-03-16 11:33:00');
INSERT INTO `sys_dept` VALUES ('104', '101', '0,100,101', '', '2', 'admin', '15888888888', '123456@qq.com', '0', '0', 'admin', '2018-03-16 11:33:00', 'ry', '2018-03-16 11:33:00');
INSERT INTO `sys_dept` VALUES ('105', '101', '0,100,101', '', '3', 'admin', '15888888888', '123456@qq.com', '0', '0', 'admin', '2018-03-16 11:33:00', 'ry', '2018-03-16 11:33:00');
INSERT INTO `sys_dept` VALUES ('106', '101', '0,100,101', '', '4', 'admin', '15888888888', '123456@qq.com', '0', '0', 'admin', '2018-03-16 11:33:00', 'ry', '2018-03-16 11:33:00');
INSERT INTO `sys_dept` VALUES ('107', '101', '0,100,101', '', '5', 'admin', '15888888888', '123456@qq.com', '0', '0', 'admin', '2018-03-16 11:33:00', 'ry', '2018-03-16 11:33:00');
INSERT INTO `sys_dept` VALUES ('108', '102', '0,100,102', '', '1', 'admin', '15888888888', '123456@qq.com', '0', '0', 'admin', '2018-03-16 11:33:00', 'ry', '2018-03-16 11:33:00');
INSERT INTO `sys_dept` VALUES ('109', '102', '0,100,102', '', '2', 'admin', '15888888888', '123456@qq.com', '0', '0', 'admin', '2018-03-16 11:33:00', 'ry', '2018-03-16 11:33:00');

-- ----------------------------
-- Table structure for sys_dict_data
-- ----------------------------
DROP TABLE IF EXISTS `sys_dict_data`;
CREATE TABLE `sys_dict_data` (
  `dict_code` bigint(20) NOT NULL AUTO_INCREMENT COMMENT '',
  `dict_sort` int(4) DEFAULT '0' COMMENT '',
  `dict_label` varchar(100) DEFAULT '' COMMENT '',
  `dict_value` varchar(100) DEFAULT '' COMMENT '',
  `dict_type` varchar(100) DEFAULT '' COMMENT '',
  `css_class` varchar(100) DEFAULT NULL COMMENT '',
  `list_class` varchar(100) DEFAULT NULL COMMENT '',
  `is_default` char(1) DEFAULT 'N' COMMENT 'Y N',
  `status` char(1) DEFAULT '0' COMMENT '0 1',
  `create_by` varchar(64) DEFAULT '' COMMENT '',
  `create_time` datetime DEFAULT NULL COMMENT '',
  `update_by` varchar(64) DEFAULT '' COMMENT '',
  `update_time` datetime DEFAULT NULL COMMENT '',
  `remark` varchar(500) DEFAULT NULL COMMENT '',
  PRIMARY KEY (`dict_code`)
) ENGINE=InnoDB AUTO_INCREMENT=102 DEFAULT CHARSET=utf8 COMMENT='';

-- ----------------------------
-- Records of sys_dict_data
-- ----------------------------
INSERT INTO `sys_dict_data` VALUES ('1', '1', '', '0', 'sys_user_sex', '', '', 'Y', '0', 'admin', '2018-03-16 11:33:00', 'ry', '2018-03-16 11:33:00', '');
INSERT INTO `sys_dict_data` VALUES ('2', '2', '', '1', 'sys_user_sex', '', '', 'N', '0', 'admin', '2018-03-16 11:33:00', 'ry', '2018-03-16 11:33:00', '');
INSERT INTO `sys_dict_data` VALUES ('3', '3', '', '2', 'sys_user_sex', '', '', 'N', '0', 'admin', '2018-03-16 11:33:00', 'ry', '2018-03-16 11:33:00', '');
INSERT INTO `sys_dict_data` VALUES ('4', '1', '', '0', 'sys_show_hide', '', 'primary', 'Y', '0', 'admin', '2018-03-16 11:33:00', 'ry', '2018-03-16 11:33:00', '');
INSERT INTO `sys_dict_data` VALUES ('5', '2', '', '1', 'sys_show_hide', '', 'danger', 'N', '0', 'admin', '2018-03-16 11:33:00', 'ry', '2018-03-16 11:33:00', '');
INSERT INTO `sys_dict_data` VALUES ('6', '1', '', '0', 'sys_normal_disable', '', 'primary', 'Y', '0', 'admin', '2018-03-16 11:33:00', 'ry', '2018-03-16 11:33:00', '');
INSERT INTO `sys_dict_data` VALUES ('7', '2', '', '1', 'sys_normal_disable', '', 'danger', 'N', '0', 'admin', '2018-03-16 11:33:00', 'ry', '2018-03-16 11:33:00', '');
INSERT INTO `sys_dict_data` VALUES ('8', '1', '', '0', 'sys_job_status', '', 'primary', 'Y', '0', 'admin', '2018-03-16 11:33:00', 'ry', '2018-03-16 11:33:00', '');
INSERT INTO `sys_dict_data` VALUES ('9', '2', '', '1', 'sys_job_status', '', 'danger', 'N', '0', 'admin', '2018-03-16 11:33:00', 'ry', '2018-03-16 11:33:00', '');
INSERT INTO `sys_dict_data` VALUES ('10', '1', '', 'DEFAULT', 'sys_job_group', '', '', 'Y', '0', 'admin', '2018-03-16 11:33:00', 'ry', '2018-03-16 11:33:00', '');
INSERT INTO `sys_dict_data` VALUES ('11', '2', '', 'SYSTEM', 'sys_job_group', '', '', 'N', '0', 'admin', '2018-03-16 11:33:00', 'ry', '2018-03-16 11:33:00', '');
INSERT INTO `sys_dict_data` VALUES ('12', '1', '', 'Y', 'sys_yes_no', '', 'primary', 'Y', '0', 'admin', '2018-03-16 11:33:00', 'ry', '2018-03-16 11:33:00', '');
INSERT INTO `sys_dict_data` VALUES ('13', '2', '', 'N', 'sys_yes_no', '', 'danger', 'N', '0', 'admin', '2018-03-16 11:33:00', 'ry', '2018-03-16 11:33:00', '');
INSERT INTO `sys_dict_data` VALUES ('14', '1', '', '1', 'sys_notice_type', '', 'warning', 'Y', '0', 'admin', '2018-03-16 11:33:00', 'ry', '2018-03-16 11:33:00', '');
INSERT INTO `sys_dict_data` VALUES ('15', '2', '', '2', 'sys_notice_type', '', 'success', 'N', '0', 'admin', '2018-03-16 11:33:00', 'ry', '2018-03-16 11:33:00', '');
INSERT INTO `sys_dict_data` VALUES ('16', '1', '', '0', 'sys_notice_status', '', 'primary', 'Y', '0', 'admin', '2018-03-16 11:33:00', 'ry', '2018-03-16 11:33:00', '');
INSERT INTO `sys_dict_data` VALUES ('17', '2', '', '1', 'sys_notice_status', '', 'danger', 'N', '0', 'admin', '2018-03-16 11:33:00', 'ry', '2018-03-16 11:33:00', '');
INSERT INTO `sys_dict_data` VALUES ('18', '1', '', '1', 'sys_oper_type', '', 'info', 'N', '0', 'admin', '2018-03-16 11:33:00', 'ry', '2018-03-16 11:33:00', '');
INSERT INTO `sys_dict_data` VALUES ('19', '2', '', '2', 'sys_oper_type', '', 'info', 'N', '0', 'admin', '2018-03-16 11:33:00', 'ry', '2018-03-16 11:33:00', '');
INSERT INTO `sys_dict_data` VALUES ('20', '3', '', '3', 'sys_oper_type', '', 'danger', 'N', '0', 'admin', '2018-03-16 11:33:00', 'ry', '2018-03-16 11:33:00', '');
INSERT INTO `sys_dict_data` VALUES ('21', '4', '', '4', 'sys_oper_type', '', 'primary', 'N', '0', 'admin', '2018-03-16 11:33:00', 'ry', '2018-03-16 11:33:00', '');
INSERT INTO `sys_dict_data` VALUES ('22', '5', '', '5', 'sys_oper_type', '', 'warning', 'N', '0', 'admin', '2018-03-16 11:33:00', 'ry', '2018-03-16 11:33:00', '');
INSERT INTO `sys_dict_data` VALUES ('23', '6', '', '6', 'sys_oper_type', '', 'warning', 'N', '0', 'admin', '2018-03-16 11:33:00', 'ry', '2018-03-16 11:33:00', '');
INSERT INTO `sys_dict_data` VALUES ('24', '7', '', '7', 'sys_oper_type', '', 'danger', 'N', '0', 'admin', '2018-03-16 11:33:00', 'ry', '2018-03-16 11:33:00', '');
INSERT INTO `sys_dict_data` VALUES ('25', '8', '', '8', 'sys_oper_type', '', 'warning', 'N', '0', 'admin', '2018-03-16 11:33:00', 'ry', '2018-03-16 11:33:00', '');
INSERT INTO `sys_dict_data` VALUES ('26', '9', '', '9', 'sys_oper_type', '', 'danger', 'N', '0', 'admin', '2018-03-16 11:33:00', 'ry', '2018-03-16 11:33:00', '');
INSERT INTO `sys_dict_data` VALUES ('27', '1', '', '0', 'sys_common_status', '', 'primary', 'N', '0', 'admin', '2018-03-16 11:33:00', 'ry', '2018-03-16 11:33:00', '');
INSERT INTO `sys_dict_data` VALUES ('28', '2', '', '1', 'sys_common_status', '', 'danger', 'N', '0', 'admin', '2018-03-16 11:33:00', 'ry', '2018-03-16 11:33:00', '');
INSERT INTO `sys_dict_data` VALUES ('100', '1', '', 'leave', 'biz_leave_type', '', 'success', 'Y', '0', 'admin', '2020-02-28 21:27:30', 'admin', '2020-03-27 22:38:19', '');
INSERT INTO `sys_dict_data` VALUES ('101', '2', '', 'leaveCounterSign', 'biz_leave_type', '', 'warning', 'Y', '0', 'admin', '2020-02-28 21:27:58', 'admin', '2020-03-27 22:38:10', '');

-- ----------------------------
-- Table structure for sys_dict_type
-- ----------------------------
DROP TABLE IF EXISTS `sys_dict_type`;
CREATE TABLE `sys_dict_type` (
  `dict_id` bigint(20) NOT NULL AUTO_INCREMENT COMMENT '',
  `dict_name` varchar(100) DEFAULT '' COMMENT '',
  `dict_type` varchar(100) DEFAULT '' COMMENT '',
  `status` char(1) DEFAULT '0' COMMENT '0 1',
  `create_by` varchar(64) DEFAULT '' COMMENT '',
  `create_time` datetime DEFAULT NULL COMMENT '',
  `update_by` varchar(64) DEFAULT '' COMMENT '',
  `update_time` datetime DEFAULT NULL COMMENT '',
  `remark` varchar(500) DEFAULT NULL COMMENT '',
  PRIMARY KEY (`dict_id`),
  UNIQUE KEY `dict_type` (`dict_type`)
) ENGINE=InnoDB AUTO_INCREMENT=101 DEFAULT CHARSET=utf8 COMMENT='';

-- ----------------------------
-- Records of sys_dict_type
-- ----------------------------
INSERT INTO `sys_dict_type` VALUES ('1', '', 'sys_user_sex', '0', 'admin', '2018-03-16 11:33:00', 'ry', '2018-03-16 11:33:00', '');
INSERT INTO `sys_dict_type` VALUES ('2', '', 'sys_show_hide', '0', 'admin', '2018-03-16 11:33:00', 'ry', '2018-03-16 11:33:00', '');
INSERT INTO `sys_dict_type` VALUES ('3', '', 'sys_normal_disable', '0', 'admin', '2018-03-16 11:33:00', 'ry', '2018-03-16 11:33:00', '');
INSERT INTO `sys_dict_type` VALUES ('4', '', 'sys_job_status', '0', 'admin', '2018-03-16 11:33:00', 'ry', '2018-03-16 11:33:00', '');
INSERT INTO `sys_dict_type` VALUES ('5', '', 'sys_job_group', '0', 'admin', '2018-03-16 11:33:00', 'ry', '2018-03-16 11:33:00', '');
INSERT INTO `sys_dict_type` VALUES ('6', '', 'sys_yes_no', '0', 'admin', '2018-03-16 11:33:00', 'ry', '2018-03-16 11:33:00', '');
INSERT INTO `sys_dict_type` VALUES ('7', '', 'sys_notice_type', '0', 'admin', '2018-03-16 11:33:00', 'ry', '2018-03-16 11:33:00', '');
INSERT INTO `sys_dict_type` VALUES ('8', '', 'sys_notice_status', '0', 'admin', '2018-03-16 11:33:00', 'ry', '2018-03-16 11:33:00', '');
INSERT INTO `sys_dict_type` VALUES ('9', '', 'sys_oper_type', '0', 'admin', '2018-03-16 11:33:00', 'ry', '2018-03-16 11:33:00', '');
INSERT INTO `sys_dict_type` VALUES ('10', '', 'sys_common_status', '0', 'admin', '2018-03-16 11:33:00', 'ry', '2018-03-16 11:33:00', '');
INSERT INTO `sys_dict_type` VALUES ('100', '', 'biz_leave_type', '0', 'admin', '2020-02-28 21:25:16', '', null, null);

-- ----------------------------
-- Table structure for sys_job
-- ----------------------------
DROP TABLE IF EXISTS `sys_job`;
CREATE TABLE `sys_job` (
  `job_id` bigint(20) NOT NULL AUTO_INCREMENT COMMENT 'ID',
  `job_name` varchar(64) NOT NULL DEFAULT '' COMMENT '',
  `job_group` varchar(64) NOT NULL DEFAULT 'DEFAULT' COMMENT '',
  `invoke_target` varchar(500) NOT NULL COMMENT '',
  `cron_expression` varchar(255) DEFAULT '' COMMENT 'cron',
  `misfire_policy` varchar(20) DEFAULT '3' COMMENT '1 2 3',
  `concurrent` char(1) DEFAULT '1' COMMENT '0 1',
  `status` char(1) DEFAULT '0' COMMENT '0 1',
  `create_by` varchar(64) DEFAULT '' COMMENT '',
  `create_time` datetime DEFAULT NULL COMMENT '',
  `update_by` varchar(64) DEFAULT '' COMMENT '',
  `update_time` datetime DEFAULT NULL COMMENT '',
  `remark` varchar(500) DEFAULT '' COMMENT '',
  PRIMARY KEY (`job_id`,`job_name`,`job_group`)
) ENGINE=InnoDB AUTO_INCREMENT=4 DEFAULT CHARSET=utf8 COMMENT='';

-- ----------------------------
-- Records of sys_job
-- ----------------------------
INSERT INTO `sys_job` VALUES ('1', '', 'DEFAULT', 'ryTask.ryNoParams', '0/10 * * * * ?', '3', '1', '1', 'admin', '2018-03-16 11:33:00', 'ry', '2018-03-16 11:33:00', '');
INSERT INTO `sys_job` VALUES ('2', '', 'DEFAULT', 'ryTask.ryParams(\'ry\')', '0/15 * * * * ?', '3', '1', '1', 'admin', '2018-03-16 11:33:00', 'ry', '2018-03-16 11:33:00', '');
INSERT INTO `sys_job` VALUES ('3', '', 'DEFAULT', 'ryTask.ryMultipleParams(\'ry\', true, 2000L, 316.50D, 100)', '0/20 * * * * ?', '3', '1', '1', 'admin', '2018-03-16 11:33:00', 'ry', '2018-03-16 11:33:00', '');

-- ----------------------------
-- Table structure for sys_job_log
-- ----------------------------
DROP TABLE IF EXISTS `sys_job_log`;
CREATE TABLE `sys_job_log` (
  `job_log_id` bigint(20) NOT NULL AUTO_INCREMENT COMMENT 'ID',
  `job_name` varchar(64) NOT NULL COMMENT '',
  `job_group` varchar(64) NOT NULL COMMENT '',
  `invoke_target` varchar(500) NOT NULL COMMENT '',
  `job_message` varchar(500) DEFAULT NULL COMMENT '',
  `status` char(1) DEFAULT '0' COMMENT '0 1',
  `exception_info` varchar(2000) DEFAULT '' COMMENT '',
  `create_time` datetime DEFAULT NULL COMMENT '',
  PRIMARY KEY (`job_log_id`)
) ENGINE=InnoDB DEFAULT CHARSET=utf8 COMMENT='';

-- ----------------------------
-- Records of sys_job_log
-- ----------------------------

-- ----------------------------
-- Table structure for sys_logininfor
-- ----------------------------
DROP TABLE IF EXISTS `sys_logininfor`;
CREATE TABLE `sys_logininfor` (
  `info_id` bigint(20) NOT NULL AUTO_INCREMENT COMMENT 'ID',
  `login_name` varchar(50) DEFAULT '' COMMENT '',
  `ipaddr` varchar(50) DEFAULT '' COMMENT 'IP',
  `login_location` varchar(255) DEFAULT '' COMMENT '',
  `browser` varchar(50) DEFAULT '' COMMENT '',
  `os` varchar(50) DEFAULT '' COMMENT '',
  `status` char(1) DEFAULT '0' COMMENT '0 1',
  `msg` varchar(255) DEFAULT '' COMMENT '',
  `login_time` datetime DEFAULT NULL COMMENT '',
  PRIMARY KEY (`info_id`)
) ENGINE=InnoDB AUTO_INCREMENT=8 DEFAULT CHARSET=utf8 COMMENT='';

-- ----------------------------
-- Records of sys_logininfor
-- ----------------------------
INSERT INTO `sys_logininfor` VALUES ('1', 'admin', '172.30.12.226', 'IP', 'Chrome', 'Windows 8.1', '0', '', '2020-08-20 16:37:39');
INSERT INTO `sys_logininfor` VALUES ('2', 'admin', '172.30.12.226', 'IP', 'Chrome', 'Windows 8.1', '0', '', '2020-08-20 16:50:37');
INSERT INTO `sys_logininfor` VALUES ('3', 'admin', '172.30.12.226', 'IP', 'Chrome', 'Windows 8.1', '0', '', '2020-08-20 16:52:17');
INSERT INTO `sys_logininfor` VALUES ('4', 'admin', '172.30.12.226', 'IP', 'Chrome', 'Windows 8.1', '0', '', '2020-08-20 17:11:35');
INSERT INTO `sys_logininfor` VALUES ('5', 'admin', '172.30.202.19', 'IP', 'Chrome', 'Windows 8.1', '0', '', '2020-08-20 17:20:44');
INSERT INTO `sys_logininfor` VALUES ('6', 'admin', '172.30.202.19', 'IP', 'Chrome', 'Windows 8.1', '0', '', '2020-08-20 17:28:09');
INSERT INTO `sys_logininfor` VALUES ('7', 'admin', '172.30.202.19', 'IP', 'Chrome', 'Windows 8.1', '0', '', '2020-08-20 17:31:32');

-- ----------------------------
-- Table structure for sys_menu
-- ----------------------------
DROP TABLE IF EXISTS `sys_menu`;
CREATE TABLE `sys_menu` (
  `menu_id` bigint(20) NOT NULL AUTO_INCREMENT COMMENT 'ID',
  `menu_name` varchar(50) NOT NULL COMMENT '',
  `parent_id` bigint(20) DEFAULT '0' COMMENT 'ID',
  `order_num` int(4) DEFAULT '0' COMMENT '',
  `url` varchar(200) DEFAULT '#' COMMENT '',
  `target` varchar(20) DEFAULT '' COMMENT 'menuItem menuBlank',
  `menu_type` char(1) DEFAULT '' COMMENT 'M C F',
  `visible` char(1) DEFAULT '0' COMMENT '0 1',
  `perms` varchar(100) DEFAULT NULL COMMENT '',
  `icon` varchar(100) DEFAULT '#' COMMENT '',
  `create_by` varchar(64) DEFAULT '' COMMENT '',
  `create_time` datetime DEFAULT NULL COMMENT '',
  `update_by` varchar(64) DEFAULT '' COMMENT '',
  `update_time` datetime DEFAULT NULL COMMENT '',
  `remark` varchar(500) DEFAULT '' COMMENT '',
  PRIMARY KEY (`menu_id`)
) ENGINE=InnoDB AUTO_INCREMENT=2020 DEFAULT CHARSET=utf8 COMMENT='';

-- ----------------------------
-- Records of sys_menu
-- ----------------------------
INSERT INTO `sys_menu` VALUES ('1', '', '0', '3', '#', 'menuItem', 'M', '0', '', 'fa fa-gear', 'admin', '2018-03-16 11:33:00', 'admin', '2020-08-20 16:42:58', '');
INSERT INTO `sys_menu` VALUES ('2', '', '0', '4', '#', 'menuItem', 'M', '0', '', 'fa fa-video-camera', 'admin', '2018-03-16 11:33:00', 'admin', '2020-08-20 16:43:07', '');
INSERT INTO `sys_menu` VALUES ('3', '', '0', '5', '#', 'menuItem', 'M', '0', '', 'fa fa-bars', 'admin', '2018-03-16 11:33:00', 'admin', '2020-08-20 16:43:17', '');
INSERT INTO `sys_menu` VALUES ('100', '', '1', '1', '/system/user', '', 'C', '0', 'system:user:view', '#', 'admin', '2018-03-16 11:33:00', 'ry', '2018-03-16 11:33:00', '');
INSERT INTO `sys_menu` VALUES ('101', '', '1', '2', '/system/role', '', 'C', '0', 'system:role:view', '#', 'admin', '2018-03-16 11:33:00', 'ry', '2018-03-16 11:33:00', '');
INSERT INTO `sys_menu` VALUES ('102', '', '1', '3', '/system/menu', '', 'C', '0', 'system:menu:view', '#', 'admin', '2018-03-16 11:33:00', 'ry', '2018-03-16 11:33:00', '');
INSERT INTO `sys_menu` VALUES ('103', '', '1', '4', '/system/dept', 'menuItem', 'C', '0', 'system:dept:view', '#', 'admin', '2018-03-16 11:33:00', 'admin', '2020-08-20 16:41:54', '');
INSERT INTO `sys_menu` VALUES ('104', '', '1', '5', '/system/post', '', 'C', '0', 'system:post:view', '#', 'admin', '2018-03-16 11:33:00', 'ry', '2018-03-16 11:33:00', '');
INSERT INTO `sys_menu` VALUES ('105', '', '1', '6', '/system/dict', '', 'C', '0', 'system:dict:view', '#', 'admin', '2018-03-16 11:33:00', 'ry', '2018-03-16 11:33:00', '');
INSERT INTO `sys_menu` VALUES ('106', '', '1', '7', '/system/config', '', 'C', '0', 'system:config:view', '#', 'admin', '2018-03-16 11:33:00', 'ry', '2018-03-16 11:33:00', '');
INSERT INTO `sys_menu` VALUES ('107', '', '1', '8', '/system/notice', '', 'C', '0', 'system:notice:view', '#', 'admin', '2018-03-16 11:33:00', 'ry', '2018-03-16 11:33:00', '');
INSERT INTO `sys_menu` VALUES ('108', '', '1', '9', '#', '', 'M', '0', '', '#', 'admin', '2018-03-16 11:33:00', 'ry', '2018-03-16 11:33:00', '');
INSERT INTO `sys_menu` VALUES ('109', '', '2', '1', '/monitor/online', '', 'C', '0', 'monitor:online:view', '#', 'admin', '2018-03-16 11:33:00', 'ry', '2018-03-16 11:33:00', '');
INSERT INTO `sys_menu` VALUES ('110', '', '2', '2', '/monitor/job', '', 'C', '0', 'monitor:job:view', '#', 'admin', '2018-03-16 11:33:00', 'ry', '2018-03-16 11:33:00', '');
INSERT INTO `sys_menu` VALUES ('111', '', '2', '3', '/monitor/data', '', 'C', '0', 'monitor:data:view', '#', 'admin', '2018-03-16 11:33:00', 'ry', '2018-03-16 11:33:00', '');
INSERT INTO `sys_menu` VALUES ('112', '', '2', '3', '/monitor/server', '', 'C', '0', 'monitor:server:view', '#', 'admin', '2018-03-16 11:33:00', 'ry', '2018-03-16 11:33:00', '');
INSERT INTO `sys_menu` VALUES ('113', '', '3', '1', '/tool/build', '', 'C', '0', 'tool:build:view', '#', 'admin', '2018-03-16 11:33:00', 'ry', '2018-03-16 11:33:00', '');
INSERT INTO `sys_menu` VALUES ('114', '', '3', '2', '/tool/gen', '', 'C', '0', 'tool:gen:view', '#', 'admin', '2018-03-16 11:33:00', 'ry', '2018-03-16 11:33:00', '');
INSERT INTO `sys_menu` VALUES ('115', '', '3', '3', '/tool/swagger', '', 'C', '0', 'tool:swagger:view', '#', 'admin', '2018-03-16 11:33:00', 'ry', '2018-03-16 11:33:00', '');
INSERT INTO `sys_menu` VALUES ('500', '', '108', '1', '/monitor/operlog', '', 'C', '0', 'monitor:operlog:view', '#', 'admin', '2018-03-16 11:33:00', 'ry', '2018-03-16 11:33:00', '');
INSERT INTO `sys_menu` VALUES ('501', '', '108', '2', '/monitor/logininfor', '', 'C', '0', 'monitor:logininfor:view', '#', 'admin', '2018-03-16 11:33:00', 'ry', '2018-03-16 11:33:00', '');
INSERT INTO `sys_menu` VALUES ('1000', '', '100', '1', '#', '', 'F', '0', 'system:user:list', '#', 'admin', '2018-03-16 11:33:00', 'ry', '2018-03-16 11:33:00', '');
INSERT INTO `sys_menu` VALUES ('1001', '', '100', '2', '#', '', 'F', '0', 'system:user:add', '#', 'admin', '2018-03-16 11:33:00', 'ry', '2018-03-16 11:33:00', '');
INSERT INTO `sys_menu` VALUES ('1002', '', '100', '3', '#', '', 'F', '0', 'system:user:edit', '#', 'admin', '2018-03-16 11:33:00', 'ry', '2018-03-16 11:33:00', '');
INSERT INTO `sys_menu` VALUES ('1003', '', '100', '4', '#', '', 'F', '0', 'system:user:remove', '#', 'admin', '2018-03-16 11:33:00', 'ry', '2018-03-16 11:33:00', '');
INSERT INTO `sys_menu` VALUES ('1004', '', '100', '5', '#', '', 'F', '0', 'system:user:export', '#', 'admin', '2018-03-16 11:33:00', 'ry', '2018-03-16 11:33:00', '');
INSERT INTO `sys_menu` VALUES ('1005', '', '100', '6', '#', '', 'F', '0', 'system:user:import', '#', 'admin', '2018-03-16 11:33:00', 'ry', '2018-03-16 11:33:00', '');
INSERT INTO `sys_menu` VALUES ('1006', '', '100', '7', '#', '', 'F', '0', 'system:user:resetPwd', '#', 'admin', '2018-03-16 11:33:00', 'ry', '2018-03-16 11:33:00', '');
INSERT INTO `sys_menu` VALUES ('1007', '', '101', '1', '#', '', 'F', '0', 'system:role:list', '#', 'admin', '2018-03-16 11:33:00', 'ry', '2018-03-16 11:33:00', '');
INSERT INTO `sys_menu` VALUES ('1008', '', '101', '2', '#', '', 'F', '0', 'system:role:add', '#', 'admin', '2018-03-16 11:33:00', 'ry', '2018-03-16 11:33:00', '');
INSERT INTO `sys_menu` VALUES ('1009', '', '101', '3', '#', '', 'F', '0', 'system:role:edit', '#', 'admin', '2018-03-16 11:33:00', 'ry', '2018-03-16 11:33:00', '');
INSERT INTO `sys_menu` VALUES ('1010', '', '101', '4', '#', '', 'F', '0', 'system:role:remove', '#', 'admin', '2018-03-16 11:33:00', 'ry', '2018-03-16 11:33:00', '');
INSERT INTO `sys_menu` VALUES ('1011', '', '101', '5', '#', '', 'F', '0', 'system:role:export', '#', 'admin', '2018-03-16 11:33:00', 'ry', '2018-03-16 11:33:00', '');
INSERT INTO `sys_menu` VALUES ('1012', '', '102', '1', '#', '', 'F', '0', 'system:menu:list', '#', 'admin', '2018-03-16 11:33:00', 'ry', '2018-03-16 11:33:00', '');
INSERT INTO `sys_menu` VALUES ('1013', '', '102', '2', '#', '', 'F', '0', 'system:menu:add', '#', 'admin', '2018-03-16 11:33:00', 'ry', '2018-03-16 11:33:00', '');
INSERT INTO `sys_menu` VALUES ('1014', '', '102', '3', '#', '', 'F', '0', 'system:menu:edit', '#', 'admin', '2018-03-16 11:33:00', 'ry', '2018-03-16 11:33:00', '');
INSERT INTO `sys_menu` VALUES ('1015', '', '102', '4', '#', '', 'F', '0', 'system:menu:remove', '#', 'admin', '2018-03-16 11:33:00', 'ry', '2018-03-16 11:33:00', '');
INSERT INTO `sys_menu` VALUES ('1016', '', '103', '1', '#', '', 'F', '0', 'system:dept:list', '#', 'admin', '2018-03-16 11:33:00', 'ry', '2018-03-16 11:33:00', '');
INSERT INTO `sys_menu` VALUES ('1017', '', '103', '2', '#', '', 'F', '0', 'system:dept:add', '#', 'admin', '2018-03-16 11:33:00', 'ry', '2018-03-16 11:33:00', '');
INSERT INTO `sys_menu` VALUES ('1018', '', '103', '3', '#', '', 'F', '0', 'system:dept:edit', '#', 'admin', '2018-03-16 11:33:00', 'ry', '2018-03-16 11:33:00', '');
INSERT INTO `sys_menu` VALUES ('1019', '', '103', '4', '#', '', 'F', '0', 'system:dept:remove', '#', 'admin', '2018-03-16 11:33:00', 'ry', '2018-03-16 11:33:00', '');
INSERT INTO `sys_menu` VALUES ('1020', '', '104', '1', '#', '', 'F', '0', 'system:post:list', '#', 'admin', '2018-03-16 11:33:00', 'ry', '2018-03-16 11:33:00', '');
INSERT INTO `sys_menu` VALUES ('1021', '', '104', '2', '#', '', 'F', '0', 'system:post:add', '#', 'admin', '2018-03-16 11:33:00', 'ry', '2018-03-16 11:33:00', '');
INSERT INTO `sys_menu` VALUES ('1022', '', '104', '3', '#', '', 'F', '0', 'system:post:edit', '#', 'admin', '2018-03-16 11:33:00', 'ry', '2018-03-16 11:33:00', '');
INSERT INTO `sys_menu` VALUES ('1023', '', '104', '4', '#', '', 'F', '0', 'system:post:remove', '#', 'admin', '2018-03-16 11:33:00', 'ry', '2018-03-16 11:33:00', '');
INSERT INTO `sys_menu` VALUES ('1024', '', '104', '5', '#', '', 'F', '0', 'system:post:export', '#', 'admin', '2018-03-16 11:33:00', 'ry', '2018-03-16 11:33:00', '');
INSERT INTO `sys_menu` VALUES ('1025', '', '105', '1', '#', '', 'F', '0', 'system:dict:list', '#', 'admin', '2018-03-16 11:33:00', 'ry', '2018-03-16 11:33:00', '');
INSERT INTO `sys_menu` VALUES ('1026', '', '105', '2', '#', '', 'F', '0', 'system:dict:add', '#', 'admin', '2018-03-16 11:33:00', 'ry', '2018-03-16 11:33:00', '');
INSERT INTO `sys_menu` VALUES ('1027', '', '105', '3', '#', '', 'F', '0', 'system:dict:edit', '#', 'admin', '2018-03-16 11:33:00', 'ry', '2018-03-16 11:33:00', '');
INSERT INTO `sys_menu` VALUES ('1028', '', '105', '4', '#', '', 'F', '0', 'system:dict:remove', '#', 'admin', '2018-03-16 11:33:00', 'ry', '2018-03-16 11:33:00', '');
INSERT INTO `sys_menu` VALUES ('1029', '', '105', '5', '#', '', 'F', '0', 'system:dict:export', '#', 'admin', '2018-03-16 11:33:00', 'ry', '2018-03-16 11:33:00', '');
INSERT INTO `sys_menu` VALUES ('1030', '', '106', '1', '#', '', 'F', '0', 'system:config:list', '#', 'admin', '2018-03-16 11:33:00', 'ry', '2018-03-16 11:33:00', '');
INSERT INTO `sys_menu` VALUES ('1031', '', '106', '2', '#', '', 'F', '0', 'system:config:add', '#', 'admin', '2018-03-16 11:33:00', 'ry', '2018-03-16 11:33:00', '');
INSERT INTO `sys_menu` VALUES ('1032', '', '106', '3', '#', '', 'F', '0', 'system:config:edit', '#', 'admin', '2018-03-16 11:33:00', 'ry', '2018-03-16 11:33:00', '');
INSERT INTO `sys_menu` VALUES ('1033', '', '106', '4', '#', '', 'F', '0', 'system:config:remove', '#', 'admin', '2018-03-16 11:33:00', 'ry', '2018-03-16 11:33:00', '');
INSERT INTO `sys_menu` VALUES ('1034', '', '106', '5', '#', '', 'F', '0', 'system:config:export', '#', 'admin', '2018-03-16 11:33:00', 'ry', '2018-03-16 11:33:00', '');
INSERT INTO `sys_menu` VALUES ('1035', '', '107', '1', '#', '', 'F', '0', 'system:notice:list', '#', 'admin', '2018-03-16 11:33:00', 'ry', '2018-03-16 11:33:00', '');
INSERT INTO `sys_menu` VALUES ('1036', '', '107', '2', '#', '', 'F', '0', 'system:notice:add', '#', 'admin', '2018-03-16 11:33:00', 'ry', '2018-03-16 11:33:00', '');
INSERT INTO `sys_menu` VALUES ('1037', '', '107', '3', '#', '', 'F', '0', 'system:notice:edit', '#', 'admin', '2018-03-16 11:33:00', 'ry', '2018-03-16 11:33:00', '');
INSERT INTO `sys_menu` VALUES ('1038', '', '107', '4', '#', '', 'F', '0', 'system:notice:remove', '#', 'admin', '2018-03-16 11:33:00', 'ry', '2018-03-16 11:33:00', '');
INSERT INTO `sys_menu` VALUES ('1039', '', '500', '1', '#', '', 'F', '0', 'monitor:operlog:list', '#', 'admin', '2018-03-16 11:33:00', 'ry', '2018-03-16 11:33:00', '');
INSERT INTO `sys_menu` VALUES ('1040', '', '500', '2', '#', '', 'F', '0', 'monitor:operlog:remove', '#', 'admin', '2018-03-16 11:33:00', 'ry', '2018-03-16 11:33:00', '');
INSERT INTO `sys_menu` VALUES ('1041', '', '500', '3', '#', '', 'F', '0', 'monitor:operlog:detail', '#', 'admin', '2018-03-16 11:33:00', 'ry', '2018-03-16 11:33:00', '');
INSERT INTO `sys_menu` VALUES ('1042', '', '500', '4', '#', '', 'F', '0', 'monitor:operlog:export', '#', 'admin', '2018-03-16 11:33:00', 'ry', '2018-03-16 11:33:00', '');
INSERT INTO `sys_menu` VALUES ('1043', '', '501', '1', '#', '', 'F', '0', 'monitor:logininfor:list', '#', 'admin', '2018-03-16 11:33:00', 'ry', '2018-03-16 11:33:00', '');
INSERT INTO `sys_menu` VALUES ('1044', '', '501', '2', '#', '', 'F', '0', 'monitor:logininfor:remove', '#', 'admin', '2018-03-16 11:33:00', 'ry', '2018-03-16 11:33:00', '');
INSERT INTO `sys_menu` VALUES ('1045', '', '501', '3', '#', '', 'F', '0', 'monitor:logininfor:export', '#', 'admin', '2018-03-16 11:33:00', 'ry', '2018-03-16 11:33:00', '');
INSERT INTO `sys_menu` VALUES ('1046', '', '501', '4', '#', '', 'F', '0', 'monitor:logininfor:unlock', '#', 'admin', '2018-03-16 11:33:00', 'ry', '2018-03-16 11:33:00', '');
INSERT INTO `sys_menu` VALUES ('1047', '', '109', '1', '#', '', 'F', '0', 'monitor:online:list', '#', 'admin', '2018-03-16 11:33:00', 'ry', '2018-03-16 11:33:00', '');
INSERT INTO `sys_menu` VALUES ('1048', '', '109', '2', '#', '', 'F', '0', 'monitor:online:batchForceLogout', '#', 'admin', '2018-03-16 11:33:00', 'ry', '2018-03-16 11:33:00', '');
INSERT INTO `sys_menu` VALUES ('1049', '', '109', '3', '#', '', 'F', '0', 'monitor:online:forceLogout', '#', 'admin', '2018-03-16 11:33:00', 'ry', '2018-03-16 11:33:00', '');
INSERT INTO `sys_menu` VALUES ('1050', '', '110', '1', '#', '', 'F', '0', 'monitor:job:list', '#', 'admin', '2018-03-16 11:33:00', 'ry', '2018-03-16 11:33:00', '');
INSERT INTO `sys_menu` VALUES ('1051', '', '110', '2', '#', '', 'F', '0', 'monitor:job:add', '#', 'admin', '2018-03-16 11:33:00', 'ry', '2018-03-16 11:33:00', '');
INSERT INTO `sys_menu` VALUES ('1052', '', '110', '3', '#', '', 'F', '0', 'monitor:job:edit', '#', 'admin', '2018-03-16 11:33:00', 'ry', '2018-03-16 11:33:00', '');
INSERT INTO `sys_menu` VALUES ('1053', '', '110', '4', '#', '', 'F', '0', 'monitor:job:remove', '#', 'admin', '2018-03-16 11:33:00', 'ry', '2018-03-16 11:33:00', '');
INSERT INTO `sys_menu` VALUES ('1054', '', '110', '5', '#', '', 'F', '0', 'monitor:job:changeStatus', '#', 'admin', '2018-03-16 11:33:00', 'ry', '2018-03-16 11:33:00', '');
INSERT INTO `sys_menu` VALUES ('1055', '', '110', '6', '#', '', 'F', '0', 'monitor:job:detail', '#', 'admin', '2018-03-16 11:33:00', 'ry', '2018-03-16 11:33:00', '');
INSERT INTO `sys_menu` VALUES ('1056', '', '110', '7', '#', '', 'F', '0', 'monitor:job:export', '#', 'admin', '2018-03-16 11:33:00', 'ry', '2018-03-16 11:33:00', '');
INSERT INTO `sys_menu` VALUES ('1057', '', '114', '1', '#', '', 'F', '0', 'tool:gen:list', '#', 'admin', '2018-03-16 11:33:00', 'ry', '2018-03-16 11:33:00', '');
INSERT INTO `sys_menu` VALUES ('1058', '', '114', '2', '#', '', 'F', '0', 'tool:gen:edit', '#', 'admin', '2018-03-16 11:33:00', 'ry', '2018-03-16 11:33:00', '');
INSERT INTO `sys_menu` VALUES ('1059', '', '114', '3', '#', '', 'F', '0', 'tool:gen:remove', '#', 'admin', '2018-03-16 11:33:00', 'ry', '2018-03-16 11:33:00', '');
INSERT INTO `sys_menu` VALUES ('1060', '', '114', '4', '#', '', 'F', '0', 'tool:gen:preview', '#', 'admin', '2018-03-16 11:33:00', 'ry', '2018-03-16 11:33:00', '');
INSERT INTO `sys_menu` VALUES ('1061', '', '114', '5', '#', '', 'F', '0', 'tool:gen:code', '#', 'admin', '2018-03-16 11:33:00', 'ry', '2018-03-16 11:33:00', '');
INSERT INTO `sys_menu` VALUES ('2000', '', '0', '1', '#', 'menuItem', 'M', '0', '', 'fa fa-cogs', 'admin', '2020-02-25 21:00:54', 'admin', '2020-08-20 16:42:13', '');
INSERT INTO `sys_menu` VALUES ('2001', '', '2000', '1', '/modeler/modelList', 'menuItem', 'C', '0', '', '#', 'admin', '2020-02-25 21:04:53', 'admin', '2020-02-25 21:40:37', '');
INSERT INTO `sys_menu` VALUES ('2002', '', '2000', '2', '/definition', 'menuItem', 'C', '0', null, '#', 'admin', '2020-02-26 22:00:43', '', null, '');
INSERT INTO `sys_menu` VALUES ('2003', '', '2000', '3', '/user', 'menuItem', 'C', '0', null, '#', 'admin', '2020-02-27 20:21:42', '', null, '');
INSERT INTO `sys_menu` VALUES ('2004', '', '2000', '4', '/group', 'menuItem', 'C', '0', null, '#', 'admin', '2020-02-27 20:22:58', '', null, '');
INSERT INTO `sys_menu` VALUES ('2005', '', '0', '1', '#', 'menuItem', 'M', '0', '', 'fa fa-send', 'admin', '2020-02-28 20:34:58', 'admin', '2020-08-20 16:42:28', '');
INSERT INTO `sys_menu` VALUES ('2006', '', '2005', '1', '/leave', 'menuItem', 'C', '0', '', '#', 'admin', '2020-02-28 20:36:16', 'admin', '2020-03-27 21:47:22', '');
INSERT INTO `sys_menu` VALUES ('2007', '', '2005', '2', '/leave/leaveTodo', 'menuItem', 'C', '0', '', '#', 'admin', '2020-02-28 20:42:26', 'admin', '2020-02-28 21:50:48', '');
INSERT INTO `sys_menu` VALUES ('2008', '', '2005', '3', '/leave/leaveDone', 'menuItem', 'C', '0', '', '#', 'admin', '2020-02-28 20:43:18', 'admin', '2020-02-28 21:50:58', '');
INSERT INTO `sys_menu` VALUES ('2009', '', '0', '2', '#', 'menuItem', 'M', '0', '', 'fa fa-book', 'admin', '2020-03-25 20:11:55', 'admin', '2020-08-20 16:42:46', '');
INSERT INTO `sys_menu` VALUES ('2010', '', '2009', '1', '/todoitem', 'menuItem', 'C', '0', null, '#', 'admin', '2020-03-25 20:13:40', '', null, '');
INSERT INTO `sys_menu` VALUES ('2011', '', '2009', '2', '/todoitem/doneitemView', 'menuItem', 'C', '0', null, '#', 'admin', '2020-03-25 20:15:40', '', null, '');
INSERT INTO `sys_menu` VALUES ('2012', '', '0', '1', '#', 'menuItem', 'M', '0', '', 'fa fa-commenting', 'admin', '2020-03-27 21:41:00', 'admin', '2020-08-20 16:42:35', '');
INSERT INTO `sys_menu` VALUES ('2013', '', '2012', '1', '/leaveCounterSign', 'menuItem', 'C', '0', '', '#', 'admin', '2020-03-27 21:41:30', 'admin', '2020-03-27 21:47:13', '');
INSERT INTO `sys_menu` VALUES ('2014', '', '2012', '2', '/leaveCounterSign/leaveTodo', 'menuItem', 'C', '0', null, '#', 'admin', '2020-03-27 21:42:38', '', null, '');
INSERT INTO `sys_menu` VALUES ('2015', '', '2012', '3', '/leaveCounterSign/leaveDone', 'menuItem', 'C', '0', null, '#', 'admin', '2020-03-27 21:43:01', '', null, '');

-- ----------------------------
-- Table structure for sys_notice
-- ----------------------------
DROP TABLE IF EXISTS `sys_notice`;
CREATE TABLE `sys_notice` (
  `notice_id` int(4) NOT NULL AUTO_INCREMENT COMMENT 'ID',
  `notice_title` varchar(50) NOT NULL COMMENT '',
  `notice_type` char(1) NOT NULL COMMENT '1 2',
  `notice_content` varchar(2000) DEFAULT NULL COMMENT '',
  `status` char(1) DEFAULT '0' COMMENT '0 1',
  `create_by` varchar(64) DEFAULT '' COMMENT '',
  `create_time` datetime DEFAULT NULL COMMENT '',
  `update_by` varchar(64) DEFAULT '' COMMENT '',
  `update_time` datetime DEFAULT NULL COMMENT '',
  `remark` varchar(255) DEFAULT NULL COMMENT '',
  PRIMARY KEY (`notice_id`)
) ENGINE=InnoDB AUTO_INCREMENT=3 DEFAULT CHARSET=utf8 COMMENT='';

-- ----------------------------
-- Records of sys_notice
-- ----------------------------
INSERT INTO `sys_notice` VALUES ('1', '2018-07-01 ', '2', '', '0', 'admin', '2018-03-16 11:33:00', 'admin', '2020-08-19 14:14:36', '');
INSERT INTO `sys_notice` VALUES ('2', '2018-07-01 ', '1', '', '0', 'admin', '2018-03-16 11:33:00', 'admin', '2020-08-19 14:14:46', '');

-- ----------------------------
-- Table structure for sys_oper_log
-- ----------------------------
DROP TABLE IF EXISTS `sys_oper_log`;
CREATE TABLE `sys_oper_log` (
  `oper_id` bigint(20) NOT NULL AUTO_INCREMENT COMMENT '',
  `title` varchar(50) DEFAULT '' COMMENT '',
  `business_type` int(2) DEFAULT '0' COMMENT '0 1 2 3',
  `method` varchar(100) DEFAULT '' COMMENT '',
  `request_method` varchar(10) DEFAULT '' COMMENT '',
  `operator_type` int(1) DEFAULT '0' COMMENT '0 1 2',
  `oper_name` varchar(50) DEFAULT '' COMMENT '',
  `dept_name` varchar(50) DEFAULT '' COMMENT '',
  `oper_url` varchar(255) DEFAULT '' COMMENT 'URL',
  `oper_ip` varchar(50) DEFAULT '' COMMENT '',
  `oper_location` varchar(255) DEFAULT '' COMMENT '',
  `oper_param` varchar(2000) DEFAULT '' COMMENT '',
  `json_result` varchar(2000) DEFAULT '' COMMENT '',
  `status` int(1) DEFAULT '0' COMMENT '0 1',
  `error_msg` varchar(2000) DEFAULT '' COMMENT '',
  `oper_time` datetime DEFAULT NULL COMMENT '',
  PRIMARY KEY (`oper_id`)
) ENGINE=InnoDB AUTO_INCREMENT=10 DEFAULT CHARSET=utf8 COMMENT='';

-- ----------------------------
-- Records of sys_oper_log
-- ----------------------------
INSERT INTO `sys_oper_log` VALUES ('1', '', '2', 'com.ruoyi.web.controller.system.SysMenuController.editSave()', 'POST', '1', 'admin', '', '/system/menu/edit', '172.30.12.226', 'IP', '{\r\n  \"menuId\" : [ \"103\" ],\r\n  \"parentId\" : [ \"1\" ],\r\n  \"menuType\" : [ \"C\" ],\r\n  \"menuName\" : [ \"\" ],\r\n  \"url\" : [ \"/system/dept\" ],\r\n  \"target\" : [ \"menuItem\" ],\r\n  \"perms\" : [ \"system:dept:view\" ],\r\n  \"orderNum\" : [ \"4\" ],\r\n  \"icon\" : [ \"#\" ],\r\n  \"visible\" : [ \"0\" ]\r\n}', '{\r\n  \"msg\" : \"\",\r\n  \"code\" : 0\r\n}', '0', null, '2020-08-20 16:41:54');
INSERT INTO `sys_oper_log` VALUES ('2', '', '2', 'com.ruoyi.web.controller.system.SysMenuController.editSave()', 'POST', '1', 'admin', '', '/system/menu/edit', '172.30.12.226', 'IP', '{\r\n  \"menuId\" : [ \"2000\" ],\r\n  \"parentId\" : [ \"0\" ],\r\n  \"menuType\" : [ \"M\" ],\r\n  \"menuName\" : [ \"\" ],\r\n  \"url\" : [ \"#\" ],\r\n  \"target\" : [ \"menuItem\" ],\r\n  \"perms\" : [ \"\" ],\r\n  \"orderNum\" : [ \"1\" ],\r\n  \"icon\" : [ \"fa fa-cogs\" ],\r\n  \"visible\" : [ \"0\" ]\r\n}', '{\r\n  \"msg\" : \"\",\r\n  \"code\" : 0\r\n}', '0', null, '2020-08-20 16:42:13');
INSERT INTO `sys_oper_log` VALUES ('3', '', '2', 'com.ruoyi.web.controller.system.SysMenuController.editSave()', 'POST', '1', 'admin', '', '/system/menu/edit', '172.30.12.226', 'IP', '{\r\n  \"menuId\" : [ \"1\" ],\r\n  \"parentId\" : [ \"0\" ],\r\n  \"menuType\" : [ \"M\" ],\r\n  \"menuName\" : [ \"\" ],\r\n  \"url\" : [ \"#\" ],\r\n  \"target\" : [ \"menuItem\" ],\r\n  \"perms\" : [ \"\" ],\r\n  \"orderNum\" : [ \"2\" ],\r\n  \"icon\" : [ \"fa fa-gear\" ],\r\n  \"visible\" : [ \"0\" ]\r\n}', '{\r\n  \"msg\" : \"\",\r\n  \"code\" : 0\r\n}', '0', null, '2020-08-20 16:42:21');
INSERT INTO `sys_oper_log` VALUES ('4', '', '2', 'com.ruoyi.web.controller.system.SysMenuController.editSave()', 'POST', '1', 'admin', '', '/system/menu/edit', '172.30.12.226', 'IP', '{\r\n  \"menuId\" : [ \"2005\" ],\r\n  \"parentId\" : [ \"0\" ],\r\n  \"menuType\" : [ \"M\" ],\r\n  \"menuName\" : [ \"\" ],\r\n  \"url\" : [ \"#\" ],\r\n  \"target\" : [ \"menuItem\" ],\r\n  \"perms\" : [ \"\" ],\r\n  \"orderNum\" : [ \"1\" ],\r\n  \"icon\" : [ \"fa fa-send\" ],\r\n  \"visible\" : [ \"0\" ]\r\n}', '{\r\n  \"msg\" : \"\",\r\n  \"code\" : 0\r\n}', '0', null, '2020-08-20 16:42:28');
INSERT INTO `sys_oper_log` VALUES ('5', '', '2', 'com.ruoyi.web.controller.system.SysMenuController.editSave()', 'POST', '1', 'admin', '', '/system/menu/edit', '172.30.12.226', 'IP', '{\r\n  \"menuId\" : [ \"2012\" ],\r\n  \"parentId\" : [ \"0\" ],\r\n  \"menuType\" : [ \"M\" ],\r\n  \"menuName\" : [ \"\" ],\r\n  \"url\" : [ \"#\" ],\r\n  \"target\" : [ \"menuItem\" ],\r\n  \"perms\" : [ \"\" ],\r\n  \"orderNum\" : [ \"1\" ],\r\n  \"icon\" : [ \"fa fa-commenting\" ],\r\n  \"visible\" : [ \"0\" ]\r\n}', '{\r\n  \"msg\" : \"\",\r\n  \"code\" : 0\r\n}', '0', null, '2020-08-20 16:42:35');
INSERT INTO `sys_oper_log` VALUES ('6', '', '2', 'com.ruoyi.web.controller.system.SysMenuController.editSave()', 'POST', '1', 'admin', '', '/system/menu/edit', '172.30.12.226', 'IP', '{\r\n  \"menuId\" : [ \"2009\" ],\r\n  \"parentId\" : [ \"0\" ],\r\n  \"menuType\" : [ \"M\" ],\r\n  \"menuName\" : [ \"\" ],\r\n  \"url\" : [ \"#\" ],\r\n  \"target\" : [ \"menuItem\" ],\r\n  \"perms\" : [ \"\" ],\r\n  \"orderNum\" : [ \"2\" ],\r\n  \"icon\" : [ \"fa fa-book\" ],\r\n  \"visible\" : [ \"0\" ]\r\n}', '{\r\n  \"msg\" : \"\",\r\n  \"code\" : 0\r\n}', '0', null, '2020-08-20 16:42:46');
INSERT INTO `sys_oper_log` VALUES ('7', '', '2', 'com.ruoyi.web.controller.system.SysMenuController.editSave()', 'POST', '1', 'admin', '', '/system/menu/edit', '172.30.12.226', 'IP', '{\r\n  \"menuId\" : [ \"1\" ],\r\n  \"parentId\" : [ \"0\" ],\r\n  \"menuType\" : [ \"M\" ],\r\n  \"menuName\" : [ \"\" ],\r\n  \"url\" : [ \"#\" ],\r\n  \"target\" : [ \"menuItem\" ],\r\n  \"perms\" : [ \"\" ],\r\n  \"orderNum\" : [ \"3\" ],\r\n  \"icon\" : [ \"fa fa-gear\" ],\r\n  \"visible\" : [ \"0\" ]\r\n}', '{\r\n  \"msg\" : \"\",\r\n  \"code\" : 0\r\n}', '0', null, '2020-08-20 16:42:58');
INSERT INTO `sys_oper_log` VALUES ('8', '', '2', 'com.ruoyi.web.controller.system.SysMenuController.editSave()', 'POST', '1', 'admin', '', '/system/menu/edit', '172.30.12.226', 'IP', '{\r\n  \"menuId\" : [ \"2\" ],\r\n  \"parentId\" : [ \"0\" ],\r\n  \"menuType\" : [ \"M\" ],\r\n  \"menuName\" : [ \"\" ],\r\n  \"url\" : [ \"#\" ],\r\n  \"target\" : [ \"menuItem\" ],\r\n  \"perms\" : [ \"\" ],\r\n  \"orderNum\" : [ \"4\" ],\r\n  \"icon\" : [ \"fa fa-video-camera\" ],\r\n  \"visible\" : [ \"0\" ]\r\n}', '{\r\n  \"msg\" : \"\",\r\n  \"code\" : 0\r\n}', '0', null, '2020-08-20 16:43:07');
INSERT INTO `sys_oper_log` VALUES ('9', '', '2', 'com.ruoyi.web.controller.system.SysMenuController.editSave()', 'POST', '1', 'admin', '', '/system/menu/edit', '172.30.12.226', 'IP', '{\r\n  \"menuId\" : [ \"3\" ],\r\n  \"parentId\" : [ \"0\" ],\r\n  \"menuType\" : [ \"M\" ],\r\n  \"menuName\" : [ \"\" ],\r\n  \"url\" : [ \"#\" ],\r\n  \"target\" : [ \"menuItem\" ],\r\n  \"perms\" : [ \"\" ],\r\n  \"orderNum\" : [ \"5\" ],\r\n  \"icon\" : [ \"fa fa-bars\" ],\r\n  \"visible\" : [ \"0\" ]\r\n}', '{\r\n  \"msg\" : \"\",\r\n  \"code\" : 0\r\n}', '0', null, '2020-08-20 16:43:17');

-- ----------------------------
-- Table structure for sys_post
-- ----------------------------
DROP TABLE IF EXISTS `sys_post`;
CREATE TABLE `sys_post` (
  `post_id` bigint(20) NOT NULL AUTO_INCREMENT COMMENT 'ID',
  `post_code` varchar(64) NOT NULL COMMENT '',
  `post_name` varchar(50) NOT NULL COMMENT '',
  `post_sort` int(4) NOT NULL COMMENT '',
  `status` char(1) NOT NULL COMMENT '0 1',
  `create_by` varchar(64) DEFAULT '' COMMENT '',
  `create_time` datetime DEFAULT NULL COMMENT '',
  `update_by` varchar(64) DEFAULT '' COMMENT '',
  `update_time` datetime DEFAULT NULL COMMENT '',
  `remark` varchar(500) DEFAULT NULL COMMENT '',
  PRIMARY KEY (`post_id`)
) ENGINE=InnoDB AUTO_INCREMENT=5 DEFAULT CHARSET=utf8 COMMENT='';

-- ----------------------------
-- Records of sys_post
-- ----------------------------
INSERT INTO `sys_post` VALUES ('1', 'ceo', '', '1', '0', 'admin', '2018-03-16 11:33:00', 'ry', '2018-03-16 11:33:00', '');
INSERT INTO `sys_post` VALUES ('2', 'se', '', '2', '0', 'admin', '2018-03-16 11:33:00', 'ry', '2018-03-16 11:33:00', '');
INSERT INTO `sys_post` VALUES ('3', 'hr', '', '3', '0', 'admin', '2018-03-16 11:33:00', 'ry', '2018-03-16 11:33:00', '');
INSERT INTO `sys_post` VALUES ('4', 'user', '', '4', '0', 'admin', '2018-03-16 11:33:00', 'ry', '2018-03-16 11:33:00', '');

-- ----------------------------
-- Table structure for sys_role
-- ----------------------------
DROP TABLE IF EXISTS `sys_role`;
CREATE TABLE `sys_role` (
  `role_id` bigint(20) NOT NULL AUTO_INCREMENT COMMENT 'ID',
  `role_name` varchar(30) NOT NULL COMMENT '',
  `role_key` varchar(100) NOT NULL COMMENT '',
  `role_sort` int(4) NOT NULL COMMENT '',
  `data_scope` char(1) DEFAULT '1' COMMENT '1 2 3 4',
  `status` char(1) NOT NULL COMMENT '0 1',
  `del_flag` char(1) DEFAULT '0' COMMENT '0 2',
  `create_by` varchar(64) DEFAULT '' COMMENT '',
  `create_time` datetime DEFAULT NULL COMMENT '',
  `update_by` varchar(64) DEFAULT '' COMMENT '',
  `update_time` datetime DEFAULT NULL COMMENT '',
  `remark` varchar(500) DEFAULT NULL COMMENT '',
  PRIMARY KEY (`role_id`)
) ENGINE=InnoDB AUTO_INCREMENT=111 DEFAULT CHARSET=utf8 COMMENT='';

-- ----------------------------
-- Records of sys_role
-- ----------------------------
INSERT INTO `sys_role` VALUES ('1', '', 'admin', '1', '1', '0', '0', 'admin', '2018-03-16 11:33:00', 'admin', '2018-03-16 11:33:00', '');
INSERT INTO `sys_role` VALUES ('2', '', 'common', '2', '2', '0', '0', 'admin', '2018-03-16 11:33:00', 'admin', '2018-03-16 11:33:00', '');
INSERT INTO `sys_role` VALUES ('100', '', 'deptLeader', '3', '1', '0', '0', 'admin', '2020-02-27 19:37:37', 'admin', null, ' -> ');
INSERT INTO `sys_role` VALUES ('101', '', 'hr', '4', '1', '0', '0', 'admin', '2020-02-27 19:38:41', 'admin', null, ' -> ');
INSERT INTO `sys_role` VALUES ('102', '', 'processRole', '5', '1', '0', '0', 'admin', '2020-02-28 21:31:15', 'admin', '2020-08-19 11:44:18', '');
INSERT INTO `sys_role` VALUES ('110', '', 'generalManager', '7', '1', '0', '0', 'admin', '2020-04-05 18:10:13', 'admin', null, null);

-- ----------------------------
-- Table structure for sys_role_dept
-- ----------------------------
DROP TABLE IF EXISTS `sys_role_dept`;
CREATE TABLE `sys_role_dept` (
  `role_id` bigint(20) NOT NULL COMMENT 'ID',
  `dept_id` bigint(20) NOT NULL COMMENT 'ID',
  PRIMARY KEY (`role_id`,`dept_id`)
) ENGINE=InnoDB DEFAULT CHARSET=utf8 COMMENT='';

-- ----------------------------
-- Records of sys_role_dept
-- ----------------------------
INSERT INTO `sys_role_dept` VALUES ('2', '100');
INSERT INTO `sys_role_dept` VALUES ('2', '101');
INSERT INTO `sys_role_dept` VALUES ('2', '105');

-- ----------------------------
-- Table structure for sys_role_menu
-- ----------------------------
DROP TABLE IF EXISTS `sys_role_menu`;
CREATE TABLE `sys_role_menu` (
  `role_id` bigint(20) NOT NULL COMMENT 'ID',
  `menu_id` bigint(20) NOT NULL COMMENT 'ID',
  PRIMARY KEY (`role_id`,`menu_id`)
) ENGINE=InnoDB DEFAULT CHARSET=utf8 COMMENT='';

-- ----------------------------
-- Records of sys_role_menu
-- ----------------------------
INSERT INTO `sys_role_menu` VALUES ('2', '1');
INSERT INTO `sys_role_menu` VALUES ('2', '2');
INSERT INTO `sys_role_menu` VALUES ('2', '3');
INSERT INTO `sys_role_menu` VALUES ('2', '100');
INSERT INTO `sys_role_menu` VALUES ('2', '101');
INSERT INTO `sys_role_menu` VALUES ('2', '102');
INSERT INTO `sys_role_menu` VALUES ('2', '103');
INSERT INTO `sys_role_menu` VALUES ('2', '104');
INSERT INTO `sys_role_menu` VALUES ('2', '105');
INSERT INTO `sys_role_menu` VALUES ('2', '106');
INSERT INTO `sys_role_menu` VALUES ('2', '107');
INSERT INTO `sys_role_menu` VALUES ('2', '108');
INSERT INTO `sys_role_menu` VALUES ('2', '109');
INSERT INTO `sys_role_menu` VALUES ('2', '110');
INSERT INTO `sys_role_menu` VALUES ('2', '111');
INSERT INTO `sys_role_menu` VALUES ('2', '112');
INSERT INTO `sys_role_menu` VALUES ('2', '113');
INSERT INTO `sys_role_menu` VALUES ('2', '114');
INSERT INTO `sys_role_menu` VALUES ('2', '115');
INSERT INTO `sys_role_menu` VALUES ('2', '500');
INSERT INTO `sys_role_menu` VALUES ('2', '501');
INSERT INTO `sys_role_menu` VALUES ('2', '1000');
INSERT INTO `sys_role_menu` VALUES ('2', '1001');
INSERT INTO `sys_role_menu` VALUES ('2', '1002');
INSERT INTO `sys_role_menu` VALUES ('2', '1003');
INSERT INTO `sys_role_menu` VALUES ('2', '1004');
INSERT INTO `sys_role_menu` VALUES ('2', '1005');
INSERT INTO `sys_role_menu` VALUES ('2', '1006');
INSERT INTO `sys_role_menu` VALUES ('2', '1007');
INSERT INTO `sys_role_menu` VALUES ('2', '1008');
INSERT INTO `sys_role_menu` VALUES ('2', '1009');
INSERT INTO `sys_role_menu` VALUES ('2', '1010');
INSERT INTO `sys_role_menu` VALUES ('2', '1011');
INSERT INTO `sys_role_menu` VALUES ('2', '1012');
INSERT INTO `sys_role_menu` VALUES ('2', '1013');
INSERT INTO `sys_role_menu` VALUES ('2', '1014');
INSERT INTO `sys_role_menu` VALUES ('2', '1015');
INSERT INTO `sys_role_menu` VALUES ('2', '1016');
INSERT INTO `sys_role_menu` VALUES ('2', '1017');
INSERT INTO `sys_role_menu` VALUES ('2', '1018');
INSERT INTO `sys_role_menu` VALUES ('2', '1019');
INSERT INTO `sys_role_menu` VALUES ('2', '1020');
INSERT INTO `sys_role_menu` VALUES ('2', '1021');
INSERT INTO `sys_role_menu` VALUES ('2', '1022');
INSERT INTO `sys_role_menu` VALUES ('2', '1023');
INSERT INTO `sys_role_menu` VALUES ('2', '1024');
INSERT INTO `sys_role_menu` VALUES ('2', '1025');
INSERT INTO `sys_role_menu` VALUES ('2', '1026');
INSERT INTO `sys_role_menu` VALUES ('2', '1027');
INSERT INTO `sys_role_menu` VALUES ('2', '1028');
INSERT INTO `sys_role_menu` VALUES ('2', '1029');
INSERT INTO `sys_role_menu` VALUES ('2', '1030');
INSERT INTO `sys_role_menu` VALUES ('2', '1031');
INSERT INTO `sys_role_menu` VALUES ('2', '1032');
INSERT INTO `sys_role_menu` VALUES ('2', '1033');
INSERT INTO `sys_role_menu` VALUES ('2', '1034');
INSERT INTO `sys_role_menu` VALUES ('2', '1035');
INSERT INTO `sys_role_menu` VALUES ('2', '1036');
INSERT INTO `sys_role_menu` VALUES ('2', '1037');
INSERT INTO `sys_role_menu` VALUES ('2', '1038');
INSERT INTO `sys_role_menu` VALUES ('2', '1039');
INSERT INTO `sys_role_menu` VALUES ('2', '1040');
INSERT INTO `sys_role_menu` VALUES ('2', '1041');
INSERT INTO `sys_role_menu` VALUES ('2', '1042');
INSERT INTO `sys_role_menu` VALUES ('2', '1043');
INSERT INTO `sys_role_menu` VALUES ('2', '1044');
INSERT INTO `sys_role_menu` VALUES ('2', '1045');
INSERT INTO `sys_role_menu` VALUES ('2', '1046');
INSERT INTO `sys_role_menu` VALUES ('2', '1047');
INSERT INTO `sys_role_menu` VALUES ('2', '1048');
INSERT INTO `sys_role_menu` VALUES ('2', '1049');
INSERT INTO `sys_role_menu` VALUES ('2', '1050');
INSERT INTO `sys_role_menu` VALUES ('2', '1051');
INSERT INTO `sys_role_menu` VALUES ('2', '1052');
INSERT INTO `sys_role_menu` VALUES ('2', '1053');
INSERT INTO `sys_role_menu` VALUES ('2', '1054');
INSERT INTO `sys_role_menu` VALUES ('2', '1055');
INSERT INTO `sys_role_menu` VALUES ('2', '1056');
INSERT INTO `sys_role_menu` VALUES ('2', '1057');
INSERT INTO `sys_role_menu` VALUES ('2', '1058');
INSERT INTO `sys_role_menu` VALUES ('2', '1059');
INSERT INTO `sys_role_menu` VALUES ('2', '1060');
INSERT INTO `sys_role_menu` VALUES ('2', '1061');
INSERT INTO `sys_role_menu` VALUES ('102', '2005');
INSERT INTO `sys_role_menu` VALUES ('102', '2006');
INSERT INTO `sys_role_menu` VALUES ('102', '2007');
INSERT INTO `sys_role_menu` VALUES ('102', '2008');
INSERT INTO `sys_role_menu` VALUES ('102', '2009');
INSERT INTO `sys_role_menu` VALUES ('102', '2010');
INSERT INTO `sys_role_menu` VALUES ('102', '2011');
INSERT INTO `sys_role_menu` VALUES ('102', '2012');
INSERT INTO `sys_role_menu` VALUES ('102', '2013');
INSERT INTO `sys_role_menu` VALUES ('102', '2014');
INSERT INTO `sys_role_menu` VALUES ('102', '2015');

-- ----------------------------
-- Table structure for sys_user
-- ----------------------------
DROP TABLE IF EXISTS `sys_user`;
CREATE TABLE `sys_user` (
  `user_id` bigint(20) NOT NULL AUTO_INCREMENT COMMENT 'ID',
  `dept_id` bigint(20) DEFAULT NULL COMMENT 'ID',
  `login_name` varchar(30) NOT NULL COMMENT '',
  `user_name` varchar(30) NOT NULL COMMENT '',
  `user_type` varchar(2) DEFAULT '00' COMMENT '00',
  `email` varchar(50) DEFAULT '' COMMENT '',
  `phonenumber` varchar(11) DEFAULT '' COMMENT '',
  `sex` char(1) DEFAULT '0' COMMENT '0 1 2',
  `avatar` varchar(100) DEFAULT '' COMMENT '',
  `password` varchar(50) DEFAULT '' COMMENT '',
  `salt` varchar(20) DEFAULT '' COMMENT '',
  `status` char(1) DEFAULT '0' COMMENT '0 1',
  `del_flag` char(1) DEFAULT '0' COMMENT '0 2',
  `login_ip` varchar(50) DEFAULT '' COMMENT 'IP',
  `login_date` datetime DEFAULT NULL COMMENT '',
  `create_by` varchar(64) DEFAULT '' COMMENT '',
  `create_time` datetime DEFAULT NULL COMMENT '',
  `update_by` varchar(64) DEFAULT '' COMMENT '',
  `update_time` datetime DEFAULT NULL COMMENT '',
  `remark` varchar(500) DEFAULT NULL COMMENT '',
  PRIMARY KEY (`user_id`)
) ENGINE=InnoDB AUTO_INCREMENT=113 DEFAULT CHARSET=utf8 COMMENT='';

-- ----------------------------
-- Records of sys_user
-- ----------------------------
INSERT INTO `sys_user` VALUES ('1', '103', 'admin', '', '00', '123456@163.com', '15888888888', '1', '', '29c67a30398638269fe600f73a054934', '111111', '0', '0', '172.30.202.19', '2020-08-20 17:31:50', 'admin', '2018-03-16 11:33:00', 'ry', '2020-08-20 17:31:32', '');
INSERT INTO `sys_user` VALUES ('110', '105', 'yuangong', '', '00', 'yuangong@163.com', '15059400800', '0', '', '70eb902f0df3270585a30c9c126428ec', 'd394f5', '0', '0', '172.30.202.73', '2020-08-19 14:55:39', 'admin', '2020-08-19 14:27:39', 'admin', '2020-08-19 14:55:21', '');
INSERT INTO `sys_user` VALUES ('111', '105', 'lindao', '', '00', 'lindao@163.com', '15058888888', '0', '', 'd4150361fa5987502952be9e092c89aa', 'e2bc4c', '0', '0', '', null, 'admin', '2020-08-19 14:49:54', '', null, null);
INSERT INTO `sys_user` VALUES ('112', '105', 'renshi', '', '00', 'renshi@163.com', '13000000001', '0', '', 'f2479ba53ef77be7393571fd3df1b302', 'ac0932', '0', '0', '', null, 'admin', '2020-08-19 15:12:01', '', null, null);

-- ----------------------------
-- Table structure for sys_user_online
-- ----------------------------
DROP TABLE IF EXISTS `sys_user_online`;
CREATE TABLE `sys_user_online` (
  `sessionId` varchar(50) NOT NULL DEFAULT '' COMMENT 'id',
  `login_name` varchar(50) DEFAULT '' COMMENT '',
  `dept_name` varchar(50) DEFAULT '' COMMENT '',
  `ipaddr` varchar(50) DEFAULT '' COMMENT 'IP',
  `login_location` varchar(255) DEFAULT '' COMMENT '',
  `browser` varchar(50) DEFAULT '' COMMENT '',
  `os` varchar(50) DEFAULT '' COMMENT '',
  `status` varchar(10) DEFAULT '' COMMENT 'on_lineoff_line',
  `start_timestamp` datetime DEFAULT NULL COMMENT 'session',
  `last_access_time` datetime DEFAULT NULL COMMENT 'session',
  `expire_time` int(5) DEFAULT '0' COMMENT '',
  PRIMARY KEY (`sessionId`)
) ENGINE=InnoDB DEFAULT CHARSET=utf8 COMMENT='';

-- ----------------------------
-- Records of sys_user_online
-- ----------------------------
INSERT INTO `sys_user_online` VALUES ('241bc6ed-f1e2-4849-ba32-2270cc17ffbb', 'admin', '', '172.30.12.226', 'IP', 'Chrome', 'Windows 8.1', 'on_line', '2020-08-20 16:50:56', '2020-08-20 17:01:24', '1800000');
INSERT INTO `sys_user_online` VALUES ('59db8a4f-c017-4c6e-b69b-bdd8ba3a733f', 'admin', '', '172.30.202.19', 'IP', 'Chrome', 'Windows 8.1', 'on_line', '2020-08-20 17:20:57', '2020-08-20 17:32:51', '1800000');
INSERT INTO `sys_user_online` VALUES ('6a93ec10-0717-4e9d-b1ee-8687c1113dc7', 'admin', '', '172.30.202.19', 'IP', 'Chrome', 'Windows 8.1', 'on_line', '2020-08-20 17:28:16', '2020-08-20 17:31:05', '1800000');
INSERT INTO `sys_user_online` VALUES ('e1aa6d3f-c0e3-4496-a61d-ee0bd81e2cb5', 'admin', '', '172.30.12.226', 'IP', 'Chrome', 'Windows 8.1', 'on_line', '2020-08-20 17:11:28', '2020-08-20 17:13:06', '1800000');

-- ----------------------------
-- Table structure for sys_user_post
-- ----------------------------
DROP TABLE IF EXISTS `sys_user_post`;
CREATE TABLE `sys_user_post` (
  `user_id` bigint(20) NOT NULL COMMENT 'ID',
  `post_id` bigint(20) NOT NULL COMMENT 'ID',
  PRIMARY KEY (`user_id`,`post_id`)
) ENGINE=InnoDB DEFAULT CHARSET=utf8 COMMENT='';

-- ----------------------------
-- Records of sys_user_post
-- ----------------------------
INSERT INTO `sys_user_post` VALUES ('1', '1');
INSERT INTO `sys_user_post` VALUES ('2', '2');

-- ----------------------------
-- Table structure for sys_user_role
-- ----------------------------
DROP TABLE IF EXISTS `sys_user_role`;
CREATE TABLE `sys_user_role` (
  `user_id` bigint(20) NOT NULL COMMENT 'ID',
  `role_id` bigint(20) NOT NULL COMMENT 'ID',
  PRIMARY KEY (`user_id`,`role_id`)
) ENGINE=InnoDB DEFAULT CHARSET=utf8 COMMENT='';

-- ----------------------------
-- Records of sys_user_role
-- ----------------------------
INSERT INTO `sys_user_role` VALUES ('1', '1');
INSERT INTO `sys_user_role` VALUES ('110', '102');
INSERT INTO `sys_user_role` VALUES ('111', '100');
INSERT INTO `sys_user_role` VALUES ('111', '102');
INSERT INTO `sys_user_role` VALUES ('112', '101');
INSERT INTO `sys_user_role` VALUES ('112', '102');

-- ----------------------------
-- View structure for act_id_group
-- ----------------------------
DROP VIEW IF EXISTS `act_id_group`;
CREATE ALGORITHM=UNDEFINED DEFINER=`root`@`localhost` SQL SECURITY DEFINER VIEW `act_id_group` AS select `r`.`role_key` AS `ID_`,NULL AS `REV_`,`r`.`role_name` AS `NAME_`,'assignment' AS `TYPE_` from `sys_role` `r` ;

-- ----------------------------
-- View structure for act_id_membership
-- ----------------------------
DROP VIEW IF EXISTS `act_id_membership`;
CREATE ALGORITHM=UNDEFINED DEFINER=`root`@`localhost` SQL SECURITY DEFINER VIEW `act_id_membership` AS select (select `u`.`login_name` from `sys_user` `u` where (`u`.`user_id` = `ur`.`user_id`)) AS `USER_ID_`,(select `r`.`role_key` from `sys_role` `r` where (`r`.`role_id` = `ur`.`role_id`)) AS `GROUP_ID_` from `sys_user_role` `ur` ;

-- ----------------------------
-- View structure for act_id_user
-- ----------------------------
DROP VIEW IF EXISTS `act_id_user`;
CREATE ALGORITHM=UNDEFINED DEFINER=`root`@`localhost` SQL SECURITY DEFINER VIEW `act_id_user` AS select `u`.`login_name` AS `ID_`,0 AS `REV_`,`u`.`user_name` AS `FIRST_`,'' AS `LAST_`,`u`.`email` AS `EMAIL_`,`u`.`password` AS `PWD_`,'' AS `PICTURE_ID_` from `sys_user` `u` ;
